doc_id,po_number,line_no,line_action,raw_item_text,item_code_shown,material_id,substitute_material_id,qty_as_written,uom_as_written,qty_each,price_on_document,expected_net_price,currency,is_free_goods,expected_atp_outcome,expected_ship_qty
DOC-00001,4574104909,1,ORDER,MISTRAL HAIR SCALP BALANCE SERUM 50 ML,94457912,MS6060099,,2,CA,24,18.51,18.51,USD,False,FULL,24
DOC-00001,4574104909,2,ORDER,VELOUR COSMETICS BROW SCULPT PENCIL SOFT BLACK,93650068,MS4030315,,36,EA,36,10.46,10.46,USD,False,FULL,36
DOC-00001,4574104909,3,ORDER,VELOUR COSMETICS SOFT FOCUS BLUSH ROSEWOOD,64123845,MS4020174,,24,EA,24,15.07,15.07,USD,False,PARTIAL,8
DOC-00001,4574104909,4,ORDER,MISTRAL HAIR COLOUR GUARD SHAMPOO 250 ML,24710878,MS6050064,,36,EA,36,31.44,31.44,USD,False,FULL,36
DOC-00001,4574104909,5,ORDER,THORNFIELD GROOMING CEDAR SHAVE CREAM 150 ML,22976369,MS5000191,,48,EA,48,22.42,22.42,USD,False,FULL,48
DOC-00001,4574104909,6,ORDER,KŌRI BOTANICALS HINOKI CALMING TONER 100 ML,32633927,MS2040026,,12,EA,12,18.36,18.36,USD,False,FULL,12
DOC-00001,4574104909,7,ORDER,LUNE ROUGE LACQUER NAIL COLOUR 110 BALLET,87641510,MS7000295,,24,EA,24,6.26,6.26,USD,False,FULL,24
DOC-00001,4574104909,8,ORDER,MISTRAL HAIR CURL DEFINE CREAM 150 ML,85554415,MS6040043,,120,EA,120,22.74,22.74,USD,False,FULL,120
DOC-00001,4574104909,9,ORDER,EMBER & OAK BLACK TEA ROOM SPRAY 100 ML,37820354,MS8030088,,4,EA,4,25.75,25.75,USD,False,FULL,4
DOC-00001,4574104909,10,ORDER,KŌRI BOTANICALS RICE ENZYME POLISH 100 ML,22539748,MS2030164,,12,EA,12,21.81,21.81,USD,False,FULL,12
DOC-00001,4574104909,11,ORDER,ATELIER NOOR NÉROLI SOLEIL EAU DE TOILETTE 50 ML,74819756,MS3030052,,6,EA,6,53.64,53.64,USD,False,FULL,6
DOC-00001,4574104909,12,ORDER,VELOUR COSMETICS VELVET MATTE FOUNDATION 30 ML 1W IVORY,76876068,MS4010167,,48,EA,48,17.97,17.97,USD,False,FULL,48
DOC-00001,4574104909,13,ORDER,KŌRI BOTANICALS CAMELLIA BARRIER CREAM 100 ML,46836194,MS2020129,,2,CA,12,31.9,31.9,USD,False,FULL,12
DOC-00001,4574104909,14,ORDER,EMBER & OAK WILD MINT CANDLE 400 G,56815569,MS8040171,,40,EA,40,61.7,61.7,USD,False,FULL,40
DOC-00001,4574104909,15,ORDER,MISTRAL HAIR HYDRA REPAIR CONDITIONER 250 ML,92284610,MS6010029,,24,EA,24,27.84,27.84,USD,False,FULL,24
DOC-00001,4572176148,1,ORDER,VELOUR COSMETICS VELVET MATTE FOUNDATION 30 ML 2N LINEN,72654864,MS4010290,,12,EA,12,19.22,19.22,USD,False,FULL,12
DOC-00001,4572176148,2,ORDER,MISTRAL HAIR SEA SALT TEXTURE SPRAY 150 ML,81449442,MS6030079,,36,EA,36,22.8,22.8,USD,False,FULL,36
DOC-00001,4572176148,3,ORDER,ATELIER NOOR CUIR FUMÉ EXTRAIT DE PARFUM 50 ML,55659873,MS3050040,,36,EA,36,110.31,110.31,USD,False,FULL,36
DOC-00001,4572176148,4,ORDER,SOLENNE PARIS CRÈME LUMIÈRE DAY CREAM 30 ML,21571646,MS1010158,,1,CA,6,40.48,40.48,USD,False,FULL,6
DOC-00002,4558743898,1,ORDER,KŌRI BOTANICALS YUZU BRIGHTENING ESSENCE 100 ML,32099899,MS2000175,,4,CA,24,32.22,32.22,USD,False,FULL,24
DOC-00002,4558743898,2,ORDER,MISTRAL HAIR COLOUR GUARD SHAMPOO 1 L SALON,88343175,MS6050191,,6,EA,6,38.05,33.09,USD,False,FULL,6
DOC-00002,4558743898,3,ORDER,VELOUR COSMETICS SATIN LIP COLOUR 12 ROUGE VELOURS,43275109,MS4000478,,24,EA,24,12.22,12.22,USD,False,FULL,24
DOC-00002,4558743898,4,ORDER,LUNE ROUGE LACQUER NAIL COLOUR 120 MIDNIGHT,32885741,MS7000489,,120,EA,120,6.52,6.52,USD,False,BACKORDER,0
DOC-00002,4558743898,5,ORDER,LUNE ROUGE LACQUER NAIL COLOUR 123 MINT CHIP,93179531,MS7000533,,12,EA,12,6.05,6.05,USD,False,FULL,12
DOC-00002,4558743898,6,ORDER,LUNE ROUGE PRECISION LIQUID EYELINER BROWN,37365878,MS7010115,,120,EA,120,9.54,9.54,USD,False,FULL,120
DOC-00002,4558743898,7,ORDER,VELOUR COSMETICS SOFT FOCUS BLUSH ROSEWOOD,64123845,MS4020174,,12,EA,12,15.07,15.07,USD,False,PARTIAL,8
DOC-00002,4558743898,8,ORDER,ATELIER NOOR NÉROLI SOLEIL EAU DE TOILETTE 50 ML,74819756,MS3030052,,12,EA,12,53.64,53.64,USD,False,FULL,12
DOC-00002,4558743898,9,ORDER,EMBER & OAK LINEN BREEZE REED DIFFUSER 200 ML,49945150,MS8020058,,32,EA,32,63.58,63.58,USD,False,FULL,32
DOC-00002,4558743898,10,ORDER,THORNFIELD GROOMING BEARD OIL 30 ML,63873262,MS5030066,,48,EA,48,10.11,10.11,USD,False,PARTIAL,5
DOC-00002,4558743898,11,ORDER,KŌRI BOTANICALS YUZU BRIGHTENING ESSENCE 200 ML,40262109,MS2000215,,12,EA,12,50.49,50.49,USD,False,FULL,12
DOC-00002,4548249394,1,ORDER,ATELIER NOOR IRIS POUDRÉ EAU DE PARFUM 100 ML,56354851,MS3060165,,6,EA,6,111.27,111.27,USD,False,FULL,6
DOC-00002,4548249394,2,ORDER,LUNE ROUGE LACQUER NAIL COLOUR 110 BALLET,87641510,MS7000295,,72,EA,72,6.26,6.26,USD,False,FULL,72
DOC-00002,4548249394,3,ORDER,ATELIER NOOR MUSC BLANC EAU DE PARFUM 30 ML,19794273,MS3040044,,120,EA,120,49.75,49.75,USD,False,FULL,120
DOC-00002,4548249394,4,ORDER,VELOUR COSMETICS VELVET MATTE FOUNDATION 30 ML 4N HONEY,42310051,MS4010684,,36,EA,36,18.12,18.12,USD,False,FULL,36
DOC-00002,4548249394,5,ORDER,VELOUR COSMETICS SOFT FOCUS BLUSH MAUVE,63765155,MS4020252,,12,EA,12,14.19,14.19,USD,False,FULL,12
DOC-00002,4548249394,6,ORDER,SOLENNE PARIS MASQUE ÉCLAT RADIANCE MASK 75 ML,34422678,MS1060170,,2,CA,12,46.06,46.06,USD,False,BACKORDER,0
DOC-00002,4548249394,7,ORDER,KŌRI BOTANICALS CAMELLIA BARRIER CREAM 100 ML,46836194,MS2020129,,12,EA,12,31.9,31.9,USD,False,FULL,12
DOC-00002,4548249394,8,ORDER,THORNFIELD GROOMING POST-SHAVE BALM 75 ML,16080513,MS5040079,,96,EA,96,17.06,17.06,USD,False,FULL,96
DOC-00002,4548249394,9,ORDER,THORNFIELD GROOMING CEDAR SHAVE CREAM 150 ML,22976369,MS5000191,,120,EA,120,22.42,22.42,USD,False,FULL,120
DOC-00002,4548249394,10,ORDER,SOLENNE PARIS CONTOUR DES YEUX EYE CREAM 15 ML,70394554,MS1040049,,6,EA,6,22.69,22.69,USD,False,FULL,6
DOC-00002,4548249394,11,ORDER,LUNE ROUGE PRECISION LIQUID EYELINER BLACK,30324759,MS7010065,,36,EA,36,8.76,8.76,USD,False,FULL,36
DOC-00002,4548249394,12,ORDER,ATELIER NOOR VÉTIVER NOCTURNE EAU DE TOILETTE 50 ML,94176528,MS3020038,,36,EA,36,59.46,59.46,USD,False,PARTIAL,2
DOC-00002,4548249394,13,ORDER,LUNE ROUGE PRECISION LIQUID EYELINER NAVY,92071195,MS7010261,,72,EA,72,9.18,9.18,USD,False,FULL,72
DOC-00002,4548249394,14,ORDER,LUNE ROUGE LACQUER NAIL COLOUR 140 GUNMETAL,24749927,MS7000824,,48,EA,48,6.42,6.42,USD,False,FULL,48
DOC-00002,4548249394,15,ORDER,KŌRI BOTANICALS YUZU BRIGHTENING ESSENCE 100 ML,32099899,MS2000175,,12,EA,12,32.22,32.22,USD,False,FULL,12
DOC-00002,4548249394,16,ORDER,LUNE ROUGE GLOW HIGHLIGHTER ROSE GOLD,52111160,MS7030219,,24,EA,24,11.23,11.23,USD,False,FULL,24
DOC-00002,4548249394,17,ORDER,VELOUR COSMETICS SOFT FOCUS BLUSH PEACH,45496951,MS4020080,,24,EA,24,13.7,13.7,USD,False,FULL,24
DOC-00002,4548249394,18,ORDER,KŌRI BOTANICALS HINOKI CALMING TONER 100 ML,32633927,MS2040026,,48,EA,48,18.36,18.36,USD,False,FULL,48
DOC-00003,4584495485,1,ORDER,VELOUR COSMETICS VELVET MATTE FOUNDATION 30 ML 6N ESPRESSO,48352498,MS4011090,,36,EA,36,17.92,17.92,USD,False,FULL,36
DOC-00003,4584495485,2,ORDER,EMBER & OAK LINEN BREEZE REED DIFFUSER 200 ML,49945150,MS8020058,,4,EA,4,63.58,63.58,USD,False,FULL,4
DOC-00003,4584495485,3,ORDER,VELOUR COSMETICS SATIN LIP COLOUR 15 CERISE,16792127,MS4000547,,24,EA,24,13.48,13.48,USD,False,FULL,24
DOC-00003,4584495485,4,ORDER,THORNFIELD GROOMING CEDAR SHAVE CREAM 75 ML,25946545,MS5000033,,12,EA,12,15.08,15.08,USD,False,FULL,12
DOC-00003,4584495485,5,ORDER,VELOUR COSMETICS BROW SCULPT PENCIL BLONDE,84252324,MS4030052,,24,EA,24,10.37,10.37,USD,False,FULL,24
DOC-00003,4584495485,6,ORDER,THORNFIELD GROOMING BEARD OIL 30 ML,63873262,MS5030066,,4,CA,48,10.11,10.11,USD,False,PARTIAL,5
DOC-00003,4584495485,7,ORDER,SOLENNE PARIS SÉRUM ABSOLU REGENERATING SERUM 50 ML,86809773,MS1000210,,60,EA,60,63.05,63.05,USD,False,FULL,60
DOC-00003,4584495485,8,ORDER,LUNE ROUGE GLOW HIGHLIGHTER MOONSTONE,53627409,MS7030029,,24,EA,24,11.23,11.23,USD,False,FULL,24
DOC-00003,4584495485,9,ORDER,MISTRAL HAIR CURL DEFINE CREAM 150 ML,85554415,MS6040043,,10,CA,120,22.74,22.74,USD,False,FULL,120
DOC-00003,4584495485,10,ORDER,MISTRAL HAIR CURL DEFINE CREAM 500 ML SALON,12232974,MS6040167,,12,EA,12,37.61,37.61,USD,False,FULL,12
DOC-00003,4584495485,11,ORDER,THORNFIELD GROOMING SPORT DEODORANT STICK 75 G,79703656,MS5050057,,24,EA,24,11.43,11.43,USD,False,FULL,24
DOC-00003,4584495485,12,ORDER,LUNE ROUGE LACQUER NAIL COLOUR 140 GUNMETAL,24749927,MS7000824,,72,EA,72,6.42,6.42,USD,False,FULL,72
DOC-00003,4584495485,13,ORDER,ATELIER NOOR VÉTIVER NOCTURNE EAU DE TOILETTE 100 ML,96155337,MS3020181,,6,EA,6,91.47,91.47,USD,False,FULL,6
DOC-00003,4584495485,14,ORDER,SOLENNE PARIS CONTOUR DES YEUX EYE CREAM 15 ML,70394554,MS1040049,,24,EA,24,22.69,22.69,USD,False,FULL,24
DOC-00003,4584495485,15,ORDER,KŌRI BOTANICALS SAKURA DEW SLEEPING MASK 50 ML,98413629,MS2050041,,36,EA,36,17.61,17.61,USD,False,PARTIAL,1
DOC-00003,4584495485,16,ORDER,VELOUR COSMETICS VELVET MATTE FOUNDATION 30 ML 1W IVORY,76876068,MS4010167,,12,EA,12,17.97,17.97,USD,False,FULL,12
DOC-00003,4584495485,17,ORDER,THORNFIELD GROOMING CEDAR SHAVE CREAM 150 ML,22976369,MS5000191,,36,EA,36,22.42,22.42,USD,False,FULL,36
DOC-00003,4584495485,18,ORDER,VELOUR COSMETICS VELVET MATTE FOUNDATION 30 ML 3C BEIGE,22086184,MS4010466,,72,EA,72,18.71,18.71,USD,False,FULL,72
DOC-00003,4584495485,19,ORDER,VELOUR COSMETICS VELVET MATTE FOUNDATION 30 ML 3W GOLDEN,77839607,MS4010583,,96,EA,96,19.72,19.72,USD,False,BACKORDER,0
DOC-00003,4584495485,20,ORDER,KŌRI BOTANICALS CAMELLIA BARRIER CREAM 50 ML,95235919,MS2020048,,18,EA,18,20.79,20.79,USD,False,FULL,18
DOC-00003,4584495485,21,ORDER,KŌRI BOTANICALS SAKURA DEW SLEEPING MASK 100 ML,91220369,MS2050139,,12,EA,12,25.38,25.38,USD,False,FULL,12
DOC-00003,4584495485,22,ORDER,VELOUR COSMETICS SATIN LIP COLOUR 18 BERRY NOIR,61559717,MS4000699,,3,CA,36,12.69,12.69,USD,False,FULL,36
DOC-00003,4584495485,23,ORDER,EMBER & OAK WILD MINT CANDLE 190 G,75632882,MS8040069,,4,EA,4,50.54,50.54,USD,False,FULL,4
DOC-00003,4584495485,24,ORDER,KŌRI BOTANICALS YUZU BRIGHTENING ESSENCE 200 ML,40262109,MS2000215,,18,EA,18,50.49,50.49,USD,False,FULL,18
DOC-00003,4584495485,25,ORDER,LUNE ROUGE LACQUER NAIL COLOUR 120 MIDNIGHT,32885741,MS7000489,,24,EA,24,6.52,6.52,USD,False,BACKORDER,0
DOC-00003,4584495485,26,ORDER,VELOUR COSMETICS BROW SCULPT PENCIL BRUNETTE,83800569,MS4030218,,24,EA,24,9.59,9.59,USD,False,FULL,24
DOC-00003,4584495485,27,ORDER,LUNE ROUGE LACQUER NAIL COLOUR 104 CHERRY GLOSS,97991930,MS7000122,,12,EA,12,5.89,5.89,USD,False,FULL,12
DOC-00003,4584495485,28,ORDER,KŌRI BOTANICALS RICE ENZYME POLISH 50 ML,50644430,MS2030016,,60,EA,60,14.36,14.36,USD,False,FULL,60
DOC-00003,4584495485,29,ORDER,THORNFIELD GROOMING CHARCOAL FACE WASH 150 ML,59070856,MS5010155,,36,EA,36,22.47,22.47,USD,False,FULL,36
DOC-00003,4584495485,30,ORDER,LUNE ROUGE LIP GLOSS MIRROR CLEAR,71694994,MS7040059,,2,CA,24,8.49,8.49,USD,False,FULL,24
DOC-00003,4584495485,31,ORDER,VELOUR COSMETICS VELVET MATTE FOUNDATION 30 ML 5W TOFFEE,97813295,MS4010990,,120,EA,120,20.6,19.25,USD,False,FULL,120
DOC-00003,4584495485,32,ORDER,ATELIER NOOR ROSE AMBRÉE EAU DE PARFUM 50 ML,86790955,MS3010166,,6,EA,6,75.65,75.65,USD,False,FULL,6
DOC-00003,4584495485,33,ORDER,Discovery Coffret 5x10ml,38286706,UNRESOLVABLE,,24,EA,24,55.64,,USD,False,N/A,
DOC-00003,4584495485,34,ORDER,LUNE ROUGE LIP GLOSS MIRROR BRONZE,96343485,MS7040288,,36,EA,36,8.36,8.36,USD,False,FULL,36
DOC-00003,4584495485,35,ORDER,MISTRAL HAIR HYDRA REPAIR CONDITIONER 250 ML,92284610,MS6010029,,48,EA,48,27.84,27.84,USD,False,FULL,48
DOC-00003,4584495485,36,ORDER,ATELIER NOOR CUIR FUMÉ EXTRAIT DE PARFUM 100 ML,51954112,MS3050124,,24,EA,24,166.14,166.14,USD,False,FULL,24
DOC-00003,4584495485,37,ORDER,VELOUR COSMETICS VELVET MATTE FOUNDATION 30 ML 2N LINEN,72654864,MS4010290,,24,EA,24,19.22,19.22,USD,False,FULL,24
DOC-00003,4584495485,38,ORDER,LUNE ROUGE LACQUER NAIL COLOUR 130 CORAL REEF,61028283,MS7000653,,72,EA,72,6.09,6.09,USD,False,FULL,72
DOC-00003,4584495485,39,ORDER,VELOUR COSMETICS BROW SCULPT PENCIL SOFT BLACK,93650068,MS4030315,,12,EA,12,10.46,10.46,USD,False,FULL,12
DOC-00003,4584495485,40,ORDER,SOLENNE PARIS EAU MICELLAIRE CLEANSING WATER 200 ML,19898653,MS1030011,,60,EA,60,43.99,43.99,USD,False,FULL,60
DOC-00003,4584495485,41,ORDER,ATELIER NOOR OUD SAFFRON EAU DE PARFUM 30 ML,85647532,MS3000078,,12,EA,12,60.56,60.56,USD,False,FULL,12
DOC-00003,4584495485,42,ORDER,VELOUR COSMETICS SATIN LIP COLOUR 05 ROSE THÉ,52831009,MS4000238,,8,CA,96,12.37,12.37,USD,False,FULL,96
DOC-00003,4584495485,43,ORDER,VELOUR COSMETICS SATIN LIP COLOUR 08 TERRACOTTA,26444612,MS4000380,,48,EA,48,13.6,13.6,USD,False,FULL,48
DOC-00003,4584495485,44,ORDER,Argan Miracle Oil,26272220,UNRESOLVABLE,,12,EA,12,79.12,,USD,False,N/A,
DOC-00003,4584495485,45,ORDER,SOLENNE PARIS MASQUE ÉCLAT RADIANCE MASK 75 ML,34422678,MS1060170,,12,EA,12,46.06,46.06,USD,False,BACKORDER,0
DOC-00003,4584495485,46,ORDER,EMBER & OAK FIG & CEDAR CANDLE 400 G,35805259,MS8000149,,12,EA,12,67.55,67.55,USD,False,FULL,12
DOC-00003,4584495485,47,ORDER,KŌRI BOTANICALS HINOKI CALMING TONER 100 ML,32633927,MS2040026,,6,EA,6,18.36,18.36,USD,False,FULL,6
DOC-00003,4584495485,48,ORDER,EMBER & OAK WILD MINT CANDLE 400 G,56815569,MS8040171,,8,EA,8,61.7,61.7,USD,False,FULL,8
DOC-00003,4584495485,49,ORDER,VELOUR COSMETICS VELVET MATTE FOUNDATION 30 ML 5N AMBER,47763008,MS4010861,,6,CA,72,17.79,17.79,USD,False,FULL,72
DOC-00003,4584495485,50,ORDER,VELOUR COSMETICS SATIN LIP COLOUR 22 CORAIL,66121095,MS4000716,,48,EA,48,12.32,12.32,USD,False,FULL,48
DOC-00003,4584495485,51,ORDER,KŌRI BOTANICALS GREEN TEA GEL CLEANSER 100 ML,79645282,MS2010060,,48,EA,48,15.95,15.95,USD,False,FULL,48
DOC-00003,4584495485,52,ORDER,SOLENNE PARIS MASQUE ÉCLAT RADIANCE MASK 50 ML,83994695,MS1060019,,48,EA,48,38.97,38.97,USD,False,FULL,48
DOC-00003,4584495485,53,ORDER,KŌRI BOTANICALS CAMELLIA BARRIER CREAM 100 ML,46836194,MS2020129,,18,EA,18,31.9,31.9,USD,False,FULL,18
DOC-00003,4584495485,54,ORDER,LUNE ROUGE PRECISION LIQUID EYELINER BROWN,37365878,MS7010115,,12,EA,12,9.54,9.54,USD,False,FULL,12
DOC-00003,4584495485,55,ORDER,SOLENNE PARIS CRÈME LUMIÈRE DAY CREAM 30 ML,21571646,MS1010158,,36,EA,36,40.48,40.48,USD,False,FULL,36
DOC-00003,4584495485,56,ORDER,VELOUR COSMETICS SOFT FOCUS BLUSH PEACH,45496951,MS4020080,,12,EA,12,13.7,13.7,USD,False,FULL,12
DOC-00003,4584495485,57,ORDER,LUNE ROUGE PRECISION LIQUID EYELINER NAVY,92071195,MS7010261,,3,CA,36,9.18,9.18,USD,False,FULL,36
DOC-00003,4584495485,58,ORDER,SOLENNE PARIS LOTION ESSENTIELLE TONER 250 ML,17437386,MS1070140,,6,EA,6,69.44,69.44,USD,False,FULL,6
DOC-00003,4584495485,59,ORDER,SOLENNE PARIS HUILE PRÉCIEUSE FACE OIL 30 ML,79438885,MS1050061,,60,EA,60,37.13,37.13,USD,False,FULL,60
DOC-00003,4584495485,60,ORDER,LUNE ROUGE PRECISION LIQUID EYELINER BLACK,30324759,MS7010065,,120,EA,120,8.76,8.76,USD,False,FULL,120
DOC-00003,4584495485,61,ORDER,THORNFIELD GROOMING POST-SHAVE BALM 75 ML,16080513,MS5040079,,72,EA,72,17.06,17.06,USD,False,FULL,72
DOC-00003,4584495485,62,ORDER,SOLENNE PARIS SÉRUM ABSOLU REGENERATING SERUM 15 ML,41774192,MS1000013,,10,CA,60,31.03,31.03,USD,False,FULL,60
DOC-00003,4584495485,63,ORDER,VELOUR COSMETICS SATIN LIP COLOUR 30 FUCHSIA,87535841,MS4000958,,2,CA,24,13.39,13.39,USD,False,FULL,24
DOC-00003,4584495485,64,ORDER,MISTRAL HAIR COLOUR GUARD SHAMPOO 250 ML,24710878,MS6050064,,48,EA,48,31.44,31.44,USD,False,FULL,48
DOC-00003,4584495485,65,ORDER,KŌRI BOTANICALS HINOKI CALMING TONER 200 ML,87933054,MS2040162,,48,EA,48,29.22,29.22,USD,False,BACKORDER,0
DOC-00003,4584495485,66,ORDER,LUNE ROUGE LACQUER NAIL COLOUR 110 BALLET,87641510,MS7000295,,12,EA,12,6.26,6.26,USD,False,FULL,12
DOC-00003,4584495485,67,ORDER,VELOUR COSMETICS VELVET MATTE FOUNDATION 30 ML 4W CARAMEL,57364777,MS4010798,,24,EA,24,18.3,18.3,USD,False,FULL,24
DOC-00003,4584495485,68,ORDER,THORNFIELD GROOMING DAILY MOISTURISER SPF 20 75 ML,36717096,MS5020046,,36,EA,36,21.65,21.65,USD,False,FULL,36
DOC-00003,4584495485,69,ORDER,ATELIER NOOR IRIS POUDRÉ EAU DE PARFUM 50 ML,52857920,MS3060057,,18,EA,18,69.57,69.57,USD,False,FULL,18
DOC-00003,4584495485,70,ORDER,VELOUR COSMETICS VELVET MATTE FOUNDATION 30 ML 4N HONEY,42310051,MS4010684,,12,EA,12,18.12,18.12,USD,False,FULL,12
DOC-00003,4584495485,71,ORDER,LUNE ROUGE LASH LIFT MASCARA BROWN BLACK,79616482,MS7020177,,36,EA,36,10.66,10.66,USD,False,FULL,36
DOC-00003,4584495485,72,ORDER,SOLENNE PARIS LOTION ESSENTIELLE TONER 150 ML,27318510,MS1070033,,60,EA,60,40.69,46.24,USD,False,FULL,60
DOC-00003,4584495485,73,ORDER,EMBER & OAK BLACK TEA ROOM SPRAY 100 ML,37820354,MS8030088,,4,EA,4,25.75,25.75,USD,False,FULL,4
DOC-00003,4584495485,74,ORDER,ATELIER NOOR OUD SAFFRON EAU DE PARFUM 50 ML,13808225,MS3000150,,18,EA,18,83.11,83.11,USD,False,FULL,18
DOC-00003,4584495485,75,ORDER,VELOUR COSMETICS SATIN LIP COLOUR 12 ROUGE VELOURS,43275109,MS4000478,,12,EA,12,12.22,12.22,USD,False,FULL,12
DOC-00003,4584495485,76,ORDER,THORNFIELD GROOMING POST-SHAVE BALM 150 ML,54699966,MS5040119,,72,EA,72,27.11,27.11,USD,False,FULL,72
DOC-00003,4584495485,77,ORDER,KŌRI BOTANICALS RICE ENZYME POLISH 100 ML,22539748,MS2030164,,6,CA,36,21.81,21.81,USD,False,FULL,36
DOC-00003,4584495485,78,ORDER,VELOUR COSMETICS BROW SCULPT PENCIL TAUPE,61854861,MS4030143,,96,EA,96,9.81,9.81,USD,False,FULL,96
DOC-00003,4584495485,79,ORDER,ATELIER NOOR NÉROLI SOLEIL EAU DE TOILETTE 50 ML,74819756,MS3030052,,6,EA,6,53.64,53.64,USD,False,FULL,6
DOC-00003,4584495485,80,ORDER,LUNE ROUGE LASH LIFT MASCARA BLACK,18359252,MS7020061,,36,EA,36,10.37,10.37,USD,False,FULL,36
DOC-00003,4584495485,81,ORDER,LUNE ROUGE GLOW HIGHLIGHTER CHAMPAGNE,74205866,MS7030190,,120,EA,120,11.62,11.62,USD,False,FULL,120
DOC-00003,4584495485,82,ORDER,SOLENNE PARIS BAUME NUIT NIGHT BALM 30 ML,74245343,MS1020092,,6,EA,6,40.79,40.79,USD,False,FULL,6
DOC-00003,4584495485,83,ORDER,VELOUR COSMETICS VELVET MATTE FOUNDATION 30 ML 2W SAND,51411602,MS4010349,,48,EA,48,19.07,17.82,USD,False,FULL,48
DOC-00003,4584495485,84,ORDER,MISTRAL HAIR HYDRA REPAIR SHAMPOO 1 L SALON,28761086,MS6000124,,6,EA,6,32.86,32.86,USD,False,BACKORDER,0
DOC-00003,4584495485,85,ORDER,MISTRAL HAIR COLOUR GUARD SHAMPOO 1 L SALON,88343175,MS6050191,,6,EA,6,33.09,33.09,USD,False,FULL,6
DOC-00003,4584495485,86,ORDER,LUNE ROUGE LACQUER NAIL COLOUR 135 LILAC,42507072,MS7000716,,12,EA,12,6.38,6.38,USD,False,FULL,12
DOC-00003,4584495485,87,ORDER,VELOUR COSMETICS SATIN LIP COLOUR 25 PRUNE,31434525,MS4000882,,24,EA,24,12.24,12.24,USD,False,FULL,24
DOC-00003,4584495485,88,ORDER,SOLENNE PARIS CRÈME LUMIÈRE DAY CREAM 50 ML,63440127,MS1010278,,24,EA,24,54.18,54.18,USD,False,PARTIAL,12
DOC-00003,4584495485,89,ORDER,LUNE ROUGE LACQUER NAIL COLOUR 123 MINT CHIP,93179531,MS7000533,,48,EA,48,6.05,6.05,USD,False,FULL,48
DOC-00003,4584495485,90,ORDER,ATELIER NOOR ROSE AMBRÉE EAU DE PARFUM 100 ML,95763946,MS3010240,,60,EA,60,117.79,117.79,USD,False,FULL,60
DOC-00003,4584495485,91,ORDER,THORNFIELD GROOMING CHARCOAL FACE WASH 75 ML,55511258,MS5010085,,48,EA,48,15.48,15.48,USD,False,FULL,48
DOC-00003,4584495485,92,ORDER,ATELIER NOOR MUSC BLANC EAU DE PARFUM 100 ML,74995086,MS3040237,,60,EA,60,101.27,101.27,USD,False,FULL,60
DOC-00003,4584495485,93,ORDER,LUNE ROUGE LACQUER NAIL COLOUR 115 SABLE,16892773,MS7000371,,10,CA,120,6.01,6.01,USD,False,FULL,120
DOC-00003,4584495485,94,ORDER,VELOUR COSMETICS SOFT FOCUS BLUSH ROSEWOOD,64123845,MS4020174,,24,EA,24,15.07,15.07,USD,False,PARTIAL,8
DOC-00003,4584495485,95,ORDER,ATELIER NOOR ROSE AMBRÉE EAU DE PARFUM 30 ML,45521514,MS3010048,,48,EA,48,54.82,54.82,USD,False,FULL,48
DOC-00003,4584495485,96,ORDER,VELOUR COSMETICS SATIN LIP COLOUR 03 PETAL,79119463,MS4000134,,120,EA,120,12.13,12.13,USD,False,FULL,120
DOC-00003,4584495485,97,ORDER,ATELIER NOOR IRIS POUDRÉ EAU DE PARFUM 100 ML,56354851,MS3060165,,6,CA,36,111.27,111.27,USD,False,FULL,36
DOC-00003,4584495485,98,ORDER,SOLENNE PARIS CRÈME LUMIÈRE DAY CREAM 15 ML,84040798,MS1010090,,2,CA,12,26.43,26.43,USD,False,FULL,12
DOC-00003,4584495485,99,ORDER,MISTRAL HAIR HYDRA REPAIR SHAMPOO 250 ML,91370909,MS6000088,,12,EA,12,26.51,26.51,USD,False,FULL,12
DOC-00003,4584495485,100,ORDER,ATELIER NOOR OUD SAFFRON EAU DE PARFUM 100 ML,96094462,MS3000278,,18,EA,18,120.8,120.8,USD,False,FULL,18
DOC-00003,4584495485,101,ORDER,Mini Lip Trio Gift,38016352,UNRESOLVABLE,,24,EA,24,84.13,,USD,False,N/A,
DOC-00003,4584495485,102,ORDER,KŌRI BOTANICALS GREEN TEA GEL CLEANSER 200 ML,20584397,MS2010137,,8,CA,48,24.21,24.21,USD,False,FULL,48
DOC-00003,4584495485,103,ORDER,VELOUR COSMETICS SATIN LIP COLOUR 01 NUDE SILK,27551135,MS4000051,,72,EA,72,12.35,12.35,USD,False,FULL,72
DOC-00003,4584495485,104,ORDER,MISTRAL HAIR SCALP BALANCE SERUM 50 ML,94457912,MS6060099,,10,CA,120,18.51,18.51,USD,False,FULL,120
DOC-00003,4584495485,105,ORDER,EMBER & OAK FIG & CEDAR CANDLE 190 G,45482091,MS8000022,,40,EA,40,47.46,47.46,USD,False,FULL,40
DOC-00003,4584495485,106,ORDER,EMBER & OAK AMBER WOODS CANDLE 190 G,47447604,MS8010095,,40,EA,40,46.71,46.71,USD,False,FULL,40
DOC-00003,4584495485,107,ORDER,VELOUR COSMETICS VELVET MATTE FOUNDATION 30 ML 7N EBONY,24428014,MS4011124,,10,CA,120,19.65,19.65,USD,False,FULL,120
DOC-00003,4584495485,108,ORDER,LUNE ROUGE GLOW HIGHLIGHTER ROSE GOLD,52111160,MS7030219,,96,EA,96,11.23,11.23,USD,False,FULL,96
DOC-00003,4584495485,109,ORDER,VELOUR COSMETICS SOFT FOCUS BLUSH APRICOT,85405783,MS4020362,,120,EA,120,14.57,14.57,USD,False,PARTIAL,13
DOC-00003,4584495485,110,ORDER,MISTRAL HAIR HYDRA REPAIR CONDITIONER 1 L SALON,62741471,MS6010140,,48,EA,48,31.37,31.37,USD,False,FULL,48
DOC-00003,4584495485,111,ORDER,ATELIER NOOR CUIR FUMÉ EXTRAIT DE PARFUM 50 ML,55659873,MS3050040,,24,EA,24,110.31,110.31,USD,False,FULL,24
DOC-00003,4584495485,112,ORDER,KŌRI BOTANICALS YUZU BRIGHTENING ESSENCE 100 ML,32099899,MS2000175,,12,EA,12,32.22,32.22,USD,False,FULL,12
DOC-00003,4584495485,113,ORDER,MISTRAL HAIR BOND REBUILD MASK 500 ML SALON,78090664,MS6020180,,18,EA,18,47.28,47.28,USD,False,FULL,18
DOC-00003,4584495485,114,ORDER,Crema Mani Rosa,14652375,UNRESOLVABLE,,24,EA,24,56.85,,USD,False,N/A,
DOC-00003,4584495485,115,ORDER,EMBER & OAK AMBER WOODS CANDLE 400 G,40181142,MS8010127,,12,EA,12,57.57,63.97,USD,False,FULL,12
DOC-00003,4584495485,116,ORDER,SOLENNE PARIS EAU MICELLAIRE CLEANSING WATER 400 ML,52550733,MS1030143,,18,EA,18,59.69,59.69,USD,False,FULL,18
DOC-00003,4584495485,117,ORDER,ATELIER NOOR NÉROLI SOLEIL EAU DE TOILETTE 100 ML,64504816,MS3030152,,6,EA,6,82.55,82.55,USD,False,FULL,6
DOC-00003,4584495485,118,ORDER,ATELIER NOOR MUSC BLANC EAU DE PARFUM 30 ML,19794273,MS3040044,,24,EA,24,49.75,49.75,USD,False,FULL,24
DOC-00003,4584495485,119,ORDER,MISTRAL HAIR SEA SALT TEXTURE SPRAY 150 ML,81449442,MS6030079,,24,EA,24,22.8,22.8,USD,False,FULL,24
DOC-00003,4584495485,120,ORDER,SOLENNE PARIS BAUME NUIT NIGHT BALM 50 ML,64953237,MS1020161,,6,EA,6,59.42,59.42,USD,False,PARTIAL,2
DOC-00003,4584495485,121,ORDER,SOLENNE PARIS SÉRUM ABSOLU REGENERATING SERUM 30 ML,13527782,MS1000137,,6,EA,6,44.16,44.16,USD,False,FULL,6
DOC-00003,4584495485,122,ORDER,ATELIER NOOR MUSC BLANC EAU DE PARFUM 50 ML,31217198,MS3040160,,36,EA,36,66.07,66.07,USD,False,FULL,36
DOC-00003,4584495485,123,ORDER,LUNE ROUGE LACQUER NAIL COLOUR 101 OPERA,73698420,MS7000022,,12,EA,12,6.15,6.15,USD,False,FULL,12
DOC-00003,4584495485,124,ORDER,ATELIER NOOR VÉTIVER NOCTURNE EAU DE TOILETTE 50 ML,94176528,MS3020038,,4,CA,24,59.46,59.46,USD,False,PARTIAL,2
DOC-00003,4584495485,125,ORDER,LUNE ROUGE LIP GLOSS MIRROR PINK PEARL,55946354,MS7040117,,12,EA,12,8.39,8.39,USD,False,FULL,12
DOC-00003,4584495485,126,ORDER,MISTRAL HAIR BOND REBUILD MASK 200 ML,50162553,MS6020068,,120,EA,120,39.62,39.62,USD,False,BACKORDER,0
DOC-00004,4573571770,1,ORDER,LUNE ROUGE LACQUER NAIL COLOUR 101 OPERA,73698420,MS7000022,,120,EA,120,6.15,6.15,USD,False,FULL,120
DOC-00004,4573571770,2,ORDER,KŌRI BOTANICALS YUZU BRIGHTENING ESSENCE 100 ML,32099899,MS2000175,,36,EA,36,32.22,32.22,USD,False,FULL,36
DOC-00004,4573571770,3,ORDER,VELOUR COSMETICS VELVET MATTE FOUNDATION 30 ML 3W GOLDEN,77839607,MS4010583,,72,EA,72,19.72,19.72,USD,False,BACKORDER,0
DOC-00004,4573571770,4,ORDER,VELOUR COSMETICS SOFT FOCUS BLUSH APRICOT,85405783,MS4020362,,36,EA,36,14.57,14.57,USD,False,PARTIAL,13
DOC-00004,4573571770,5,ORDER,KŌRI BOTANICALS HINOKI CALMING TONER 100 ML,32633927,MS2040026,,12,EA,12,18.36,18.36,USD,False,FULL,12
DOC-00004,4573571770,6,ORDER,VELOUR COSMETICS VELVET MATTE FOUNDATION 30 ML 4N HONEY,42310051,MS4010684,,24,EA,24,18.12,18.12,USD,False,FULL,24
DOC-00004,4573571770,7,ORDER,VELOUR COSMETICS SATIN LIP COLOUR 12 ROUGE VELOURS,43275109,MS4000478,,24,EA,24,12.22,12.22,USD,False,FULL,24
DOC-00004,4573571770,8,ORDER,THORNFIELD GROOMING POST-SHAVE BALM 150 ML,54699966,MS5040119,,12,EA,12,27.11,27.11,USD,False,FULL,12
DOC-00005,4564830696,1,ORDER,VELOUR COSMETICS SATIN LIP COLOUR 05 ROSE THÉ,52831009,MS4000238,,36,EA,36,12.37,12.37,USD,False,FULL,36
DOC-00005,4564830696,2,ORDER,VELOUR COSMETICS BROW SCULPT PENCIL BRUNETTE,83800569,MS4030218,,12,EA,12,9.59,9.59,USD,False,FULL,12
DOC-00005,4564830696,3,ORDER,LUNE ROUGE LIP GLOSS MIRROR CLEAR,71694994,MS7040059,,4,CA,48,8.49,8.49,USD,False,FULL,48
DOC-00005,4564830696,4,ORDER,THORNFIELD GROOMING SPORT DEODORANT STICK 75 G,79703656,MS5050057,,24,EA,24,11.43,11.43,USD,False,FULL,24
DOC-00006,4575254207,1,ORDER,SOLENNE PARIS SÉRUM ABSOLU REGENERATING SERUM 50 ML,86809773,MS1000210,,6,EA,6,63.05,63.05,USD,False,FULL,6
DOC-00006,4575254207,2,ORDER,ATELIER NOOR IRIS POUDRÉ EAU DE PARFUM 50 ML,52857920,MS3060057,,6,EA,6,69.57,69.57,USD,False,FULL,6
DOC-00006,4575254207,3,ORDER,MISTRAL HAIR HYDRA REPAIR CONDITIONER 250 ML,92284610,MS6010029,,6,CA,72,27.84,27.84,USD,False,FULL,72
DOC-00006,4575254207,4,ORDER,ATELIER NOOR IRIS POUDRÉ EAU DE PARFUM 100 ML,56354851,MS3060165,,12,EA,12,111.27,111.27,USD,False,FULL,12
DOC-00006,4575254207,5,ORDER,THORNFIELD GROOMING DAILY MOISTURISER SPF 20 75 ML,36717096,MS5020046,,4,CA,48,21.65,21.65,USD,False,FULL,48
DOC-00006,4575254207,6,ORDER,ATELIER NOOR NÉROLI SOLEIL EAU DE TOILETTE 100 ML,64504816,MS3030152,,12,EA,12,82.55,82.55,USD,False,FULL,12
DOC-00006,4575254207,7,ORDER,ATELIER NOOR OUD SAFFRON EAU DE PARFUM 50 ML,13808225,MS3000150,,12,EA,12,83.11,83.11,USD,False,FULL,12
DOC-00006,4575254207,8,ORDER,EMBER & OAK WILD MINT CANDLE 400 G,56815569,MS8040171,,8,EA,8,61.7,61.7,USD,False,FULL,8
DOC-00006,4575254207,9,ORDER,VELOUR COSMETICS VELVET MATTE FOUNDATION 30 ML 5N AMBER,47763008,MS4010861,,4,CA,48,17.79,17.79,USD,False,FULL,48
DOC-00007,4585476210,1,ORDER,THORNFIELD GROOMING CEDAR SHAVE CREAM 150 ML,22976369,MS5000191,,96,EA,96,22.42,22.42,USD,False,FULL,96
DOC-00007,4585476210,2,ORDER,VELOUR COSMETICS BROW SCULPT PENCIL BLONDE,84252324,MS4030052,,24,EA,24,10.37,10.37,USD,False,FULL,24
DOC-00007,4585476210,3,ORDER,THORNFIELD GROOMING CHARCOAL FACE WASH 75 ML,55511258,MS5010085,,36,EA,36,15.48,15.48,USD,False,FULL,36
DOC-00007,4585476210,4,ORDER,ATELIER NOOR OUD SAFFRON EAU DE PARFUM 30 ML,85647532,MS3000078,,24,EA,24,60.56,60.56,USD,False,FULL,24
DOC-00007,4585476210,5,ORDER,THORNFIELD GROOMING CEDAR SHAVE CREAM 75 ML,25946545,MS5000033,,96,EA,96,15.08,15.08,USD,False,FULL,96
DOC-00007,4585476210,6,ORDER,MISTRAL HAIR HYDRA REPAIR CONDITIONER 250 ML,92284610,MS6010029,,12,EA,12,27.84,27.84,USD,False,FULL,12
DOC-00007,4585476210,7,ORDER,SOLENNE PARIS CRÈME LUMIÈRE DAY CREAM 15 ML,84040798,MS1010090,,60,EA,60,26.43,26.43,USD,False,FULL,60
DOC-00007,4585476210,8,ORDER,ATELIER NOOR IRIS POUDRÉ EAU DE PARFUM 100 ML,56354851,MS3060165,,48,EA,48,111.27,111.27,USD,False,FULL,48
DOC-00007,4585476210,9,ORDER,SOLENNE PARIS CONTOUR DES YEUX EYE CREAM 15 ML,70394554,MS1040049,,60,EA,60,22.69,22.69,USD,False,FULL,60
DOC-00007,4585476210,10,ORDER,MISTRAL HAIR HYDRA REPAIR CONDITIONER 1 L SALON,62741471,MS6010140,,6,EA,6,31.37,31.37,USD,False,FULL,6
DOC-00007,4585476210,11,ORDER,LUNE ROUGE LACQUER NAIL COLOUR 110 BALLET,87641510,MS7000295,,36,EA,36,6.26,6.26,USD,False,FULL,36
DOC-00007,4585476210,12,ORDER,VELOUR COSMETICS VELVET MATTE FOUNDATION 30 ML 3W GOLDEN,77839607,MS4010583,,120,EA,120,19.72,19.72,USD,False,BACKORDER,0
DOC-00008,4593430858,1,ORDER,VELOUR COSMETICS BROW SCULPT PENCIL SOFT BLACK,93650068,MS4030315,,48,EA,48,10.46,10.46,USD,False,FULL,48
DOC-00008,4593430858,2,ORDER,LUNE ROUGE GLOW HIGHLIGHTER ROSE GOLD,52111160,MS7030219,,24,EA,24,11.23,11.23,USD,False,FULL,24
DOC-00008,4593430858,3,ORDER,MISTRAL HAIR SEA SALT TEXTURE SPRAY 150 ML,81449442,MS6030079,,2,CA,24,22.8,22.8,USD,False,FULL,24
DOC-00008,4593430858,4,ORDER,KŌRI BOTANICALS HINOKI CALMING TONER 100 ML,32633927,MS2040026,,18,EA,18,18.36,18.36,USD,False,FULL,18
DOC-00008,4593430858,5,ORDER,LUNE ROUGE GLOW HIGHLIGHTER MOONSTONE,53627409,MS7030029,,12,EA,12,11.23,11.23,USD,False,FULL,12
DOC-00008,4593430858,6,ORDER,VELOUR COSMETICS VELVET MATTE FOUNDATION 30 ML 2N LINEN,72654864,MS4010290,,12,EA,12,19.22,19.22,USD,False,FULL,12
DOC-00008,4593430858,7,ORDER,Advent Calendar 2026,76231992,UNRESOLVABLE,,12,EA,12,25.78,,USD,False,N/A,
DOC-00008,4593430858,8,ORDER,ATELIER NOOR ROSE AMBRÉE EAU DE PARFUM 30 ML,45521514,MS3010048,,8,CA,96,54.82,54.82,USD,False,FULL,96
DOC-00008,4593430858,9,ORDER,ATELIER NOOR MUSC BLANC EAU DE PARFUM 100 ML,74995086,MS3040237,,60,EA,60,101.27,101.27,USD,False,FULL,60
DOC-00008,4593430858,10,ORDER,MISTRAL HAIR HYDRA REPAIR CONDITIONER 1 L SALON,62741471,MS6010140,,12,EA,12,31.37,31.37,USD,False,FULL,12
DOC-00008,4593430858,11,ORDER,THORNFIELD GROOMING POST-SHAVE BALM 150 ML,54699966,MS5040119,,3,CA,36,27.11,27.11,USD,False,FULL,36
DOC-00008,4593430858,12,ORDER,LUNE ROUGE LIP GLOSS MIRROR PINK PEARL,55946354,MS7040117,,24,EA,24,8.39,8.39,USD,False,FULL,24
DOC-00008,4593430858,13,ORDER,LUNE ROUGE LACQUER NAIL COLOUR 120 MIDNIGHT,32885741,MS7000489,,120,EA,120,6.52,6.52,USD,False,BACKORDER,0
DOC-00008,4593430858,14,ORDER,KŌRI BOTANICALS GREEN TEA GEL CLEANSER 200 ML,20584397,MS2010137,,6,EA,6,24.21,24.21,USD,False,FULL,6
DOC-00008,4593430858,15,ORDER,MISTRAL HAIR CURL DEFINE CREAM 500 ML SALON,12232974,MS6040167,,6,CA,36,37.61,37.61,USD,False,FULL,36
DOC-00008,4593430858,16,ORDER,SOLENNE PARIS LOTION ESSENTIELLE TONER 250 ML,17437386,MS1070140,,18,EA,18,69.44,69.44,USD,False,FULL,18
DOC-00008,4593430858,17,ORDER,SOLENNE PARIS LOTION ESSENTIELLE TONER 150 ML,27318510,MS1070033,,6,EA,6,46.24,46.24,USD,False,FULL,6
DOC-00008,4593430858,18,ORDER,MISTRAL HAIR BOND REBUILD MASK 500 ML SALON,78090664,MS6020180,,48,EA,48,47.28,47.28,USD,False,FULL,48
DOC-00009,4547493391,1,ORDER,VELOUR COSMETICS VELVET MATTE FOUNDATION 30 ML 4W CARAMEL,57364777,MS4010798,,72,EA,72,18.3,18.3,USD,False,FULL,72
DOC-00009,4547493391,2,ORDER,LUNE ROUGE LACQUER NAIL COLOUR 130 CORAL REEF,61028283,MS7000653,,12,EA,12,6.09,6.09,USD,False,FULL,12
DOC-00009,4547493391,3,ORDER,KŌRI BOTANICALS RICE ENZYME POLISH 50 ML,50644430,MS2030016,,18,EA,18,14.36,14.36,USD,False,FULL,18
DOC-00009,4547493391,4,ORDER,LUNE ROUGE GLOW HIGHLIGHTER CHAMPAGNE,74205866,MS7030190,,48,EA,48,11.62,11.62,USD,False,FULL,48
DOC-00009,4547493391,5,ORDER,THORNFIELD GROOMING CHARCOAL FACE WASH 75 ML,55511258,MS5010085,,24,EA,24,15.48,15.48,USD,False,FULL,24
DOC-00009,4547493391,6,ORDER,ATELIER NOOR OUD SAFFRON EAU DE PARFUM 30 ML,85647532,MS3000078,,12,EA,12,60.56,60.56,USD,False,FULL,12
DOC-00009,4547493391,7,ORDER,MISTRAL HAIR BOND REBUILD MASK 500 ML SALON,78090664,MS6020180,,60,EA,60,47.28,47.28,USD,False,FULL,60
DOC-00009,4547493391,8,ORDER,ATELIER NOOR NÉROLI SOLEIL EAU DE TOILETTE 50 ML,74819756,MS3030052,,6,EA,6,53.64,53.64,USD,False,FULL,6
DOC-00009,4547493391,9,ORDER,EMBER & OAK WILD MINT CANDLE 400 G,56815569,MS8040171,,40,EA,40,70.95,61.7,USD,False,FULL,40
DOC-00009,4547493391,10,ORDER,KŌRI BOTANICALS RICE ENZYME POLISH 100 ML,22539748,MS2030164,,4,CA,24,21.81,21.81,USD,False,FULL,24
DOC-00009,4547493391,11,ORDER,SOLENNE PARIS SÉRUM ABSOLU REGENERATING SERUM 15 ML,41774192,MS1000013,,36,EA,36,31.03,31.03,USD,False,FULL,36
DOC-00009,4547493391,12,ORDER,SOLENNE PARIS LOTION ESSENTIELLE TONER 250 ML,17437386,MS1070140,,6,EA,6,69.44,69.44,USD,False,FULL,6
DOC-00009,4547493391,13,ORDER,SOLENNE PARIS CRÈME LUMIÈRE DAY CREAM 15 ML,84040798,MS1010090,,1,CA,6,26.43,26.43,USD,False,FULL,6
DOC-00009,4547493391,14,ORDER,VELOUR COSMETICS VELVET MATTE FOUNDATION 30 ML 2W SAND,51411602,MS4010349,,36,EA,36,17.82,17.82,USD,False,FULL,36
DOC-00009,4547493391,15,ORDER,THORNFIELD GROOMING DAILY MOISTURISER SPF 20 75 ML,36717096,MS5020046,,24,EA,24,21.65,21.65,USD,False,FULL,24
DOC-00009,4547493391,16,ORDER,LUNE ROUGE LACQUER NAIL COLOUR 120 MIDNIGHT,32885741,MS7000489,,120,EA,120,6.52,6.52,USD,False,BACKORDER,0
DOC-00009,4547493391,17,ORDER,MISTRAL HAIR COLOUR GUARD SHAMPOO 250 ML,24710878,MS6050064,,3,CA,36,31.44,31.44,USD,False,FULL,36
DOC-00009,4547493391,18,ORDER,LUNE ROUGE PRECISION LIQUID EYELINER BROWN,37365878,MS7010115,,10,CA,120,9.54,9.54,USD,False,FULL,120
DOC-00009,4547493391,19,ORDER,KŌRI BOTANICALS HINOKI CALMING TONER 200 ML,87933054,MS2040162,,60,EA,60,29.22,29.22,USD,False,BACKORDER,0
DOC-00010,4569870757,1,ORDER,Overnight Peel Pads,93610257,UNRESOLVABLE,,12,EA,12,50.15,,USD,False,N/A,
DOC-00010,4569870757,2,ORDER,KŌRI BOTANICALS RICE ENZYME POLISH 100 ML,22539748,MS2030164,,24,EA,24,21.81,21.81,USD,False,FULL,24
DOC-00010,4569870757,3,ORDER,ATELIER NOOR VÉTIVER NOCTURNE EAU DE TOILETTE 100 ML,96155337,MS3020181,,12,EA,12,91.47,91.47,USD,False,FULL,12
DOC-00010,4569870757,4,ORDER,ATELIER NOOR VÉTIVER NOCTURNE EAU DE TOILETTE 50 ML,94176528,MS3020038,,6,EA,6,59.46,59.46,USD,False,PARTIAL,2
DOC-00010,4569870757,5,ORDER,VELOUR COSMETICS SOFT FOCUS BLUSH PEACH,45496951,MS4020080,,12,EA,12,13.7,13.7,USD,False,FULL,12
DOC-00010,4569870757,6,ORDER,ATELIER NOOR MUSC BLANC EAU DE PARFUM 50 ML,31217198,MS3040160,,48,EA,48,66.07,66.07,USD,False,FULL,48
DOC-00010,4569870757,7,ORDER,LUNE ROUGE LACQUER NAIL COLOUR 104 CHERRY GLOSS,97991930,MS7000122,,120,EA,120,5.89,5.89,USD,False,FULL,120
DOC-00010,4569870757,8,ORDER,VELOUR COSMETICS VELVET MATTE FOUNDATION 30 ML 1N PORCELAIN,35479101,MS4010022,,12,EA,12,19.69,19.69,USD,False,FULL,12
DOC-00010,4569870757,9,ORDER,MISTRAL HAIR HYDRA REPAIR SHAMPOO 250 ML,91370909,MS6000088,,96,EA,96,26.51,26.51,USD,False,FULL,96
DOC-00010,4569870757,10,ORDER,SOLENNE PARIS LOTION ESSENTIELLE TONER 250 ML,17437386,MS1070140,,18,EA,18,69.44,69.44,USD,False,FULL,18
DOC-00010,4569870757,11,ORDER,ATELIER NOOR ROSE AMBRÉE EAU DE PARFUM 100 ML,95763946,MS3010240,,4,CA,24,117.79,117.79,USD,False,FULL,24
DOC-00010,4569870757,12,ORDER,KŌRI BOTANICALS GREEN TEA GEL CLEANSER 100 ML,79645282,MS2010060,,48,EA,48,15.95,15.95,USD,False,FULL,48
DOC-00010,4569870757,13,ORDER,KŌRI BOTANICALS GREEN TEA GEL CLEANSER 200 ML,20584397,MS2010137,,60,EA,60,24.21,24.21,USD,False,FULL,60
DOC-00010,4569870757,14,ORDER,SOLENNE PARIS LOTION ESSENTIELLE TONER 150 ML,27318510,MS1070033,,6,EA,6,46.24,46.24,USD,False,FULL,6
DOC-00011,4508866414,1,ORDER,LUNE ROUGE LACQUER NAIL COLOUR 115 SABLE,16892773,MS7000371,,6,CA,72,6.01,6.01,USD,False,FULL,72
DOC-00011,4508866414,2,ORDER,ATELIER NOOR CUIR FUMÉ EXTRAIT DE PARFUM 100 ML,51954112,MS3050124,,36,EA,36,166.14,166.14,USD,False,FULL,36
DOC-00011,4508866414,3,ORDER,VELOUR COSMETICS SOFT FOCUS BLUSH ROSEWOOD,64123845,MS4020174,,24,EA,24,15.07,15.07,USD,False,PARTIAL,8
DOC-00011,4508866414,4,ORDER,Glitter Fantasy Palette,29693143,UNRESOLVABLE,,12,EA,12,45.14,,USD,False,N/A,
DOC-00011,4508866414,5,ORDER,ATELIER NOOR OUD SAFFRON EAU DE PARFUM 50 ML,13808225,MS3000150,,48,EA,48,83.11,83.11,USD,False,FULL,48
DOC-00011,4508866414,6,ORDER,KŌRI BOTANICALS CAMELLIA BARRIER CREAM 100 ML,46836194,MS2020129,,18,EA,18,31.9,31.9,USD,False,FULL,18
DOC-00011,4508866414,7,ORDER,THORNFIELD GROOMING SPORT DEODORANT STICK 75 G,79703656,MS5050057,,12,EA,12,11.43,11.43,USD,False,FULL,12
DOC-00011,4508866414,8,ORDER,MISTRAL HAIR HYDRA REPAIR SHAMPOO 250 ML,91370909,MS6000088,,36,EA,36,26.51,26.51,USD,False,FULL,36
DOC-00011,4508866414,9,ORDER,Argan Miracle Oil,85165988,UNRESOLVABLE,,12,EA,12,17.0,,USD,False,N/A,
DOC-00011,4508866414,10,ORDER,MISTRAL HAIR COLOUR GUARD SHAMPOO 250 ML,24710878,MS6050064,,12,EA,12,31.44,31.44,USD,False,FULL,12
DOC-00011,4508866414,11,ORDER,MISTRAL HAIR SEA SALT TEXTURE SPRAY 150 ML,81449442,MS6030079,,72,EA,72,22.8,22.8,USD,False,FULL,72
DOC-00011,4508866414,12,ORDER,VELOUR COSMETICS BROW SCULPT PENCIL TAUPE,61854861,MS4030143,,24,EA,24,9.81,9.81,USD,False,FULL,24
DOC-00011,4508866414,13,ORDER,LUNE ROUGE PRECISION LIQUID EYELINER BLACK,30324759,MS7010065,,24,EA,24,8.76,8.76,USD,False,FULL,24
DOC-00011,4508866414,14,ORDER,Holiday Vault Set Exclusive,97025331,UNRESOLVABLE,,24,EA,24,19.81,,USD,False,N/A,
DOC-00011,4508866414,15,ORDER,SOLENNE PARIS LOTION ESSENTIELLE TONER 150 ML,27318510,MS1070033,,6,CA,36,46.24,46.24,USD,False,FULL,36
DOC-00011,4508866414,16,ORDER,VELOUR COSMETICS BROW SCULPT PENCIL SOFT BLACK,93650068,MS4030315,,96,EA,96,10.46,10.46,USD,False,FULL,96
DOC-00011,4508866414,17,ORDER,THORNFIELD GROOMING CEDAR SHAVE CREAM 75 ML,25946545,MS5000033,,96,EA,96,15.08,15.08,USD,False,FULL,96
DOC-00011,4508866414,18,ORDER,VELOUR COSMETICS VELVET MATTE FOUNDATION 30 ML 2W SAND,51411602,MS4010349,,2,CA,24,17.82,17.82,USD,False,FULL,24
DOC-00011,4508866414,19,ORDER,ATELIER NOOR MUSC BLANC EAU DE PARFUM 100 ML,74995086,MS3040237,,60,EA,60,101.27,101.27,USD,False,FULL,60
DOC-00011,4508866414,20,ORDER,Velvet Body Mist,15082158,UNRESOLVABLE,,24,EA,24,47.63,,USD,False,N/A,
DOC-00011,4508866414,21,ORDER,SOLENNE PARIS MASQUE ÉCLAT RADIANCE MASK 50 ML,83994695,MS1060019,,8,CA,48,38.97,38.97,USD,False,FULL,48
DOC-00011,4508866414,22,ORDER,VELOUR COSMETICS VELVET MATTE FOUNDATION 30 ML 1N PORCELAIN,35479101,MS4010022,,3,CA,36,19.69,19.69,USD,False,FULL,36
DOC-00012,4577796412,1,ORDER,VELOUR COSMETICS VELVET MATTE FOUNDATION 30 ML 2N LINEN,72654864,MS4010290,,36,EA,36,19.22,19.22,USD,False,FULL,36
DOC-00012,4577796412,2,ORDER,VELOUR COSMETICS VELVET MATTE FOUNDATION 30 ML 5W TOFFEE,97813295,MS4010990,,36,EA,36,19.25,19.25,USD,False,FULL,36
DOC-00012,4577796412,3,ORDER,LUNE ROUGE LIP GLOSS MIRROR CLEAR,71694994,MS7040059,,120,EA,120,8.49,8.49,USD,False,FULL,120
DOC-00012,4577796412,4,ORDER,VELOUR COSMETICS VELVET MATTE FOUNDATION 30 ML 3C BEIGE,22086184,MS4010466,,3,CA,36,18.71,18.71,USD,False,FULL,36
DOC-00012,4577796412,5,ORDER,VELOUR COSMETICS BROW SCULPT PENCIL TAUPE,61854861,MS4030143,,24,EA,24,9.81,9.81,USD,False,FULL,24
DOC-00012,4577796412,6,ORDER,MISTRAL HAIR CURL DEFINE CREAM 500 ML SALON,12232974,MS6040167,,12,EA,12,37.61,37.61,USD,False,FULL,12
DOC-00012,4577796412,7,ORDER,ATELIER NOOR CUIR FUMÉ EXTRAIT DE PARFUM 50 ML,55659873,MS3050040,,6,EA,6,110.31,110.31,USD,False,FULL,6
DOC-00012,4577796412,8,ORDER,VELOUR COSMETICS SATIN LIP COLOUR 22 CORAIL,66121095,MS4000716,,72,EA,72,12.32,12.32,USD,False,FULL,72
DOC-00012,4577796412,9,ORDER,ATELIER NOOR IRIS POUDRÉ EAU DE PARFUM 100 ML,56354851,MS3060165,,12,EA,12,111.27,111.27,USD,False,FULL,12
DOC-00012,4577796412,10,ORDER,EMBER & OAK LINEN BREEZE REED DIFFUSER 200 ML,49945150,MS8020058,,4,EA,4,63.58,63.58,USD,False,FULL,4
DOC-00012,4577796412,11,ORDER,EMBER & OAK WILD MINT CANDLE 400 G,56815569,MS8040171,,40,EA,40,61.7,61.7,USD,False,FULL,40
DOC-00012,4577796412,12,ORDER,LUNE ROUGE LACQUER NAIL COLOUR 123 MINT CHIP,93179531,MS7000533,,10,CA,120,6.05,6.05,USD,False,FULL,120
DOC-00012,4577796412,13,ORDER,ATELIER NOOR NÉROLI SOLEIL EAU DE TOILETTE 50 ML,74819756,MS3030052,,24,EA,24,53.64,53.64,USD,False,FULL,24
DOC-00012,4577796412,14,ORDER,KŌRI BOTANICALS CAMELLIA BARRIER CREAM 50 ML,95235919,MS2020048,,24,EA,24,20.79,20.79,USD,False,FULL,24
DOC-00012,4577796412,15,ORDER,SOLENNE PARIS CRÈME LUMIÈRE DAY CREAM 30 ML,21571646,MS1010158,,24,EA,24,40.48,40.48,USD,False,FULL,24
DOC-00012,4577796412,16,ORDER,MISTRAL HAIR HYDRA REPAIR CONDITIONER 1 L SALON,62741471,MS6010140,,48,EA,48,31.37,31.37,USD,False,FULL,48
DOC-00012,4577796412,17,ORDER,EMBER & OAK FIG & CEDAR CANDLE 190 G,45482091,MS8000022,,8,EA,8,47.46,47.46,USD,False,FULL,8
DOC-00012,4577796412,18,ORDER,THORNFIELD GROOMING CEDAR SHAVE CREAM 75 ML,25946545,MS5000033,,12,EA,12,15.08,15.08,USD,False,FULL,12
DOC-00012,4577796412,19,ORDER,MISTRAL HAIR COLOUR GUARD SHAMPOO 1 L SALON,88343175,MS6050191,,6,EA,6,33.09,33.09,USD,False,FULL,6
DOC-00013,4588128100,1,ORDER,VELOUR COSMETICS SATIN LIP COLOUR 05 ROSE THÉ,52831009,MS4000238,,12,EA,12,12.37,12.37,USD,False,FULL,12
DOC-00013,4588128100,2,ORDER,THORNFIELD GROOMING SPORT DEODORANT STICK 75 G,79703656,MS5050057,,96,EA,96,11.43,11.43,USD,False,FULL,96
DOC-00013,4588128100,3,ORDER,LUNE ROUGE LACQUER NAIL COLOUR 101 OPERA,73698420,MS7000022,,48,EA,48,6.15,6.15,USD,False,FULL,48
DOC-00013,4588128100,4,ORDER,LUNE ROUGE LIP GLOSS MIRROR CLEAR,71694994,MS7040059,,6,CA,72,8.49,8.49,USD,False,FULL,72
DOC-00013,4588128100,5,ORDER,THORNFIELD GROOMING POST-SHAVE BALM 75 ML,16080513,MS5040079,,96,EA,96,17.06,17.06,USD,False,FULL,96
DOC-00013,4588128100,6,ORDER,VELOUR COSMETICS BROW SCULPT PENCIL BLONDE,84252324,MS4030052,,96,EA,96,10.37,10.37,USD,False,FULL,96
DOC-00013,4588128100,7,ORDER,LUNE ROUGE LACQUER NAIL COLOUR 123 MINT CHIP,93179531,MS7000533,,12,EA,12,6.05,6.05,USD,False,FULL,12
DOC-00013,4588128100,8,ORDER,EMBER & OAK BLACK TEA ROOM SPRAY 100 ML,37820354,MS8030088,,3,CA,12,25.75,25.75,USD,False,FULL,12
DOC-00014,GR-2026-61181,1,ORDER,KŌRI BOTANICALS YUZU BRIGHTENING ESSENCE 50 ML,2980500978826,MS2000084,,6,EA,6,24.28,24.28,USD,False,FULL,6
DOC-00014,GR-2026-61181,2,ORDER,THORNFIELD GROOMING BEARD OIL 30 ML,2909521456236,MS5030066,,12,EA,12,10.6,10.6,USD,False,PARTIAL,5
DOC-00014,GR-2026-61181,3,ORDER,KŌRI BOTANICALS SAKURA DEW SLEEPING MASK 100 ML (2024 PACK),2951531952055,MS2850139,MS2050139,36,EA,36,27.28,27.28,USD,False,SUBSTITUTE,36
DOC-00014,GR-2026-61181,4,ORDER,THORNFIELD GROOMING CEDAR SHAVE CREAM 150 ML,2947407482177,MS5000191,,12,EA,12,23.02,23.02,USD,False,FULL,12
DOC-00014,GR-2026-61181,5,ORDER,VELOUR COSMETICS SOFT FOCUS BLUSH APRICOT,2905766270286,MS4020362,,24,EA,24,15.76,15.76,USD,False,PARTIAL,13
DOC-00014,GR-2026-61181,6,ORDER,VELOUR COSMETICS VELVET MATTE FOUNDATION 30 ML 7N EBONY,2971274846770,MS4011124,,24,EA,24,20.36,20.36,USD,False,FULL,24
DOC-00014,GR-2026-61181,7,ORDER,KŌRI BOTANICALS RICE ENZYME POLISH 100 ML PROMO - NO CHARGE,2980112805985,MS2030164,,12,EA,12,0.0,0.0,USD,True,FULL,12
DOC-00014,GR-2026-61181,8,ORDER,LUNE ROUGE LACQUER NAIL COLOUR 101 OPERA PROMO - NO CHARGE,2956545271116,MS7000022,,72,EA,72,0.0,0.0,USD,True,FULL,72
DOC-00014,GR-2026-61181,9,ORDER,LUNE ROUGE LIP GLOSS MIRROR PINK PEARL (2024 PACK),2988067065409,MS7840117,MS7040117,12,EA,12,8.87,8.87,USD,False,SUBSTITUTE,12
DOC-00014,GR-2026-61181,10,ORDER,LUNE ROUGE LIP GLOSS MIRROR BRONZE,2925546659056,MS7040288,,96,EA,96,8.65,8.65,USD,False,FULL,96
DOC-00014,GR-2026-61181,11,ORDER,VELOUR COSMETICS VELVET MATTE FOUNDATION 30 ML 5W TOFFEE,2970348247710,MS4010990,,72,EA,72,19.97,19.97,USD,False,FULL,72
DOC-00014,GR-2026-61181,12,ORDER,LUNE ROUGE GLOW HIGHLIGHTER ROSE GOLD,2947700541199,MS7030219,,96,EA,96,11.71,11.71,USD,False,FULL,96
DOC-00014,GR-2026-61181,13,ORDER,ATELIER NOOR OUD SAFFRON EAU DE PARFUM 100 ML,2935615951486,MS3000278,,36,EA,36,112.69,125.21,USD,False,FULL,36
DOC-00014,GR-2026-61181,14,ORDER,LUNE ROUGE LACQUER NAIL COLOUR 115 SABLE,2931585149366,MS7000371,,48,EA,48,6.37,6.37,USD,False,FULL,48
DOC-00014,GR-2026-61181,15,ORDER,THORNFIELD GROOMING SPORT DEODORANT STICK 75 G,2949651370989,MS5050057,,24,EA,24,12.24,12.24,USD,False,FULL,24
DOC-00014,GR-2026-61181,16,ORDER,VELOUR COSMETICS VELVET MATTE FOUNDATION 30 ML 3W GOLDEN,2990490278745,MS4010583,,96,EA,96,20.83,20.83,USD,False,BACKORDER,0
DOC-00014,GR-2026-61181,17,ORDER,VELOUR COSMETICS SATIN LIP COLOUR 22 CORAIL (2024 PACK),2951154479625,MS4800716,MS4000716,36,EA,36,13.23,13.23,USD,False,SUBSTITUTE,36
DOC-00014,GR-2026-61181,18,ORDER,VELOUR COSMETICS SATIN LIP COLOUR 25 PRUNE,2941318699938,MS4000882,,96,EA,96,13.15,13.15,USD,False,FULL,96
DOC-00014,GR-2026-61181,19,ORDER,LUNE ROUGE GLOW HIGHLIGHTER MOONSTONE,2912779979952,MS7030029,,12,EA,12,11.81,11.81,USD,False,FULL,12
DOC-00014,GR-2026-61181,20,ORDER,KŌRI BOTANICALS RICE ENZYME POLISH 50 ML,2916400524276,MS2030016,,24,EA,24,15.53,15.53,USD,False,FULL,24
DOC-00014,GR-2026-61181,21,ORDER,KŌRI BOTANICALS SAKURA DEW SLEEPING MASK 50 ML,2942160733757,MS2050041,,6,EA,6,18.54,18.54,USD,False,PARTIAL,1
DOC-00014,GR-2026-61181,22,ORDER,VELOUR COSMETICS VELVET MATTE FOUNDATION 30 ML 4N HONEY,2967175655122,MS4010684,,72,EA,72,19.11,19.11,USD,False,FULL,72
DOC-00014,GR-2026-61181,23,ORDER,VELOUR COSMETICS VELVET MATTE FOUNDATION 30 ML 5N AMBER (2024 PACK),2913556909278,MS4810861,MS4010861,24,EA,24,18.61,18.61,USD,False,SUBSTITUTE,24
DOC-00014,GR-2026-61181,24,ORDER,KŌRI BOTANICALS HINOKI CALMING TONER 200 ML,2992322602568,MS2040162,,48,EA,48,31.27,31.27,USD,False,BACKORDER,0
DOC-00014,GR-2026-61181,25,ORDER,VELOUR COSMETICS BROW SCULPT PENCIL BRUNETTE PROMO - NO CHARGE,2934316117245,MS4030218,,24,EA,24,0.0,0.0,USD,True,FULL,24
DOC-00014,GR-2026-61181,26,ORDER,VELOUR COSMETICS SATIN LIP COLOUR 22 CORAIL,2947116719021,MS4000716,,96,EA,96,13.23,13.23,USD,False,FULL,96
DOC-00014,GR-2026-61181,27,ORDER,ATELIER NOOR MUSC BLANC EAU DE PARFUM 100 ML,2975564641700,MS3040237,,12,EA,12,103.6,103.6,USD,False,FULL,12
DOC-00014,GR-2026-61181,28,ORDER,LUNE ROUGE LASH LIFT MASCARA BLACK,2981645352182,MS7020061,,120,EA,120,10.86,10.86,USD,False,FULL,120
DOC-00014,GR-2026-61181,29,ORDER,VELOUR COSMETICS SATIN LIP COLOUR 15 CERISE,2935240824001,MS4000547,,24,EA,24,14.03,14.03,USD,False,FULL,24
DOC-00014,GR-2026-61181,30,ORDER,KŌRI BOTANICALS YUZU BRIGHTENING ESSENCE 200 ML,2991699854358,MS2000215,,12,EA,12,53.44,53.44,USD,False,FULL,12
DOC-00014,GR-2026-61181,31,ORDER,ATELIER NOOR MUSC BLANC EAU DE PARFUM 50 ML,2999016272045,MS3040160,,12,EA,12,71.58,71.58,USD,False,FULL,12
DOC-00014,GR-2026-61181,32,ORDER,ATELIER NOOR OUD SAFFRON EAU DE PARFUM 50 ML (2024 PACK),2943102786817,MS3800150,MS3000150,60,EA,60,102.27,88.93,USD,False,SUBSTITUTE,60
DOC-00014,GR-2026-61181,33,ORDER,KŌRI BOTANICALS SAKURA DEW SLEEPING MASK 100 ML,2930365414588,MS2050139,,6,EA,6,27.28,27.28,USD,False,FULL,6
DOC-00014,GR-2026-61181,34,ORDER,VELOUR COSMETICS VELVET MATTE FOUNDATION 30 ML 5N AMBER (2024 PACK),2913556909278,MS4810861,MS4010861,24,EA,24,18.61,18.61,USD,False,SUBSTITUTE,24
DOC-00014,GR-2026-61181,35,ORDER,VELOUR COSMETICS VELVET MATTE FOUNDATION 30 ML 3C BEIGE,2919065940139,MS4010466,,96,EA,96,19.9,19.9,USD,False,FULL,96
DOC-00014,GR-2026-61181,36,ORDER,VELOUR COSMETICS BROW SCULPT PENCIL SOFT BLACK,2950455623867,MS4030315,,12,EA,12,10.84,10.84,USD,False,FULL,12
DOC-00014,GR-2026-61181,37,ORDER,KŌRI BOTANICALS CAMELLIA BARRIER CREAM 100 ML,2944935348746,MS2020129,,12,EA,12,33.62,33.62,USD,False,FULL,12
DOC-00014,GR-2026-61181,38,ORDER,VELOUR COSMETICS VELVET MATTE FOUNDATION 30 ML 1N PORCELAIN,2933412328128,MS4010022,,12,EA,12,20.87,20.87,USD,False,FULL,12
DOC-00014,GR-2026-61181,39,ORDER,LUNE ROUGE GLOW HIGHLIGHTER CHAMPAGNE,2952717744907,MS7030190,,36,EA,36,12.52,12.52,USD,False,FULL,36
DOC-00014,GR-2026-61181,40,ORDER,ATELIER NOOR NÉROLI SOLEIL EAU DE TOILETTE 100 ML,2987603669095,MS3030152,,6,EA,6,84.96,84.96,USD,False,FULL,6
DOC-00014,GR-2026-61181,41,ORDER,VELOUR COSMETICS SATIN LIP COLOUR 03 PETAL,2913678377702,MS4000134,,48,EA,48,12.82,12.82,USD,False,FULL,48
DOC-00014,GR-2026-61181,42,ORDER,KŌRI BOTANICALS CAMELLIA BARRIER CREAM 50 ML,2998084124119,MS2020048,,24,EA,24,22.0,22.0,USD,False,FULL,24
DOC-00014,GR-2026-61181,43,ORDER,VELOUR COSMETICS SOFT FOCUS BLUSH PEACH,2926398214653,MS4020080,,24,EA,24,14.81,14.81,USD,False,FULL,24
DOC-00014,GR-2026-61181,44,ORDER,LUNE ROUGE PRECISION LIQUID EYELINER NAVY,2905297516136,MS7010261,,24,EA,24,9.7,9.7,USD,False,FULL,24
DOC-00014,GR-2026-61181,45,ORDER,VELOUR COSMETICS BROW SCULPT PENCIL TAUPE,2959615865789,MS4030143,,120,EA,120,10.48,10.48,USD,False,FULL,120
DOC-00014,GR-2026-61181,46,ORDER,LUNE ROUGE LASH LIFT MASCARA BROWN BLACK,2983552312433,MS7020177,,96,EA,96,10.97,10.97,USD,False,FULL,96
DOC-00014,GR-2026-61181,47,ORDER,THORNFIELD GROOMING CEDAR SHAVE CREAM 75 ML,2922196937923,MS5000033,,120,EA,120,15.63,15.63,USD,False,FULL,120
DOC-00014,GR-2026-61181,48,ORDER,LUNE ROUGE LACQUER NAIL COLOUR 123 MINT CHIP,2929612018365,MS7000533,,12,EA,12,6.61,6.61,USD,False,FULL,12
DOC-00014,GR-2026-61181,49,ORDER,KŌRI BOTANICALS YUZU BRIGHTENING ESSENCE 100 ML,2912191361939,MS2000175,,12,EA,12,33.72,33.72,USD,False,FULL,12
DOC-00014,GR-2026-61181,50,ORDER,THORNFIELD GROOMING DAILY MOISTURISER SPF 20 75 ML,2939533942106,MS5020046,,24,EA,24,22.81,22.81,USD,False,FULL,24
DOC-00014,GR-2026-61181,51,ORDER,LUNE ROUGE LACQUER NAIL COLOUR 140 GUNMETAL,2956149784036,MS7000824,,36,EA,36,6.83,6.83,USD,False,FULL,36
DOC-00014,GR-2026-61181,52,ORDER,LUNE ROUGE PRECISION LIQUID EYELINER BLACK,2922683885164,MS7010065,,72,EA,72,9.35,9.35,USD,False,FULL,72
DOC-00014,GR-2026-61181,53,ORDER,LUNE ROUGE LACQUER NAIL COLOUR 135 LILAC (2024 PACK),2985277221700,MS7800716,MS7000716,120,EA,120,6.86,6.86,USD,False,SUBSTITUTE,120
DOC-00014,GR-2026-61181,54,ORDER,KŌRI BOTANICALS GREEN TEA GEL CLEANSER 200 ML,2984251354274,MS2010137,,24,EA,24,25.3,25.3,USD,False,FULL,24
DOC-00014,GR-2026-61181,55,ORDER,VELOUR COSMETICS SATIN LIP COLOUR 12 ROUGE VELOURS,2923374989413,MS4000478,,96,EA,96,13.03,13.03,USD,False,FULL,96
DOC-00014,GR-2026-61181,56,ORDER,VELOUR COSMETICS BROW SCULPT PENCIL BLONDE,2917187026212,MS4030052,,36,EA,36,11.29,11.29,USD,False,FULL,36
DOC-00014,GR-2026-61181,57,ORDER,LUNE ROUGE LACQUER NAIL COLOUR 135 LILAC,2914767976431,MS7000716,,24,EA,24,6.86,6.86,USD,False,FULL,24
DOC-00014,GR-2026-61181,58,ORDER,LUNE ROUGE LACQUER NAIL COLOUR 130 CORAL REEF,2925459910220,MS7000653,,120,EA,120,6.44,6.44,USD,False,FULL,120
DOC-00014,GR-2026-61181,59,ORDER,VELOUR COSMETICS VELVET MATTE FOUNDATION 30 ML 1W IVORY,2997403447137,MS4010167,,24,EA,24,18.62,18.62,USD,False,FULL,24
DOC-00014,GR-2026-61181,60,ORDER,VELOUR COSMETICS SATIN LIP COLOUR 08 TERRACOTTA,2955744431352,MS4000380,,96,EA,96,14.25,14.25,USD,False,FULL,96
DOC-00014,GR-2026-61181,61,ORDER,ATELIER NOOR IRIS POUDRÉ EAU DE PARFUM 50 ML (2024 PACK),2956676527755,MS3860057,MS3060057,24,EA,24,74.78,74.78,USD,False,SUBSTITUTE,24
DOC-00014,GR-2026-61181,62,ORDER,VELOUR COSMETICS SATIN LIP COLOUR 01 NUDE SILK,2927354549482,MS4000051,,12,EA,12,12.87,12.87,USD,False,FULL,12
DOC-00014,GR-2026-61181,63,ORDER,ATELIER NOOR IRIS POUDRÉ EAU DE PARFUM 100 ML,2928498776949,MS3060165,,48,EA,48,114.06,114.06,USD,False,FULL,48
DOC-00014,GR-2026-61181,64,ORDER,THORNFIELD GROOMING CHARCOAL FACE WASH 150 ML,2994406409094,MS5010155,,120,EA,120,23.69,23.69,USD,False,FULL,120
DOC-00014,GR-2026-61181,65,ORDER,ATELIER NOOR MUSC BLANC EAU DE PARFUM 30 ML,2967065627291,MS3040044,,24,EA,24,52.37,52.37,USD,False,FULL,24
DOC-00014,GR-2026-61181,66,ORDER,VELOUR COSMETICS SATIN LIP COLOUR 05 ROSE THÉ,2963495788564,MS4000238,,12,EA,12,12.88,12.88,USD,False,FULL,12
DOC-00014,GR-2026-61181,67,ORDER,LUNE ROUGE LIP GLOSS MIRROR PINK PEARL,2971518203772,MS7040117,,36,EA,36,10.2,8.87,USD,False,FULL,36
DOC-00014,GR-2026-61181,68,ORDER,KŌRI BOTANICALS GREEN TEA GEL CLEANSER 100 ML,2924751079918,MS2010060,,6,EA,6,16.83,16.83,USD,False,FULL,6
DOC-00014,GR-2026-61181,69,ORDER,VELOUR COSMETICS SOFT FOCUS BLUSH ROSEWOOD,2940449972781,MS4020174,,36,EA,36,15.82,15.82,USD,False,PARTIAL,8
DOC-00014,GR-2026-61181,70,ORDER,ATELIER NOOR VÉTIVER NOCTURNE EAU DE TOILETTE 100 ML,2995798687275,MS3020181,,6,EA,6,95.8,95.8,USD,False,FULL,6
DOC-00014,GR-2026-61181,71,ORDER,ATELIER NOOR ROSE AMBRÉE EAU DE PARFUM 30 ML,2968044369959,MS3010048,,120,EA,120,60.14,60.14,USD,False,FULL,120
DOC-00014,GR-2026-61181,72,ORDER,ATELIER NOOR OUD SAFFRON EAU DE PARFUM 50 ML,2969816934061,MS3000150,,36,EA,36,88.93,88.93,USD,False,FULL,36
DOC-00014,GR-2026-61181,73,ORDER,ATELIER NOOR ROSE AMBRÉE EAU DE PARFUM 50 ML,2938721489515,MS3010166,,48,EA,48,77.91,77.91,USD,False,FULL,48
DOC-00014,GR-2026-61181,74,ORDER,VELOUR COSMETICS SATIN LIP COLOUR 18 BERRY NOIR,2927109477756,MS4000699,,72,EA,72,13.74,13.74,USD,False,FULL,72
DOC-00014,GR-2026-61181,75,ORDER,LUNE ROUGE LACQUER NAIL COLOUR 104 CHERRY GLOSS,2952809885167,MS7000122,,72,EA,72,6.24,6.24,USD,False,FULL,72
DOC-00014,GR-2026-61181,76,ORDER,ATELIER NOOR ROSE AMBRÉE EAU DE PARFUM 100 ML,2943320037913,MS3010240,,12,EA,12,125.19,125.19,USD,False,FULL,12
DOC-00014,GR-2026-61181,77,ORDER,VELOUR COSMETICS VELVET MATTE FOUNDATION 30 ML 4W CARAMEL,2974680715456,MS4010798,,12,EA,12,19.65,19.65,USD,False,FULL,12
DOC-00014,GR-2026-61181,78,ORDER,VELOUR COSMETICS VELVET MATTE FOUNDATION 30 ML 1W IVORY (2024 PACK),2943030548686,MS4810167,MS4010167,72,EA,72,18.62,18.62,USD,False,SUBSTITUTE,72
DOC-00014,GR-2026-61181,79,ORDER,LUNE ROUGE LIP GLOSS MIRROR CLEAR,2979807935977,MS7040059,,24,EA,24,8.72,8.72,USD,False,FULL,24
DOC-00014,GR-2026-61181,80,ORDER,LUNE ROUGE GLOW HIGHLIGHTER CHAMPAGNE (2024 PACK),2974034505412,MS7830190,MS7030190,36,EA,36,12.52,12.52,USD,False,SUBSTITUTE,36
DOC-00014,GR-2026-61181,81,ORDER,VELOUR COSMETICS SATIN LIP COLOUR 30 FUCHSIA,2977496499091,MS4000958,,24,EA,24,14.22,14.22,USD,False,FULL,24
DOC-00014,GR-2026-61181,82,ORDER,ATELIER NOOR CUIR FUMÉ EXTRAIT DE PARFUM 50 ML,2927193745298,MS3050040,,18,EA,18,117.4,117.4,USD,False,FULL,18
DOC-00014,GR-2026-61181,83,ORDER,KŌRI BOTANICALS HINOKI CALMING TONER 100 ML,2904505331585,MS2040026,,6,EA,6,19.52,19.52,USD,False,FULL,6
DOC-00014,GR-2026-61181,84,ORDER,LUNE ROUGE LACQUER NAIL COLOUR 145 BORDEAUX,2900343244513,MS7000986,,48,EA,48,6.49,6.49,USD,False,FULL,48
DOC-00014,GR-2026-61181,85,ORDER,LUNE ROUGE LACQUER NAIL COLOUR 110 BALLET,2960494519830,MS7000295,,96,EA,96,6.63,6.63,USD,False,FULL,96
DOC-00014,GR-2026-61181,86,ORDER,ATELIER NOOR OUD SAFFRON EAU DE PARFUM 30 ML,2950142940192,MS3000078,,12,EA,12,63.77,63.77,USD,False,FULL,12
DOC-00014,GR-2026-61181,87,ORDER,ATELIER NOOR NÉROLI SOLEIL EAU DE TOILETTE 50 ML PROMO - NO CHARGE,2958122362316,MS3030052,,12,EA,12,0.0,0.0,USD,True,FULL,12
DOC-00014,GR-2026-61181,88,ORDER,VELOUR COSMETICS VELVET MATTE FOUNDATION 30 ML 5N AMBER,2980876038599,MS4010861,,48,EA,48,18.61,18.61,USD,False,FULL,48
DOC-00014,GR-2026-61181,89,ORDER,KŌRI BOTANICALS SAKURA DEW SLEEPING MASK 100 ML (2024 PACK),2951531952055,MS2850139,MS2050139,12,EA,12,27.28,27.28,USD,False,SUBSTITUTE,12
DOC-00014,GR-2026-61181,90,ORDER,VELOUR COSMETICS VELVET MATTE FOUNDATION 30 ML 6N ESPRESSO,2993248086135,MS4011090,,48,EA,48,18.86,18.86,USD,False,FULL,48
DOC-00015,GR-2026-28837,1,ORDER,VELOUR COSMETICS SATIN LIP COLOUR 30 FUCHSIA (2024 PACK),2989324609534,MS4800958,MS4000958,12,EA,12,14.22,14.22,USD,False,SUBSTITUTE,12
DOC-00015,GR-2026-28837,2,ORDER,VELOUR COSMETICS VELVET MATTE FOUNDATION 30 ML 2W SAND,2999471746488,MS4010349,,120,EA,120,19.15,19.15,USD,False,FULL,120
DOC-00015,GR-2026-28837,3,ORDER,LUNE ROUGE LACQUER NAIL COLOUR 145 BORDEAUX (2024 PACK),2936971179804,MS7800986,MS7000986,24,EA,24,6.49,6.49,USD,False,SUBSTITUTE,24
DOC-00015,GR-2026-28837,4,ORDER,ATELIER NOOR OUD SAFFRON EAU DE PARFUM 30 ML,2950142940192,MS3000078,,24,EA,24,63.77,63.77,USD,False,FULL,24
DOC-00015,GR-2026-28837,5,ORDER,ATELIER NOOR CUIR FUMÉ EXTRAIT DE PARFUM 100 ML,2924190496635,MS3050124,,6,EA,6,195.06,177.33,USD,False,FULL,6
DOC-00015,GR-2026-28837,6,ORDER,ATELIER NOOR VÉTIVER NOCTURNE EAU DE TOILETTE 50 ML,2928708317276,MS3020038,,60,EA,60,62.12,62.12,USD,False,PARTIAL,2
DOC-00015,GR-2026-28837,7,ORDER,LUNE ROUGE GLOW HIGHLIGHTER CHAMPAGNE (2024 PACK),2974034505412,MS7830190,MS7030190,12,EA,12,12.52,12.52,USD,False,SUBSTITUTE,12
DOC-00015,GR-2026-28837,8,ORDER,ATELIER NOOR IRIS POUDRÉ EAU DE PARFUM 50 ML,2918506716579,MS3060057,,12,EA,12,74.78,74.78,USD,False,FULL,12
DOC-00015,GR-2026-28837,9,ORDER,ATELIER NOOR MUSC BLANC EAU DE PARFUM 50 ML,2999016272045,MS3040160,,18,EA,18,71.58,71.58,USD,False,FULL,18
DOC-00015,GR-2026-28837,10,ORDER,LUNE ROUGE LACQUER NAIL COLOUR 110 BALLET,2960494519830,MS7000295,,24,EA,24,6.63,6.63,USD,False,FULL,24
DOC-00015,GR-2026-28837,11,ORDER,LUNE ROUGE LACQUER NAIL COLOUR 145 BORDEAUX,2900343244513,MS7000986,,120,EA,120,6.49,6.49,USD,False,FULL,120
DOC-00015,GR-2026-28837,12,ORDER,LUNE ROUGE LIP GLOSS MIRROR PINK PEARL,2971518203772,MS7040117,,120,EA,120,7.81,8.87,USD,False,FULL,120
DOC-00015,GR-2026-28837,13,ORDER,THORNFIELD GROOMING POST-SHAVE BALM 150 ML,2923685160488,MS5040119,,96,EA,96,28.57,28.57,USD,False,FULL,96
DOC-00015,GR-2026-28837,14,ORDER,THORNFIELD GROOMING SPORT DEODORANT STICK 75 G,2949651370989,MS5050057,,24,EA,24,12.24,12.24,USD,False,FULL,24
DOC-00015,GR-2026-28837,15,ORDER,LUNE ROUGE LACQUER NAIL COLOUR 104 CHERRY GLOSS,2952809885167,MS7000122,,72,EA,72,6.24,6.24,USD,False,FULL,72
DOC-00015,GR-2026-28837,16,ORDER,LUNE ROUGE LIP GLOSS MIRROR BRONZE,2925546659056,MS7040288,,24,EA,24,8.65,8.65,USD,False,FULL,24
DOC-00015,GR-2026-28837,17,ORDER,ATELIER NOOR OUD SAFFRON EAU DE PARFUM 50 ML,2969816934061,MS3000150,,6,EA,6,88.93,88.93,USD,False,FULL,6
DOC-00015,GR-2026-28837,18,ORDER,VELOUR COSMETICS SOFT FOCUS BLUSH ROSEWOOD,2940449972781,MS4020174,,36,EA,36,15.82,15.82,USD,False,PARTIAL,8
DOC-00016,GR-2026-99015,1,ORDER,VELOUR COSMETICS VELVET MATTE FOUNDATION 30 ML 6N ESPRESSO,2993248086135,MS4011090,,12,EA,12,18.86,18.86,USD,False,FULL,12
DOC-00016,GR-2026-99015,2,ORDER,VELOUR COSMETICS BROW SCULPT PENCIL BLONDE,2917187026212,MS4030052,,24,EA,24,11.29,11.29,USD,False,FULL,24
DOC-00016,GR-2026-99015,3,ORDER,THORNFIELD GROOMING POST-SHAVE BALM 75 ML,2958842474511,MS5040079,,72,EA,72,18.15,18.15,USD,False,FULL,72
DOC-00016,GR-2026-99015,4,ORDER,LUNE ROUGE GLOW HIGHLIGHTER MOONSTONE,2912779979952,MS7030029,,36,EA,36,11.81,11.81,USD,False,FULL,36
DOC-00016,GR-2026-99015,5,ORDER,LUNE ROUGE GLOW HIGHLIGHTER ROSE GOLD,2947700541199,MS7030219,,72,EA,72,11.71,11.71,USD,False,FULL,72
DOC-00016,GR-2026-99015,6,ORDER,KŌRI BOTANICALS HINOKI CALMING TONER 200 ML,2992322602568,MS2040162,,6,EA,6,31.27,31.27,USD,False,BACKORDER,0
DOC-00017,GR-2026-13506,1,ORDER,LUNE ROUGE PRECISION LIQUID EYELINER BLACK,2922683885164,MS7010065,,120,EA,120,9.35,9.35,USD,False,FULL,120
DOC-00017,GR-2026-13506,2,ORDER,DISCOVERY COFFRET 5X10ML,2926814535679,UNRESOLVABLE,,12,EA,12,44.91,,USD,False,N/A,
DOC-00017,GR-2026-13506,3,ORDER,KŌRI BOTANICALS HINOKI CALMING TONER 100 ML,2904505331585,MS2040026,,6,EA,6,22.45,19.52,USD,False,FULL,6
DOC-00017,GR-2026-13506,4,ORDER,LUNE ROUGE GLOW HIGHLIGHTER MOONSTONE,2912779979952,MS7030029,,24,EA,24,11.81,11.81,USD,False,FULL,24
DOC-00017,GR-2026-13506,5,ORDER,THORNFIELD GROOMING POST-SHAVE BALM 75 ML,2958842474511,MS5040079,,12,EA,12,18.15,18.15,USD,False,FULL,12
DOC-00017,GR-2026-13506,6,ORDER,THORNFIELD GROOMING CHARCOAL FACE WASH 150 ML,2994406409094,MS5010155,,96,EA,96,23.69,23.69,USD,False,FULL,96
DOC-00017,GR-2026-13506,7,ORDER,VELOUR COSMETICS BROW SCULPT PENCIL SOFT BLACK,2950455623867,MS4030315,,96,EA,96,10.84,10.84,USD,False,FULL,96
DOC-00017,GR-2026-13506,8,ORDER,ATELIER NOOR MUSC BLANC EAU DE PARFUM 100 ML PROMO - NO CHARGE,2975564641700,MS3040237,,18,EA,18,0.0,0.0,USD,True,FULL,18
DOC-00017,GR-2026-13506,9,ORDER,VELOUR COSMETICS SATIN LIP COLOUR 22 CORAIL,2947116719021,MS4000716,,48,EA,48,13.23,13.23,USD,False,FULL,48
DOC-00017,GR-2026-13506,10,ORDER,THORNFIELD GROOMING CHARCOAL FACE WASH 75 ML,2946474367134,MS5010085,,72,EA,72,16.65,16.65,USD,False,FULL,72
DOC-00017,GR-2026-13506,11,ORDER,THORNFIELD GROOMING DAILY MOISTURISER SPF 20 75 ML,2939533942106,MS5020046,,24,EA,24,22.81,22.81,USD,False,FULL,24
DOC-00017,GR-2026-13506,12,ORDER,VELOUR COSMETICS SATIN LIP COLOUR 08 TERRACOTTA,2955744431352,MS4000380,,12,EA,12,14.25,14.25,USD,False,FULL,12
DOC-00018,GR-2026-65374,1,ORDER,VELOUR COSMETICS VELVET MATTE FOUNDATION 30 ML 5N AMBER,2980876038599,MS4010861,,48,EA,48,18.61,18.61,USD,False,FULL,48
DOC-00018,GR-2026-65374,2,ORDER,LUNE ROUGE LACQUER NAIL COLOUR 120 MIDNIGHT,2998094024454,MS7000489,,12,EA,12,6.77,6.77,USD,False,BACKORDER,0
DOC-00018,GR-2026-65374,3,ORDER,VELOUR COSMETICS SATIN LIP COLOUR 12 ROUGE VELOURS (2024 PACK),2965820297024,MS4800478,MS4000478,24,EA,24,13.03,13.03,USD,False,SUBSTITUTE,24
DOC-00018,GR-2026-65374,4,ORDER,VELOUR COSMETICS VELVET MATTE FOUNDATION 30 ML 1W IVORY,2997403447137,MS4010167,,48,EA,48,18.62,18.62,USD,False,FULL,48
DOC-00018,GR-2026-65374,5,ORDER,KŌRI BOTANICALS SAKURA DEW SLEEPING MASK 100 ML,2930365414588,MS2050139,,24,EA,24,27.28,27.28,USD,False,FULL,24
DOC-00018,GR-2026-65374,6,ORDER,THORNFIELD GROOMING CHARCOAL FACE WASH 75 ML,2946474367134,MS5010085,,72,EA,72,16.65,16.65,USD,False,FULL,72
DOC-00018,GR-2026-65374,7,ORDER,LUNE ROUGE LIP GLOSS MIRROR PINK PEARL,2971518203772,MS7040117,,120,EA,120,8.87,8.87,USD,False,FULL,120
DOC-00018,GR-2026-65374,8,ORDER,VELOUR COSMETICS SATIN LIP COLOUR 08 TERRACOTTA (2024 PACK),2944739473125,MS4800380,MS4000380,24,EA,24,14.25,14.25,USD,False,SUBSTITUTE,24
DOC-00018,GR-2026-65374,9,ORDER,ATELIER NOOR CUIR FUMÉ EXTRAIT DE PARFUM 50 ML,2927193745298,MS3050040,,48,EA,48,117.4,117.4,USD,False,FULL,48
DOC-00018,GR-2026-65374,10,ORDER,VELOUR COSMETICS VELVET MATTE FOUNDATION 30 ML 2W SAND,2999471746488,MS4010349,,72,EA,72,19.15,19.15,USD,False,FULL,72
DOC-00018,GR-2026-65374,11,ORDER,THORNFIELD GROOMING CHARCOAL FACE WASH 150 ML,2994406409094,MS5010155,,96,EA,96,23.69,23.69,USD,False,FULL,96
DOC-00018,GR-2026-65374,12,ORDER,THORNFIELD GROOMING DAILY MOISTURISER SPF 20 75 ML,2939533942106,MS5020046,,72,EA,72,22.81,22.81,USD,False,FULL,72
DOC-00018,GR-2026-65374,13,ORDER,LUNE ROUGE GLOW HIGHLIGHTER CHAMPAGNE,2952717744907,MS7030190,,72,EA,72,12.52,12.52,USD,False,FULL,72
DOC-00019,GR-2026-35154,1,ORDER,VELOUR COSMETICS SOFT FOCUS BLUSH APRICOT,2905766270286,MS4020362,,72,EA,72,15.76,15.76,USD,False,PARTIAL,13
DOC-00019,GR-2026-35154,2,ORDER,VELOUR COSMETICS SOFT FOCUS BLUSH MAUVE,2988675339633,MS4020252,,24,EA,24,15.19,15.19,USD,False,FULL,24
DOC-00019,GR-2026-35154,3,ORDER,LUNE ROUGE LASH LIFT MASCARA BLACK,2981645352182,MS7020061,,120,EA,120,10.86,10.86,USD,False,FULL,120
DOC-00019,GR-2026-35154,4,ORDER,KŌRI BOTANICALS GREEN TEA GEL CLEANSER 200 ML,2984251354274,MS2010137,,24,EA,24,25.3,25.3,USD,False,FULL,24
DOC-00019,GR-2026-35154,5,ORDER,ATELIER NOOR MUSC BLANC EAU DE PARFUM 100 ML,2975564641700,MS3040237,,12,EA,12,103.6,103.6,USD,False,FULL,12
DOC-00019,GR-2026-35154,6,ORDER,ATELIER NOOR VÉTIVER NOCTURNE EAU DE TOILETTE 100 ML,2995798687275,MS3020181,,18,EA,18,95.8,95.8,USD,False,FULL,18
DOC-00019,GR-2026-35154,7,ORDER,VELOUR COSMETICS SATIN LIP COLOUR 12 ROUGE VELOURS,2923374989413,MS4000478,,48,EA,48,13.03,13.03,USD,False,FULL,48
DOC-00019,GR-2026-35154,8,ORDER,ATELIER NOOR ROSE AMBRÉE EAU DE PARFUM 50 ML,2938721489515,MS3010166,,12,EA,12,77.91,77.91,USD,False,FULL,12
DOC-00019,GR-2026-35154,9,ORDER,KŌRI BOTANICALS GREEN TEA GEL CLEANSER 100 ML PROMO - NO CHARGE,2924751079918,MS2010060,,24,EA,24,0.0,0.0,USD,True,FULL,24
DOC-00019,GR-2026-35154,10,ORDER,VELOUR COSMETICS SATIN LIP COLOUR 08 TERRACOTTA,2955744431352,MS4000380,,12,EA,12,14.25,14.25,USD,False,FULL,12
DOC-00019,GR-2026-35154,11,ORDER,VELOUR COSMETICS SATIN LIP COLOUR 15 CERISE,2935240824001,MS4000547,,36,EA,36,14.03,14.03,USD,False,FULL,36
DOC-00019,GR-2026-35154,12,ORDER,LUNE ROUGE GLOW HIGHLIGHTER MOONSTONE,2912779979952,MS7030029,,120,EA,120,11.81,11.81,USD,False,FULL,120
DOC-00019,GR-2026-35154,13,ORDER,LUNE ROUGE LACQUER NAIL COLOUR 104 CHERRY GLOSS,2952809885167,MS7000122,,72,EA,72,6.24,6.24,USD,False,FULL,72
DOC-00019,GR-2026-35154,14,ORDER,ATELIER NOOR NÉROLI SOLEIL EAU DE TOILETTE 100 ML,2987603669095,MS3030152,,12,EA,12,84.96,84.96,USD,False,FULL,12
DOC-00019,GR-2026-35154,15,ORDER,KŌRI BOTANICALS CAMELLIA BARRIER CREAM 50 ML,2998084124119,MS2020048,,24,EA,24,22.0,22.0,USD,False,FULL,24
DOC-00019,GR-2026-35154,16,ORDER,KŌRI BOTANICALS YUZU BRIGHTENING ESSENCE 200 ML (2024 PACK),2989861434101,MS2800215,MS2000215,48,EA,48,53.44,53.44,USD,False,SUBSTITUTE,48
DOC-00019,GR-2026-35154,17,ORDER,KŌRI BOTANICALS YUZU BRIGHTENING ESSENCE 200 ML,2991699854358,MS2000215,,6,EA,6,53.44,53.44,USD,False,FULL,6
DOC-00019,GR-2026-35154,18,ORDER,KŌRI BOTANICALS RICE ENZYME POLISH 50 ML,2916400524276,MS2030016,,60,EA,60,15.53,15.53,USD,False,FULL,60
DOC-00019,GR-2026-35154,19,ORDER,GLITTER FANTASY PALETTE,2996123108643,UNRESOLVABLE,,12,EA,12,59.67,,USD,False,N/A,
DOC-00019,GR-2026-35154,20,ORDER,VELOUR COSMETICS VELVET MATTE FOUNDATION 30 ML 1N PORCELAIN,2933412328128,MS4010022,,72,EA,72,20.87,20.87,USD,False,FULL,72
DOC-00020,GR-2026-95089,1,ORDER,VELOUR COSMETICS BROW SCULPT PENCIL TAUPE,2959615865789,MS4030143,,24,EA,24,9.22,10.48,USD,False,FULL,24
DOC-00020,GR-2026-95089,2,ORDER,THORNFIELD GROOMING CEDAR SHAVE CREAM 150 ML,2947407482177,MS5000191,,12,EA,12,23.02,23.02,USD,False,FULL,12
DOC-00020,GR-2026-95089,3,ORDER,ATELIER NOOR ROSE AMBRÉE EAU DE PARFUM 50 ML,2938721489515,MS3010166,,36,EA,36,77.91,77.91,USD,False,FULL,36
DOC-00020,GR-2026-95089,4,ORDER,VELOUR COSMETICS SATIN LIP COLOUR 08 TERRACOTTA,2955744431352,MS4000380,,24,EA,24,14.25,14.25,USD,False,FULL,24
DOC-00020,GR-2026-95089,5,ORDER,ATELIER NOOR NÉROLI SOLEIL EAU DE TOILETTE 100 ML,2987603669095,MS3030152,,48,EA,48,84.96,84.96,USD,False,FULL,48
DOC-00020,GR-2026-95089,6,ORDER,LUNE ROUGE LIP GLOSS MIRROR CLEAR,2979807935977,MS7040059,,36,EA,36,8.72,8.72,USD,False,FULL,36
DOC-00020,GR-2026-95089,7,ORDER,LUNE ROUGE LACQUER NAIL COLOUR 130 CORAL REEF,2925459910220,MS7000653,,24,EA,24,6.44,6.44,USD,False,FULL,24
DOC-00020,GR-2026-95089,8,ORDER,VELOUR COSMETICS VELVET MATTE FOUNDATION 30 ML 1W IVORY PROMO - NO CHARGE,2997403447137,MS4010167,,72,EA,72,0.0,0.0,USD,True,FULL,72
DOC-00020,GR-2026-95089,9,ORDER,VELOUR COSMETICS SATIN LIP COLOUR 18 BERRY NOIR,2927109477756,MS4000699,,96,EA,96,13.74,13.74,USD,False,FULL,96
DOC-00020,GR-2026-95089,10,ORDER,ATELIER NOOR MUSC BLANC EAU DE PARFUM 100 ML,2975564641700,MS3040237,,6,EA,6,103.6,103.6,USD,False,FULL,6
DOC-00020,GR-2026-95089,11,ORDER,KŌRI BOTANICALS HINOKI CALMING TONER 200 ML,2992322602568,MS2040162,,12,EA,12,31.27,31.27,USD,False,BACKORDER,0
DOC-00020,GR-2026-95089,12,ORDER,VELOUR COSMETICS SOFT FOCUS BLUSH ROSEWOOD PROMO - NO CHARGE,2940449972781,MS4020174,,12,EA,12,0.0,0.0,USD,True,PARTIAL,8
DOC-00020,GR-2026-95089,13,ORDER,VELOUR COSMETICS VELVET MATTE FOUNDATION 30 ML 4W CARAMEL,2974680715456,MS4010798,,48,EA,48,19.65,19.65,USD,False,FULL,48
DOC-00021,GR-2026-59930,1,ORDER,KŌRI BOTANICALS CAMELLIA BARRIER CREAM 50 ML,2998084124119,MS2020048,,60,EA,60,22.0,22.0,USD,False,FULL,60
DOC-00021,GR-2026-59930,2,ORDER,LUNE ROUGE LACQUER NAIL COLOUR 123 MINT CHIP,2929612018365,MS7000533,,24,EA,24,6.61,6.61,USD,False,FULL,24
DOC-00021,GR-2026-59930,3,ORDER,ATELIER NOOR NÉROLI SOLEIL EAU DE TOILETTE 100 ML,2987603669095,MS3030152,,12,EA,12,84.96,84.96,USD,False,FULL,12
DOC-00021,GR-2026-59930,4,ORDER,MINI LIP TRIO GIFT,2932592489917,UNRESOLVABLE,,12,EA,12,43.79,,USD,False,N/A,
DOC-00021,GR-2026-59930,5,ORDER,ATELIER NOOR NÉROLI SOLEIL EAU DE TOILETTE 50 ML,2958122362316,MS3030052,,6,EA,6,56.67,56.67,USD,False,FULL,6
DOC-00021,GR-2026-59930,6,ORDER,THORNFIELD GROOMING DAILY MOISTURISER SPF 20 75 ML,2939533942106,MS5020046,,12,EA,12,22.81,22.81,USD,False,FULL,12
DOC-00021,GR-2026-59930,7,ORDER,THORNFIELD GROOMING CHARCOAL FACE WASH 150 ML,2994406409094,MS5010155,,36,EA,36,23.69,23.69,USD,False,FULL,36
DOC-00021,GR-2026-59930,8,ORDER,VELOUR COSMETICS VELVET MATTE FOUNDATION 30 ML 2W SAND,2999471746488,MS4010349,,24,EA,24,19.15,19.15,USD,False,FULL,24
DOC-00021,GR-2026-59930,9,ORDER,VELOUR COSMETICS BROW SCULPT PENCIL SOFT BLACK,2950455623867,MS4030315,,72,EA,72,10.84,10.84,USD,False,FULL,72
DOC-00021,GR-2026-59930,10,ORDER,ATELIER NOOR ROSE AMBRÉE EAU DE PARFUM 30 ML,2968044369959,MS3010048,,48,EA,48,52.92,60.14,USD,False,FULL,48
DOC-00021,GR-2026-59930,11,ORDER,KŌRI BOTANICALS SAKURA DEW SLEEPING MASK 50 ML,2942160733757,MS2050041,,24,EA,24,18.54,18.54,USD,False,PARTIAL,1
DOC-00021,GR-2026-59930,12,ORDER,VELOUR COSMETICS VELVET MATTE FOUNDATION 30 ML 1N PORCELAIN,2933412328128,MS4010022,,96,EA,96,20.87,20.87,USD,False,FULL,96
DOC-00021,GR-2026-59930,13,ORDER,THORNFIELD GROOMING POST-SHAVE BALM 150 ML,2923685160488,MS5040119,,12,EA,12,28.57,28.57,USD,False,FULL,12
DOC-00021,GR-2026-59930,14,ORDER,VELOUR COSMETICS SOFT FOCUS BLUSH APRICOT PROMO - NO CHARGE,2905766270286,MS4020362,,24,EA,24,0.0,0.0,USD,True,PARTIAL,13
DOC-00021,GR-2026-59930,15,ORDER,ATELIER NOOR ROSE AMBRÉE EAU DE PARFUM 100 ML,2943320037913,MS3010240,,6,EA,6,125.19,125.19,USD,False,FULL,6
DOC-00021,GR-2026-59930,16,ORDER,ATELIER NOOR OUD SAFFRON EAU DE PARFUM 50 ML,2969816934061,MS3000150,,18,EA,18,88.93,88.93,USD,False,FULL,18
DOC-00021,GR-2026-59930,17,ORDER,VELOUR COSMETICS SATIN LIP COLOUR 15 CERISE,2935240824001,MS4000547,,24,EA,24,14.03,14.03,USD,False,FULL,24
DOC-00021,GR-2026-59930,18,ORDER,VELOUR COSMETICS VELVET MATTE FOUNDATION 30 ML 4N HONEY,2967175655122,MS4010684,,24,EA,24,19.11,19.11,USD,False,FULL,24
DOC-00021,GR-2026-59930,19,ORDER,VELOUR COSMETICS SATIN LIP COLOUR 18 BERRY NOIR,2927109477756,MS4000699,,36,EA,36,13.74,13.74,USD,False,FULL,36
DOC-00021,GR-2026-59930,20,ORDER,LUNE ROUGE LACQUER NAIL COLOUR 145 BORDEAUX,2900343244513,MS7000986,,48,EA,48,6.49,6.49,USD,False,FULL,48
DOC-00022,GR-2026-58265,1,ORDER,VELOUR COSMETICS BROW SCULPT PENCIL SOFT BLACK,2950455623867,MS4030315,,36,EA,36,10.84,10.84,USD,False,FULL,36
DOC-00022,GR-2026-58265,2,ORDER,KŌRI BOTANICALS YUZU BRIGHTENING ESSENCE 200 ML (2024 PACK),2989861434101,MS2800215,MS2000215,6,EA,6,53.44,53.44,USD,False,SUBSTITUTE,6
DOC-00022,GR-2026-58265,3,ORDER,ATELIER NOOR IRIS POUDRÉ EAU DE PARFUM 50 ML,2918506716579,MS3060057,,18,EA,18,74.78,74.78,USD,False,FULL,18
DOC-00022,GR-2026-58265,4,ORDER,VELOUR COSMETICS SATIN LIP COLOUR 03 PETAL (2024 PACK),2955719285652,MS4800134,MS4000134,24,EA,24,12.82,12.82,USD,False,SUBSTITUTE,24
DOC-00022,GR-2026-58265,5,ORDER,LUNE ROUGE LIP GLOSS MIRROR CLEAR,2979807935977,MS7040059,,36,EA,36,8.72,8.72,USD,False,FULL,36
DOC-00022,GR-2026-58265,6,ORDER,ATELIER NOOR VÉTIVER NOCTURNE EAU DE TOILETTE 50 ML,2928708317276,MS3020038,,18,EA,18,62.12,62.12,USD,False,PARTIAL,2
DOC-00022,GR-2026-58265,7,ORDER,THORNFIELD GROOMING CHARCOAL FACE WASH 150 ML,2994406409094,MS5010155,,12,EA,12,23.69,23.69,USD,False,FULL,12
DOC-00022,GR-2026-58265,8,ORDER,THORNFIELD GROOMING POST-SHAVE BALM 150 ML,2923685160488,MS5040119,,120,EA,120,31.43,28.57,USD,False,FULL,120
DOC-00022,GR-2026-58265,9,ORDER,LUNE ROUGE PRECISION LIQUID EYELINER BROWN,2960715969666,MS7010115,,72,EA,72,10.37,10.37,USD,False,FULL,72
DOC-00022,GR-2026-58265,10,ORDER,KŌRI BOTANICALS HINOKI CALMING TONER 200 ML,2992322602568,MS2040162,,24,EA,24,31.27,31.27,USD,False,BACKORDER,0
DOC-00022,GR-2026-58265,11,ORDER,VELOUR COSMETICS SATIN LIP COLOUR 22 CORAIL PROMO - NO CHARGE,2947116719021,MS4000716,,12,EA,12,0.0,0.0,USD,True,FULL,12
DOC-00022,GR-2026-58265,12,ORDER,KŌRI BOTANICALS SAKURA DEW SLEEPING MASK 100 ML (2024 PACK),2951531952055,MS2850139,MS2050139,6,EA,6,27.28,27.28,USD,False,SUBSTITUTE,6
DOC-00022,GR-2026-58265,13,ORDER,THORNFIELD GROOMING CEDAR SHAVE CREAM 150 ML,2947407482177,MS5000191,,120,EA,120,23.02,23.02,USD,False,FULL,120
DOC-00023,GR-2026-68361,1,ORDER,VELOUR COSMETICS SATIN LIP COLOUR 22 CORAIL PROMO - NO CHARGE,2947116719021,MS4000716,,120,EA,120,0.0,0.0,USD,True,FULL,120
DOC-00023,GR-2026-68361,2,ORDER,LUNE ROUGE LACQUER NAIL COLOUR 115 SABLE,2931585149366,MS7000371,,96,EA,96,6.37,6.37,USD,False,FULL,96
DOC-00023,GR-2026-68361,3,ORDER,OVERNIGHT PEEL PADS,2955425306512,UNRESOLVABLE,,12,EA,12,13.21,,USD,False,N/A,
DOC-00023,GR-2026-68361,4,ORDER,KŌRI BOTANICALS CAMELLIA BARRIER CREAM 100 ML,2944935348746,MS2020129,,48,EA,48,33.62,33.62,USD,False,FULL,48
DOC-00023,GR-2026-68361,5,ORDER,VELOUR COSMETICS VELVET MATTE FOUNDATION 30 ML 2N LINEN,2993618324218,MS4010290,,72,EA,72,21.53,20.12,USD,False,FULL,72
DOC-00023,GR-2026-68361,6,ORDER,KŌRI BOTANICALS YUZU BRIGHTENING ESSENCE 100 ML,2912191361939,MS2000175,,60,EA,60,33.72,33.72,USD,False,FULL,60
DOC-00023,GR-2026-68361,7,ORDER,ATELIER NOOR OUD SAFFRON EAU DE PARFUM 30 ML,2950142940192,MS3000078,,96,EA,96,63.77,63.77,USD,False,FULL,96
DOC-00023,GR-2026-68361,8,ORDER,LUNE ROUGE PRECISION LIQUID EYELINER BROWN,2960715969666,MS7010115,,48,EA,48,10.37,10.37,USD,False,FULL,48
DOC-00023,GR-2026-68361,9,ORDER,VELOUR COSMETICS SOFT FOCUS BLUSH APRICOT,2905766270286,MS4020362,,36,EA,36,15.76,15.76,USD,False,PARTIAL,13
DOC-00024,GR-2026-64523,1,ORDER,VELOUR COSMETICS VELVET MATTE FOUNDATION 30 ML 3W GOLDEN,2990490278745,MS4010583,,120,EA,120,18.33,20.83,USD,False,BACKORDER,0
DOC-00024,GR-2026-64523,2,ORDER,VELOUR COSMETICS SATIN LIP COLOUR 08 TERRACOTTA,2955744431352,MS4000380,,120,EA,120,14.25,14.25,USD,False,FULL,120
DOC-00024,GR-2026-64523,3,ORDER,LUNE ROUGE GLOW HIGHLIGHTER ROSE GOLD,2947700541199,MS7030219,,12,EA,12,11.71,11.71,USD,False,FULL,12
DOC-00025,GR-2026-69917,1,ORDER,LUNE ROUGE LACQUER NAIL COLOUR 110 BALLET,2960494519830,MS7000295,,48,EA,48,6.63,6.63,USD,False,FULL,48
DOC-00025,GR-2026-69917,2,ORDER,KŌRI BOTANICALS CAMELLIA BARRIER CREAM 50 ML,2998084124119,MS2020048,,6,EA,6,22.0,22.0,USD,False,FULL,6
DOC-00025,GR-2026-69917,3,ORDER,THORNFIELD GROOMING DAILY MOISTURISER SPF 20 75 ML,2939533942106,MS5020046,,24,EA,24,22.81,22.81,USD,False,FULL,24
DOC-00025,GR-2026-69917,4,ORDER,ATELIER NOOR OUD SAFFRON EAU DE PARFUM 30 ML,2950142940192,MS3000078,,96,EA,96,63.77,63.77,USD,False,FULL,96
DOC-00025,GR-2026-69917,5,ORDER,ATELIER NOOR NÉROLI SOLEIL EAU DE TOILETTE 50 ML,2958122362316,MS3030052,,36,EA,36,56.67,56.67,USD,False,FULL,36
DOC-00025,GR-2026-69917,6,ORDER,LUNE ROUGE PRECISION LIQUID EYELINER BROWN,2960715969666,MS7010115,,72,EA,72,10.37,10.37,USD,False,FULL,72
DOC-00026,GR-2026-57418,1,ORDER,KŌRI BOTANICALS RICE ENZYME POLISH 100 ML PROMO - NO CHARGE,2980112805985,MS2030164,,24,EA,24,0.0,0.0,USD,True,FULL,24
DOC-00026,GR-2026-57418,2,ORDER,KŌRI BOTANICALS HINOKI CALMING TONER 200 ML,2992322602568,MS2040162,,12,EA,12,31.27,31.27,USD,False,BACKORDER,0
DOC-00026,GR-2026-57418,3,ORDER,VELOUR COSMETICS VELVET MATTE FOUNDATION 30 ML 2W SAND,2999471746488,MS4010349,,96,EA,96,19.15,19.15,USD,False,FULL,96
DOC-00026,GR-2026-57418,4,ORDER,VELOUR COSMETICS VELVET MATTE FOUNDATION 30 ML 1N PORCELAIN,2933412328128,MS4010022,,24,EA,24,20.87,20.87,USD,False,FULL,24
DOC-00026,GR-2026-57418,5,ORDER,VELOUR COSMETICS VELVET MATTE FOUNDATION 30 ML 7N EBONY,2971274846770,MS4011124,,24,EA,24,20.36,20.36,USD,False,FULL,24
DOC-00026,GR-2026-57418,6,ORDER,ATELIER NOOR NÉROLI SOLEIL EAU DE TOILETTE 50 ML,2958122362316,MS3030052,,18,EA,18,56.67,56.67,USD,False,FULL,18
DOC-00026,GR-2026-57418,7,ORDER,LUNE ROUGE PRECISION LIQUID EYELINER BROWN (2024 PACK),2944225831323,MS7810115,MS7010115,36,EA,36,10.37,10.37,USD,False,SUBSTITUTE,36
DOC-00026,GR-2026-57418,8,ORDER,KŌRI BOTANICALS RICE ENZYME POLISH 50 ML,2916400524276,MS2030016,,6,EA,6,15.53,15.53,USD,False,FULL,6
DOC-00026,GR-2026-57418,9,ORDER,VELOUR COSMETICS VELVET MATTE FOUNDATION 30 ML 6N ESPRESSO,2993248086135,MS4011090,,12,EA,12,18.86,18.86,USD,False,FULL,12
DOC-00026,GR-2026-57418,10,ORDER,KŌRI BOTANICALS GREEN TEA GEL CLEANSER 200 ML,2984251354274,MS2010137,,6,EA,6,25.3,25.3,USD,False,FULL,6
DOC-00026,GR-2026-57418,11,ORDER,LUNE ROUGE GLOW HIGHLIGHTER MOONSTONE,2912779979952,MS7030029,,120,EA,120,11.81,11.81,USD,False,FULL,120
DOC-00026,GR-2026-57418,12,ORDER,LUNE ROUGE LASH LIFT MASCARA BLACK,2981645352182,MS7020061,,24,EA,24,10.86,10.86,USD,False,FULL,24
DOC-00026,GR-2026-57418,13,ORDER,ATELIER NOOR VÉTIVER NOCTURNE EAU DE TOILETTE 50 ML,2928708317276,MS3020038,,12,EA,12,62.12,62.12,USD,False,PARTIAL,2
DOC-00026,GR-2026-57418,14,ORDER,LUNE ROUGE LACQUER NAIL COLOUR 120 MIDNIGHT,2998094024454,MS7000489,,72,EA,72,6.77,6.77,USD,False,BACKORDER,0
DOC-00026,GR-2026-57418,15,ORDER,LUNE ROUGE PRECISION LIQUID EYELINER BROWN,2960715969666,MS7010115,,96,EA,96,10.37,10.37,USD,False,FULL,96
DOC-00026,GR-2026-57418,16,ORDER,THORNFIELD GROOMING POST-SHAVE BALM 75 ML,2958842474511,MS5040079,,72,EA,72,18.15,18.15,USD,False,FULL,72
DOC-00026,GR-2026-57418,17,ORDER,VELOUR COSMETICS SATIN LIP COLOUR 22 CORAIL,2947116719021,MS4000716,,96,EA,96,13.23,13.23,USD,False,FULL,96
DOC-00026,GR-2026-57418,18,ORDER,VELOUR COSMETICS SOFT FOCUS BLUSH ROSEWOOD,2940449972781,MS4020174,,96,EA,96,15.82,15.82,USD,False,PARTIAL,8
DOC-00026,GR-2026-57418,19,ORDER,LUNE ROUGE LIP GLOSS MIRROR CLEAR,2979807935977,MS7040059,,12,EA,12,8.72,8.72,USD,False,FULL,12
DOC-00027,GR-2026-58442,1,ORDER,VELOUR COSMETICS VELVET MATTE FOUNDATION 30 ML 5W TOFFEE (2024 PACK),2927790104320,MS4810990,MS4010990,72,EA,72,19.97,19.97,USD,False,SUBSTITUTE,72
DOC-00027,GR-2026-58442,2,ORDER,VELOUR COSMETICS SATIN LIP COLOUR 22 CORAIL,2947116719021,MS4000716,,72,EA,72,13.23,13.23,USD,False,FULL,72
DOC-00027,GR-2026-58442,3,ORDER,THORNFIELD GROOMING CHARCOAL FACE WASH 75 ML,2946474367134,MS5010085,,120,EA,120,16.65,16.65,USD,False,FULL,120
DOC-00027,GR-2026-58442,4,ORDER,KŌRI BOTANICALS GREEN TEA GEL CLEANSER 100 ML,2924751079918,MS2010060,,24,EA,24,16.83,16.83,USD,False,FULL,24
DOC-00027,GR-2026-58442,5,ORDER,ATELIER NOOR ROSE AMBRÉE EAU DE PARFUM 100 ML PROMO - NO CHARGE,2943320037913,MS3010240,,36,EA,36,0.0,0.0,USD,True,FULL,36
DOC-00027,GR-2026-58442,6,ORDER,LUNE ROUGE LACQUER NAIL COLOUR 130 CORAL REEF,2925459910220,MS7000653,,36,EA,36,6.44,6.44,USD,False,FULL,36
DOC-00027,GR-2026-58442,7,ORDER,VELOUR COSMETICS SOFT FOCUS BLUSH ROSEWOOD,2940449972781,MS4020174,,36,EA,36,15.82,15.82,USD,False,PARTIAL,8
DOC-00027,GR-2026-58442,8,ORDER,KŌRI BOTANICALS CAMELLIA BARRIER CREAM 100 ML PROMO - NO CHARGE,2944935348746,MS2020129,,60,EA,60,0.0,0.0,USD,True,FULL,60
DOC-00027,GR-2026-58442,9,ORDER,VELOUR COSMETICS SATIN LIP COLOUR 30 FUCHSIA PROMO - NO CHARGE,2977496499091,MS4000958,,96,EA,96,0.0,0.0,USD,True,FULL,96
DOC-00027,GR-2026-58442,10,ORDER,VELOUR COSMETICS SATIN LIP COLOUR 18 BERRY NOIR,2927109477756,MS4000699,,12,EA,12,13.74,13.74,USD,False,FULL,12
DOC-00027,GR-2026-58442,11,ORDER,ATELIER NOOR CUIR FUMÉ EXTRAIT DE PARFUM 100 ML,2924190496635,MS3050124,,48,EA,48,177.33,177.33,USD,False,FULL,48
DOC-00027,GR-2026-58442,12,ORDER,ATELIER NOOR MUSC BLANC EAU DE PARFUM 30 ML PROMO - NO CHARGE,2967065627291,MS3040044,,96,EA,96,0.0,0.0,USD,True,FULL,96
DOC-00027,GR-2026-58442,13,ORDER,KŌRI BOTANICALS YUZU BRIGHTENING ESSENCE 50 ML,2980500978826,MS2000084,,60,EA,60,24.28,24.28,USD,False,FULL,60
DOC-00027,GR-2026-58442,14,ORDER,ATELIER NOOR OUD SAFFRON EAU DE PARFUM 100 ML,2935615951486,MS3000278,,12,EA,12,125.21,125.21,USD,False,FULL,12
DOC-00028,GR-2026-90540,1,ORDER,ATELIER NOOR ROSE AMBRÉE EAU DE PARFUM 100 ML,2943320037913,MS3010240,,6,EA,6,125.19,125.19,USD,False,FULL,6
DOC-00028,GR-2026-90540,2,ORDER,LUNE ROUGE LIP GLOSS MIRROR CLEAR (2024 PACK),2930515220472,MS7840059,MS7040059,72,EA,72,8.72,8.72,USD,False,SUBSTITUTE,72
DOC-00028,GR-2026-90540,3,ORDER,OVERNIGHT PEEL PADS,2940500750713,UNRESOLVABLE,,12,EA,12,61.43,,USD,False,N/A,
DOC-00028,GR-2026-90540,4,ORDER,VELOUR COSMETICS SATIN LIP COLOUR 08 TERRACOTTA,2955744431352,MS4000380,,96,EA,96,14.25,14.25,USD,False,FULL,96
DOC-00028,GR-2026-90540,5,ORDER,VELOUR COSMETICS VELVET MATTE FOUNDATION 30 ML 5N AMBER,2980876038599,MS4010861,,48,EA,48,18.61,18.61,USD,False,FULL,48
DOC-00028,GR-2026-90540,6,ORDER,ATELIER NOOR OUD SAFFRON EAU DE PARFUM 100 ML PROMO - NO CHARGE,2935615951486,MS3000278,,60,EA,60,0.0,0.0,USD,True,FULL,60
DOC-00028,GR-2026-90540,7,ORDER,KŌRI BOTANICALS CAMELLIA BARRIER CREAM 100 ML,2944935348746,MS2020129,,18,EA,18,33.62,33.62,USD,False,FULL,18
DOC-00028,GR-2026-90540,8,ORDER,ATELIER NOOR MUSC BLANC EAU DE PARFUM 100 ML,2975564641700,MS3040237,,18,EA,18,103.6,103.6,USD,False,FULL,18
DOC-00028,GR-2026-90540,9,ORDER,VELOUR COSMETICS SATIN LIP COLOUR 01 NUDE SILK,2927354549482,MS4000051,,24,EA,24,12.87,12.87,USD,False,FULL,24
DOC-00028,GR-2026-90540,10,ORDER,LUNE ROUGE LACQUER NAIL COLOUR 135 LILAC,2914767976431,MS7000716,,12,EA,12,6.86,6.86,USD,False,FULL,12
DOC-00028,GR-2026-90540,11,ORDER,LUNE ROUGE LACQUER NAIL COLOUR 130 CORAL REEF,2925459910220,MS7000653,,120,EA,120,6.44,6.44,USD,False,FULL,120
DOC-00028,GR-2026-90540,12,ORDER,THORNFIELD GROOMING CHARCOAL FACE WASH 150 ML,2994406409094,MS5010155,,48,EA,48,23.69,23.69,USD,False,FULL,48
DOC-00028,GR-2026-90540,13,ORDER,THORNFIELD GROOMING BEARD OIL 30 ML,2909521456236,MS5030066,,96,EA,96,10.6,10.6,USD,False,PARTIAL,5
DOC-00029,GR-2026-27527,1,ORDER,VELOUR COSMETICS VELVET MATTE FOUNDATION 30 ML 1W IVORY (2024 PACK),2943030548686,MS4810167,MS4010167,48,EA,48,18.62,18.62,USD,False,SUBSTITUTE,48
DOC-00029,GR-2026-27527,2,ORDER,VELOUR COSMETICS SOFT FOCUS BLUSH PEACH,2926398214653,MS4020080,,24,EA,24,14.81,14.81,USD,False,FULL,24
DOC-00029,GR-2026-27527,3,ORDER,LUNE ROUGE LACQUER NAIL COLOUR 110 BALLET,2960494519830,MS7000295,,24,EA,24,7.29,6.63,USD,False,FULL,24
DOC-00029,GR-2026-27527,4,ORDER,THORNFIELD GROOMING CHARCOAL FACE WASH 75 ML,2946474367134,MS5010085,,24,EA,24,16.65,16.65,USD,False,FULL,24
DOC-00029,GR-2026-27527,5,ORDER,VELOUR COSMETICS VELVET MATTE FOUNDATION 30 ML 6N ESPRESSO,2993248086135,MS4011090,,24,EA,24,18.86,18.86,USD,False,FULL,24
DOC-00029,GR-2026-27527,6,ORDER,THORNFIELD GROOMING SPORT DEODORANT STICK 75 G,2949651370989,MS5050057,,24,EA,24,12.24,12.24,USD,False,FULL,24
DOC-00029,GR-2026-27527,7,ORDER,KŌRI BOTANICALS HINOKI CALMING TONER 200 ML,2992322602568,MS2040162,,6,EA,6,31.27,31.27,USD,False,BACKORDER,0
DOC-00029,GR-2026-27527,8,ORDER,KŌRI BOTANICALS HINOKI CALMING TONER 100 ML PROMO - NO CHARGE,2904505331585,MS2040026,,60,EA,60,0.0,0.0,USD,True,FULL,60
DOC-00029,GR-2026-27527,9,ORDER,LUNE ROUGE GLOW HIGHLIGHTER MOONSTONE,2912779979952,MS7030029,,12,EA,12,11.81,11.81,USD,False,FULL,12
DOC-00029,GR-2026-27527,10,ORDER,KŌRI BOTANICALS GREEN TEA GEL CLEANSER 100 ML,2924751079918,MS2010060,,6,EA,6,16.83,16.83,USD,False,FULL,6
DOC-00029,GR-2026-27527,11,ORDER,VELOUR COSMETICS BROW SCULPT PENCIL BLONDE,2917187026212,MS4030052,,24,EA,24,11.29,11.29,USD,False,FULL,24
DOC-00029,GR-2026-27527,12,ORDER,ATELIER NOOR OUD SAFFRON EAU DE PARFUM 100 ML,2935615951486,MS3000278,,36,EA,36,125.21,125.21,USD,False,FULL,36
DOC-00029,GR-2026-27527,13,ORDER,LUNE ROUGE LACQUER NAIL COLOUR 135 LILAC (2024 PACK),2985277221700,MS7800716,MS7000716,72,EA,72,6.86,6.86,USD,False,SUBSTITUTE,72
DOC-00029,GR-2026-27527,14,ORDER,VELOUR COSMETICS VELVET MATTE FOUNDATION 30 ML 5N AMBER,2980876038599,MS4010861,,12,EA,12,18.61,18.61,USD,False,FULL,12
DOC-00029,GR-2026-27527,15,ORDER,LUNE ROUGE LACQUER NAIL COLOUR 140 GUNMETAL,2956149784036,MS7000824,,48,EA,48,6.83,6.83,USD,False,FULL,48
DOC-00029,GR-2026-27527,16,ORDER,VELOUR COSMETICS VELVET MATTE FOUNDATION 30 ML 5W TOFFEE,2970348247710,MS4010990,,12,EA,12,19.97,19.97,USD,False,FULL,12
DOC-00029,GR-2026-27527,17,ORDER,VELOUR COSMETICS SATIN LIP COLOUR 03 PETAL (2024 PACK),2955719285652,MS4800134,MS4000134,12,EA,12,12.82,12.82,USD,False,SUBSTITUTE,12
DOC-00029,GR-2026-27527,18,ORDER,VELOUR COSMETICS VELVET MATTE FOUNDATION 30 ML 5W TOFFEE (2024 PACK),2927790104320,MS4810990,MS4010990,72,EA,72,19.97,19.97,USD,False,SUBSTITUTE,72
DOC-00029,GR-2026-27527,19,ORDER,LUNE ROUGE LACQUER NAIL COLOUR 145 BORDEAUX,2900343244513,MS7000986,,96,EA,96,6.49,6.49,USD,False,FULL,96
DOC-00029,GR-2026-27527,20,ORDER,VELOUR COSMETICS BROW SCULPT PENCIL SOFT BLACK,2950455623867,MS4030315,,12,EA,12,10.84,10.84,USD,False,FULL,12
DOC-00029,GR-2026-27527,21,ORDER,VELOUR COSMETICS VELVET MATTE FOUNDATION 30 ML 4W CARAMEL,2974680715456,MS4010798,,72,EA,72,19.65,19.65,USD,False,FULL,72
DOC-00029,GR-2026-27527,22,ORDER,VELOUR COSMETICS SATIN LIP COLOUR 12 ROUGE VELOURS (2024 PACK),2965820297024,MS4800478,MS4000478,96,EA,96,13.03,13.03,USD,False,SUBSTITUTE,96
DOC-00029,GR-2026-27527,23,ORDER,LUNE ROUGE PRECISION LIQUID EYELINER BLACK,2922683885164,MS7010065,,12,EA,12,9.35,9.35,USD,False,FULL,12
DOC-00029,GR-2026-27527,24,ORDER,LUNE ROUGE LACQUER NAIL COLOUR 115 SABLE,2931585149366,MS7000371,,12,EA,12,6.37,6.37,USD,False,FULL,12
DOC-00030,BC-91376,1,ORDER,Solenne Paris Eau Micellaire Cleansing Water 200 ml,2918451462705,MS1030011,,60,EA,60,46.04,46.04,EUR,False,FULL,60
DOC-00030,BC-91376,2,ORDER,Kōri Botanicals Green Tea Gel Cleanser 100 ml,2924751079918,MS2010060,,24,EA,24,16.74,16.74,EUR,False,FULL,24
DOC-00030,BC-91376,3,ORDER,Thornfield Grooming Sport Deodorant Stick 75 g,2949651370989,MS5050057,,24,EA,24,11.63,11.63,EUR,False,FULL,24
DOC-00030,BC-91376,4,ORDER,Kōri Botanicals Sakura Dew Sleeping Mask 50 ml,2942160733757,MS2050041,,6,EA,6,17.88,17.88,EUR,False,FULL,6
DOC-00030,BC-91376,5,ORDER,Thornfield Grooming Charcoal Face Wash 150 ml,2994406409094,MS5010155,,24,EA,24,22.92,22.92,EUR,False,FULL,24
DOC-00030,BC-91376,6,ORDER,Mistral Hair Hydra Repair Conditioner 1 L Salon,2951585064315,MS6010140,,48,EA,48,31.99,31.99,EUR,False,FULL,48
DOC-00031,BC-10484,1,ORDER,Mistral Hair Colour Guard Shampoo 250 ml,2917711592121,MS6050064,,24,EA,24,31.98,31.98,EUR,False,FULL,24
DOC-00031,BC-10484,2,ORDER,Kōri Botanicals Rice Enzyme Polish 100 ml,2980112805985,MS2030164,,6,EA,6,21.72,21.72,EUR,False,FULL,6
DOC-00031,BC-10484,3,ORDER,Solenne Paris Masque Éclat Radiance Mask 75 ml,2963116566700,MS1060170,,12,EA,12,47.54,47.54,EUR,False,FULL,12
DOC-00031,BC-10484,4,ORDER,Kōri Botanicals Hinoki Calming Toner 100 ml,2904505331585,MS2040026,,12,EA,12,18.44,18.44,EUR,False,FULL,12
DOC-00031,BC-10484,5,ORDER,Solenne Paris Huile Précieuse Face Oil 30 ml,2957871331505,MS1050061,,12,EA,12,38.22,38.22,EUR,False,FULL,12
DOC-00031,BC-10484,6,ORDER,Solenne Paris Sérum Absolu Regenerating Serum 15 ml,2943321819600,MS1000013,,36,EA,36,32.73,32.73,EUR,False,FULL,36
DOC-00031,BC-10484,7,ORDER,Kōri Botanicals Rice Enzyme Polish 50 ml,2916400524276,MS2030016,,12,EA,12,14.88,14.88,EUR,False,FULL,12
DOC-00031,BC-10484,8,ORDER,Mistral Hair Sea Salt Texture Spray 150 ml,2942102053950,MS6030079,,48,EA,48,23.78,23.78,EUR,False,BACKORDER,0
DOC-00031,BC-10484,9,ORDER,Solenne Paris Crème Lumière Day Cream 30 ml,2947525534192,MS1010158,,6,EA,6,41.59,41.59,EUR,False,PARTIAL,5
DOC-00031,BC-10484,10,ORDER,Kōri Botanicals Camellia Barrier Cream 100 ml,2944935348746,MS2020129,,18,EA,18,32.53,32.53,EUR,False,FULL,18
DOC-00031,BC-10484,11,ORDER,Kōri Botanicals Sakura Dew Sleeping Mask 100 ml (2024 pack),2951531952055,MS2850139,MS2050139,12,EA,12,26.05,26.05,EUR,False,SUBSTITUTE,12
DOC-00031,BC-10484,12,ORDER,Thornfield Grooming Post-Shave Balm 75 ml,2958842474511,MS5040079,,24,EA,24,18.0,18.0,EUR,False,FULL,24
DOC-00031,BC-10484,13,ORDER,Solenne Paris Baume Nuit Night Balm 50 ml,2953287101220,MS1020161,,6,EA,6,59.0,59.0,EUR,False,FULL,6
DOC-00031,BC-10484,14,ORDER,Solenne Paris Eau Micellaire Cleansing Water 400 ml,2982814893253,MS1030143,,60,EA,60,60.22,60.22,EUR,False,FULL,60
DOC-00031,BC-10484,15,ORDER,Kōri Botanicals Yuzu Brightening Essence 200 ml,2991699854358,MS2000215,,24,EA,24,52.25,52.25,EUR,False,FULL,24
DOC-00031,BC-10484,16,ORDER,Kōri Botanicals Sakura Dew Sleeping Mask 100 ml,2930365414588,MS2050139,,48,EA,48,26.05,26.05,EUR,False,FULL,48
DOC-00031,BC-10484,17,ORDER,Solenne Paris Masque Éclat Radiance Mask 50 ml,2983473829973,MS1060019,,6,EA,6,39.62,39.62,EUR,False,FULL,6
DOC-00031,BC-10484,18,ORDER,Mistral Hair Bond Rebuild Mask 500 ml Salon,2939335290429,MS6020180,,12,EA,12,49.9,49.9,EUR,False,FULL,12
DOC-00031,BC-10484,19,ORDER,Solenne Paris Sérum Absolu Regenerating Serum 50 ml,2926542351166,MS1000210,,12,EA,12,64.8,64.8,EUR,False,FULL,12
DOC-00031,BC-10484,20,ORDER,Mistral Hair Bond Rebuild Mask 200 ml,2913900532930,MS6020068,,24,EA,24,41.59,41.59,EUR,False,FULL,24
DOC-00031,BC-10484,21,ORDER,Solenne Paris Baume Nuit Night Balm 30 ml,2972423884964,MS1020092,,12,EA,12,41.46,41.46,EUR,False,FULL,12
DOC-00031,BC-10484,22,ORDER,Thornfield Grooming Cedar Shave Cream 75 ml,2922196937923,MS5000033,,72,EA,72,15.48,15.48,EUR,False,FULL,72
DOC-00031,BC-10484,23,ORDER,Thornfield Grooming Post-Shave Balm 150 ml,2923685160488,MS5040119,,96,EA,96,27.4,27.4,EUR,False,FULL,96
DOC-00031,BC-10484,24,ORDER,Solenne Paris Crème Lumière Day Cream 50 ml,2932764835032,MS1010278,,12,EA,12,54.87,54.87,EUR,False,FULL,12
DOC-00032,BC-99592,1,ORDER,Solenne Paris Sérum Absolu Regenerating Serum 15 ml,2943321819600,MS1000013,,6,EA,6,32.73,32.73,EUR,False,FULL,6
DOC-00032,BC-99592,2,ORDER,Kōri Botanicals Green Tea Gel Cleanser 100 ml,2924751079918,MS2010060,,36,EA,36,16.74,16.74,EUR,False,FULL,36
DOC-00032,BC-99592,3,ORDER,Kōri Botanicals Yuzu Brightening Essence 200 ml,2991699854358,MS2000215,,24,EA,24,52.25,52.25,EUR,False,FULL,24
DOC-00032,BC-99592,4,ORDER,Kōri Botanicals Camellia Barrier Cream 100 ml,2944935348746,MS2020129,,6,EA,6,32.53,32.53,EUR,False,FULL,6
DOC-00032,BC-99592,5,ORDER,Kōri Botanicals Hinoki Calming Toner 100 ml,2904505331585,MS2040026,,12,EA,12,18.44,18.44,EUR,False,FULL,12
DOC-00032,BC-99592,6,ORDER,Mistral Hair Curl Define Cream 150 ml,2902681177584,MS6040043,,120,EA,120,23.27,23.27,EUR,False,FULL,120
DOC-00032,BC-99592,7,ORDER,Thornfield Grooming Sport Deodorant Stick 75 g,2949651370989,MS5050057,,12,EA,12,11.63,11.63,EUR,False,FULL,12
DOC-00032,BC-99592,8,ORDER,Mistral Hair Hydra Repair Conditioner 1 L Salon,2951585064315,MS6010140,,24,EA,24,31.99,31.99,EUR,False,FULL,24
DOC-00032,BC-99592,9,ORDER,Mistral Hair Scalp Balance Serum 50 ml,2918367365763,MS6060099,,72,EA,72,19.01,19.01,EUR,False,FULL,72
DOC-00032,BC-99592,10,ORDER,Thornfield Grooming Cedar Shave Cream 150 ml,2947407482177,MS5000191,,120,EA,120,22.65,22.65,EUR,False,FULL,120
DOC-00032,BC-99592,11,ORDER,Thornfield Grooming Charcoal Face Wash 150 ml,2994406409094,MS5010155,,96,EA,96,22.92,22.92,EUR,False,FULL,96
DOC-00032,BC-99592,12,ORDER,Solenne Paris Eau Micellaire Cleansing Water 400 ml,2982814893253,MS1030143,,60,EA,60,60.22,60.22,EUR,False,FULL,60
DOC-00032,BC-99592,13,ORDER,Mistral Hair Sea Salt Texture Spray 150 ml,2942102053950,MS6030079,,12,EA,12,23.78,23.78,EUR,False,BACKORDER,0
DOC-00032,BC-99592,14,ORDER,Solenne Paris Lotion Essentielle Toner 150 ml,2947317810800,MS1070033,,18,EA,18,46.99,46.99,EUR,False,FULL,18
DOC-00032,BC-99592,15,ORDER,Thornfield Grooming Post-Shave Balm 150 ml,2923685160488,MS5040119,,96,EA,96,27.4,27.4,EUR,False,FULL,96
DOC-00032,BC-99592,16,ORDER,Solenne Paris Masque Éclat Radiance Mask 75 ml,2963116566700,MS1060170,,36,EA,36,47.54,47.54,EUR,False,FULL,36
DOC-00032,BC-99592,17,ORDER,Mistral Hair Hydra Repair Conditioner 250 ml,2961796405371,MS6010029,,72,EA,72,29.1,29.1,EUR,False,FULL,72
DOC-00032,BC-99592,18,ORDER,Thornfield Grooming Post-Shave Balm 75 ml,2958842474511,MS5040079,,24,EA,24,18.0,18.0,EUR,False,FULL,24
DOC-00032,BC-99592,19,ORDER,Thornfield Grooming Cedar Shave Cream 75 ml,2922196937923,MS5000033,,96,EA,96,15.48,15.48,EUR,False,FULL,96
DOC-00033,BC-48987,1,ORDER,Thornfield Grooming Cedar Shave Cream 75 ml,2922196937923,MS5000033,,96,EA,96,17.03,15.48,EUR,False,FULL,96
DOC-00033,BC-48987,2,ORDER,Kōri Botanicals Rice Enzyme Polish 100 ml,2980112805985,MS2030164,,12,EA,12,21.72,21.72,EUR,False,FULL,12
DOC-00033,BC-48987,3,ORDER,Argan Miracle Oil,2931118942519,UNRESOLVABLE,,6,EA,6,57.93,,EUR,False,N/A,
DOC-00033,BC-48987,4,ORDER,Solenne Paris Huile Précieuse Face Oil 30 ml,2957871331505,MS1050061,,6,EA,6,38.22,38.22,EUR,False,FULL,6
DOC-00033,BC-48987,5,ORDER,Mistral Hair Sea Salt Texture Spray 150 ml,2942102053950,MS6030079,,24,EA,24,23.78,23.78,EUR,False,BACKORDER,0
DOC-00033,BC-48987,6,ORDER,Thornfield Grooming Post-Shave Balm 150 ml,2923685160488,MS5040119,,12,EA,12,27.4,27.4,EUR,False,FULL,12
DOC-00033,BC-48987,7,ORDER,Solenne Paris Baume Nuit Night Balm 30 ml,2972423884964,MS1020092,,36,EA,36,41.46,41.46,EUR,False,FULL,36
DOC-00033,BC-48987,8,ORDER,Kōri Botanicals Sakura Dew Sleeping Mask 100 ml (2024 pack),2951531952055,MS2850139,MS2050139,12,EA,12,26.05,26.05,EUR,False,SUBSTITUTE,12
DOC-00033,BC-48987,9,ORDER,Solenne Paris Sérum Absolu Regenerating Serum 50 ml,2926542351166,MS1000210,,60,EA,60,64.8,64.8,EUR,False,FULL,60
DOC-00033,BC-48987,10,ORDER,Solenne Paris Lotion Essentielle Toner 250 ml,2926773602600,MS1070140,,60,EA,60,70.01,70.01,EUR,False,FULL,60
DOC-00033,BC-48987,11,ORDER,Solenne Paris Contour des Yeux Eye Cream 15 ml,2930391171820,MS1040049,,36,EA,36,23.69,23.69,EUR,False,FULL,36
DOC-00033,BC-48987,12,ORDER,Kōri Botanicals Yuzu Brightening Essence 100 ml,2912191361939,MS2000175,,6,EA,6,32.04,32.04,EUR,False,FULL,6
DOC-00033,BC-48987,13,ORDER,Thornfield Grooming Beard Oil 30 ml,2909521456236,MS5030066,,48,EA,48,10.57,10.57,EUR,False,FULL,48
DOC-00033,BC-48987,14,ORDER,Kōri Botanicals Yuzu Brightening Essence 200 ml (2024 pack),2989861434101,MS2800215,MS2000215,6,EA,6,52.25,52.25,EUR,False,SUBSTITUTE,6
DOC-00033,BC-48987,15,ORDER,Solenne Paris Crème Lumière Day Cream 30 ml,2947525534192,MS1010158,,12,EA,12,41.59,41.59,EUR,False,PARTIAL,5
DOC-00033,BC-48987,16,ORDER,Solenne Paris Masque Éclat Radiance Mask 75 ml,2963116566700,MS1060170,,12,EA,12,47.54,47.54,EUR,False,FULL,12
DOC-00033,BC-48987,17,ORDER,Thornfield Grooming Charcoal Face Wash 75 ml,2946474367134,MS5010085,,48,EA,48,15.94,15.94,EUR,False,FULL,48
DOC-00033,BC-48987,18,ORDER,Kōri Botanicals Hinoki Calming Toner 200 ml,2992322602568,MS2040162,,60,EA,60,30.4,30.4,EUR,False,FULL,60
DOC-00033,BC-48987,19,ORDER,Solenne Paris Baume Nuit Night Balm 50 ml,2953287101220,MS1020161,,6,EA,6,59.0,59.0,EUR,False,FULL,6
DOC-00033,BC-48987,20,ORDER,Mistral Hair Curl Define Cream 500 ml Salon,2983908470077,MS6040167,,24,EA,24,34.74,38.6,EUR,False,FULL,24
DOC-00033,BC-48987,21,ORDER,Kōri Botanicals Sakura Dew Sleeping Mask 100 ml (2024 pack),2951531952055,MS2850139,MS2050139,24,EA,24,26.05,26.05,EUR,False,SUBSTITUTE,24
DOC-00033,BC-48987,22,ORDER,Mistral Hair Colour Guard Shampoo 1 L Salon,2998569847892,MS6050191,,48,EA,48,34.64,34.64,EUR,False,FULL,48
DOC-00033,BC-48987,23,ORDER,Solenne Paris Crème Lumière Day Cream 15 ml,2995931034133,MS1010090,,12,EA,12,27.69,27.69,EUR,False,FULL,12
DOC-00033,BC-48987,24,ORDER,Kōri Botanicals Yuzu Brightening Essence 50 ml,2980500978826,MS2000084,,36,EA,36,23.42,23.42,EUR,False,FULL,36
DOC-00033,BC-48987,25,ORDER,Kōri Botanicals Sakura Dew Sleeping Mask 100 ml,2930365414588,MS2050139,,24,EA,24,26.05,26.05,EUR,False,FULL,24
DOC-00033,BC-48987,26,ORDER,Mistral Hair Colour Guard Shampoo 250 ml,2917711592121,MS6050064,,96,EA,96,31.98,31.98,EUR,False,FULL,96
DOC-00033,BC-48987,27,ORDER,Mini Lip Trio Gift,2991226864989,UNRESOLVABLE,,6,EA,6,36.21,,EUR,False,N/A,
DOC-00033,BC-48987,28,ORDER,Thornfield Grooming Sport Deodorant Stick 75 g,2949651370989,MS5050057,,12,EA,12,11.63,11.63,EUR,False,FULL,12
DOC-00033,BC-48987,29,ORDER,Solenne Paris Lotion Essentielle Toner 150 ml,2947317810800,MS1070033,,18,EA,18,46.99,46.99,EUR,False,FULL,18
DOC-00033,BC-48987,30,ORDER,Solenne Paris Crème Lumière Day Cream 50 ml,2932764835032,MS1010278,,6,EA,6,54.87,54.87,EUR,False,FULL,6
DOC-00034,BC-42550,1,ORDER,Kōri Botanicals Sakura Dew Sleeping Mask 100 ml,2930365414588,MS2050139,,12,EA,12,26.05,26.05,EUR,False,FULL,12
DOC-00034,BC-42550,2,ORDER,Mistral Hair Hydra Repair Conditioner 250 ml,2961796405371,MS6010029,,36,EA,36,29.1,29.1,EUR,False,FULL,36
DOC-00034,BC-42550,3,ORDER,Solenne Paris Sérum Absolu Regenerating Serum 15 ml,2943321819600,MS1000013,,12,EA,12,32.73,32.73,EUR,False,FULL,12
DOC-00034,BC-42550,4,ORDER,Solenne Paris Crème Lumière Day Cream 30 ml,2947525534192,MS1010158,,12,EA,12,41.59,41.59,EUR,False,PARTIAL,5
DOC-00034,BC-42550,5,ORDER,Thornfield Grooming Charcoal Face Wash 75 ml,2946474367134,MS5010085,,48,EA,48,15.94,15.94,EUR,False,FULL,48
DOC-00034,BC-42550,6,ORDER,Mistral Hair Curl Define Cream 500 ml Salon,2983908470077,MS6040167,,60,EA,60,38.6,38.6,EUR,False,FULL,60
DOC-00034,BC-42550,7,ORDER,Solenne Paris Masque Éclat Radiance Mask 50 ml,2983473829973,MS1060019,,48,EA,48,43.58,39.62,EUR,False,FULL,48
DOC-00034,BC-42550,8,ORDER,Solenne Paris Crème Lumière Day Cream 15 ml,2995931034133,MS1010090,,18,EA,18,27.69,27.69,EUR,False,FULL,18
DOC-00034,BC-42550,9,ORDER,Mistral Hair Colour Guard Shampoo 1 L Salon,2998569847892,MS6050191,,18,EA,18,34.64,34.64,EUR,False,FULL,18
DOC-00034,BC-42550,10,ORDER,Solenne Paris Eau Micellaire Cleansing Water 400 ml,2982814893253,MS1030143,,60,EA,60,60.22,60.22,EUR,False,FULL,60
DOC-00034,BC-42550,11,ORDER,Solenne Paris Masque Éclat Radiance Mask 75 ml,2963116566700,MS1060170,,48,EA,48,47.54,47.54,EUR,False,FULL,48
DOC-00034,BC-42550,12,ORDER,Solenne Paris Baume Nuit Night Balm 30 ml (2024 pack),2975705964019,MS1820092,MS1020092,24,EA,24,41.46,41.46,EUR,False,SUBSTITUTE,24
DOC-00034,BC-42550,13,ORDER,Solenne Paris Crème Lumière Day Cream 50 ml,2932764835032,MS1010278,,24,EA,24,54.87,54.87,EUR,False,FULL,24
DOC-00034,BC-42550,14,ORDER,Solenne Paris Huile Précieuse Face Oil 30 ml,2957871331505,MS1050061,,6,EA,6,38.22,38.22,EUR,False,FULL,6
DOC-00035,BC-95315,1,ORDER,Mistral Hair Hydra Repair Conditioner 250 ml,2961796405371,MS6010029,,36,EA,36,29.1,29.1,EUR,False,FULL,36
DOC-00035,BC-95315,2,ORDER,Mistral Hair Curl Define Cream 150 ml,2902681177584,MS6040043,,36,EA,36,23.27,23.27,EUR,False,FULL,36
DOC-00035,BC-95315,3,ORDER,Mistral Hair Bond Rebuild Mask 500 ml Salon,2939335290429,MS6020180,,6,EA,6,49.9,49.9,EUR,False,FULL,6
DOC-00035,BC-95315,4,ORDER,Solenne Paris Sérum Absolu Regenerating Serum 30 ml,2938908386378,MS1000137,,12,EA,12,45.44,45.44,EUR,False,FULL,12
DOC-00035,BC-95315,5,ORDER,Mistral Hair Sea Salt Texture Spray 150 ml,2942102053950,MS6030079,,36,EA,36,21.4,23.78,EUR,False,BACKORDER,0
DOC-00035,BC-95315,6,ORDER,Kōri Botanicals Yuzu Brightening Essence 200 ml (2024 pack),2989861434101,MS2800215,MS2000215,36,EA,36,52.25,52.25,EUR,False,SUBSTITUTE,36
DOC-00035,BC-95315,7,ORDER,Mistral Hair Hydra Repair Conditioner 1 L Salon,2951585064315,MS6010140,,12,EA,12,31.99,31.99,EUR,False,FULL,12
DOC-00035,BC-95315,8,ORDER,Solenne Paris Eau Micellaire Cleansing Water 400 ml,2982814893253,MS1030143,,48,EA,48,60.22,60.22,EUR,False,FULL,48
DOC-00035,BC-95315,9,ORDER,Kōri Botanicals Yuzu Brightening Essence 50 ml,2980500978826,MS2000084,,12,EA,12,23.42,23.42,EUR,False,FULL,12
DOC-00035,BC-95315,10,ORDER,Mistral Hair Hydra Repair Shampoo 250 ml,2931746120043,MS6000088,,24,EA,24,27.32,27.32,EUR,False,FULL,24
DOC-00035,BC-95315,11,ORDER,Thornfield Grooming Cedar Shave Cream 75 ml,2922196937923,MS5000033,,12,EA,12,15.48,15.48,EUR,False,FULL,12
DOC-00035,BC-95315,12,ORDER,Mistral Hair Colour Guard Shampoo 1 L Salon,2998569847892,MS6050191,,36,EA,36,34.64,34.64,EUR,False,FULL,36
DOC-00035,BC-95315,13,ORDER,Solenne Paris Huile Précieuse Face Oil 30 ml (2024 pack),2996218518889,MS1850061,MS1050061,48,EA,48,38.22,38.22,EUR,False,SUBSTITUTE,48
DOC-00035,BC-95315,14,ORDER,Kōri Botanicals Sakura Dew Sleeping Mask 100 ml (2024 pack),2951531952055,MS2850139,MS2050139,6,EA,6,26.05,26.05,EUR,False,SUBSTITUTE,6
DOC-00035,BC-95315,15,ORDER,Solenne Paris Huile Précieuse Face Oil 30 ml (2024 pack),2996218518889,MS1850061,MS1050061,60,EA,60,38.22,38.22,EUR,False,SUBSTITUTE,60
DOC-00035,BC-95315,16,ORDER,Solenne Paris Sérum Absolu Regenerating Serum 15 ml,2943321819600,MS1000013,,18,EA,18,32.73,32.73,EUR,False,FULL,18
DOC-00035,BC-95315,17,ORDER,Solenne Paris Baume Nuit Night Balm 50 ml,2953287101220,MS1020161,,36,EA,36,59.0,59.0,EUR,False,FULL,36
DOC-00035,BC-95315,18,ORDER,Solenne Paris Crème Lumière Day Cream 50 ml,2932764835032,MS1010278,,24,EA,24,54.87,54.87,EUR,False,FULL,24
DOC-00035,BC-95315,19,ORDER,Kōri Botanicals Rice Enzyme Polish 100 ml,2980112805985,MS2030164,,36,EA,36,21.72,21.72,EUR,False,FULL,36
DOC-00035,BC-95315,20,ORDER,Solenne Paris Masque Éclat Radiance Mask 50 ml,2983473829973,MS1060019,,6,EA,6,43.58,39.62,EUR,False,FULL,6
DOC-00035,BC-95315,21,ORDER,Kōri Botanicals Camellia Barrier Cream 100 ml,2944935348746,MS2020129,,12,EA,12,28.63,32.53,EUR,False,FULL,12
DOC-00035,BC-95315,22,ORDER,Kōri Botanicals Yuzu Brightening Essence 200 ml,2991699854358,MS2000215,,12,EA,12,52.25,52.25,EUR,False,FULL,12
DOC-00035,BC-95315,23,ORDER,Solenne Paris Sérum Absolu Regenerating Serum 50 ml,2926542351166,MS1000210,,48,EA,48,64.8,64.8,EUR,False,FULL,48
DOC-00035,BC-95315,24,ORDER,Solenne Paris Contour des Yeux Eye Cream 15 ml (2024 pack),2917271551880,MS1840049,MS1040049,24,EA,24,25.35,23.69,EUR,False,SUBSTITUTE,24
DOC-00035,BC-95315,25,ORDER,Solenne Paris Baume Nuit Night Balm 30 ml,2972423884964,MS1020092,,24,EA,24,41.46,41.46,EUR,False,FULL,24
DOC-00035,BC-95315,26,ORDER,Solenne Paris Masque Éclat Radiance Mask 75 ml,2963116566700,MS1060170,,6,EA,6,47.54,47.54,EUR,False,FULL,6
DOC-00036,BC-13830,1,ORDER,Mistral Hair Bond Rebuild Mask 200 ml,2913900532930,MS6020068,,12,EA,12,41.59,41.59,EUR,False,FULL,12
DOC-00036,BC-13830,2,ORDER,Solenne Paris Baume Nuit Night Balm 50 ml,2953287101220,MS1020161,,36,EA,36,59.0,59.0,EUR,False,FULL,36
DOC-00036,BC-13830,3,ORDER,Mistral Hair Scalp Balance Serum 50 ml,2918367365763,MS6060099,,24,EA,24,19.01,19.01,EUR,False,FULL,24
DOC-00036,BC-13830,4,ORDER,Solenne Paris Eau Micellaire Cleansing Water 200 ml,2918451462705,MS1030011,,36,EA,36,50.64,46.04,EUR,False,FULL,36
DOC-00036,BC-13830,5,ORDER,Thornfield Grooming Beard Oil 30 ml,2909521456236,MS5030066,,36,EA,36,10.57,10.57,EUR,False,FULL,36
DOC-00036,BC-13830,6,ORDER,Mistral Hair Hydra Repair Conditioner 250 ml,2961796405371,MS6010029,,36,EA,36,29.1,29.1,EUR,False,FULL,36
DOC-00036,BC-13830,7,ORDER,Thornfield Grooming Charcoal Face Wash 75 ml,2946474367134,MS5010085,,12,EA,12,15.94,15.94,EUR,False,FULL,12
DOC-00036,BC-13830,8,ORDER,Solenne Paris Crème Lumière Day Cream 50 ml,2932764835032,MS1010278,,6,EA,6,54.87,54.87,EUR,False,FULL,6
DOC-00036,BC-13830,9,ORDER,Kōri Botanicals Camellia Barrier Cream 50 ml,2998084124119,MS2020048,,12,EA,12,21.58,21.58,EUR,False,FULL,12
DOC-00036,BC-13830,10,ORDER,Solenne Paris Lotion Essentielle Toner 150 ml,2947317810800,MS1070033,,24,EA,24,46.99,46.99,EUR,False,FULL,24
DOC-00036,BC-13830,11,ORDER,Thornfield Grooming Post-Shave Balm 150 ml,2923685160488,MS5040119,,24,EA,24,27.4,27.4,EUR,False,FULL,24
DOC-00036,BC-13830,12,ORDER,Mistral Hair Hydra Repair Shampoo 250 ml,2931746120043,MS6000088,,24,EA,24,27.32,27.32,EUR,False,FULL,24
DOC-00036,BC-13830,13,ORDER,Solenne Paris Crème Lumière Day Cream 30 ml,2947525534192,MS1010158,,12,EA,12,41.59,41.59,EUR,False,PARTIAL,5
DOC-00036,BC-13830,14,ORDER,Mistral Hair Hydra Repair Conditioner 1 L Salon,2951585064315,MS6010140,,48,EA,48,31.99,31.99,EUR,False,FULL,48
DOC-00036,BC-13830,15,ORDER,Kōri Botanicals Rice Enzyme Polish 100 ml,2980112805985,MS2030164,,60,EA,60,21.72,21.72,EUR,False,FULL,60
DOC-00036,BC-13830,16,ORDER,Thornfield Grooming Post-Shave Balm 75 ml,2958842474511,MS5040079,,120,EA,120,18.0,18.0,EUR,False,FULL,120
DOC-00036,BC-13830,17,ORDER,Kōri Botanicals Sakura Dew Sleeping Mask 50 ml,2942160733757,MS2050041,,6,EA,6,17.88,17.88,EUR,False,FULL,6
DOC-00036,BC-13830,18,ORDER,Mistral Hair Sea Salt Texture Spray 150 ml,2942102053950,MS6030079,,24,EA,24,23.78,23.78,EUR,False,BACKORDER,0
DOC-00036,BC-13830,19,ORDER,Thornfield Grooming Charcoal Face Wash 150 ml,2994406409094,MS5010155,,24,EA,24,22.92,22.92,EUR,False,FULL,24
DOC-00036,BC-13830,20,ORDER,Mistral Hair Curl Define Cream 500 ml Salon,2983908470077,MS6040167,,6,EA,6,38.6,38.6,EUR,False,FULL,6
DOC-00036,BC-13830,21,ORDER,Solenne Paris Crème Lumière Day Cream 15 ml,2995931034133,MS1010090,,12,EA,12,27.69,27.69,EUR,False,FULL,12
DOC-00036,BC-13830,22,ORDER,Solenne Paris Eau Micellaire Cleansing Water 400 ml,2982814893253,MS1030143,,12,EA,12,60.22,60.22,EUR,False,FULL,12
DOC-00036,BC-13830,23,ORDER,Solenne Paris Sérum Absolu Regenerating Serum 50 ml,2926542351166,MS1000210,,12,EA,12,64.8,64.8,EUR,False,FULL,12
DOC-00036,BC-13830,24,ORDER,Thornfield Grooming Cedar Shave Cream 75 ml,2922196937923,MS5000033,,48,EA,48,15.48,15.48,EUR,False,FULL,48
DOC-00036,BC-13830,25,ORDER,Thornfield Grooming Daily Moisturiser SPF 20 75 ml,2939533942106,MS5020046,,72,EA,72,22.0,22.0,EUR,False,FULL,72
DOC-00036,BC-13830,26,ORDER,Solenne Paris Contour des Yeux Eye Cream 15 ml,2930391171820,MS1040049,,18,EA,18,23.69,23.69,EUR,False,FULL,18
DOC-00036,BC-13830,27,ORDER,Kōri Botanicals Rice Enzyme Polish 50 ml,2916400524276,MS2030016,,36,EA,36,14.88,14.88,EUR,False,FULL,36
DOC-00036,BC-13830,28,ORDER,Kōri Botanicals Yuzu Brightening Essence 200 ml,2991699854358,MS2000215,,6,EA,6,52.25,52.25,EUR,False,FULL,6
DOC-00036,BC-13830,29,ORDER,Solenne Paris Baume Nuit Night Balm 30 ml,2972423884964,MS1020092,,18,EA,18,41.46,41.46,EUR,False,FULL,18
DOC-00036,BC-13830,30,ORDER,Kōri Botanicals Yuzu Brightening Essence 200 ml (2024 pack),2989861434101,MS2800215,MS2000215,6,EA,6,52.25,52.25,EUR,False,SUBSTITUTE,6
DOC-00036,BC-13830,31,ORDER,Kōri Botanicals Camellia Barrier Cream 100 ml,2944935348746,MS2020129,,12,EA,12,37.41,32.53,EUR,False,FULL,12
DOC-00036,BC-13830,32,ORDER,Solenne Paris Huile Précieuse Face Oil 30 ml,2957871331505,MS1050061,,6,EA,6,38.22,38.22,EUR,False,FULL,6
DOC-00036,BC-13830,33,ORDER,Thornfield Grooming Sport Deodorant Stick 75 g,2949651370989,MS5050057,,72,EA,72,11.63,11.63,EUR,False,FULL,72
DOC-00037,BC-26884,1,ORDER,Solenne Paris Crème Lumière Day Cream 50 ml,2932764835032,MS1010278,,6,EA,6,54.87,54.87,EUR,False,FULL,6
DOC-00037,BC-26884,2,ORDER,Solenne Paris Baume Nuit Night Balm 50 ml,2953287101220,MS1020161,,18,EA,18,59.0,59.0,EUR,False,FULL,18
DOC-00037,BC-26884,3,ORDER,Thornfield Grooming Charcoal Face Wash 150 ml,2994406409094,MS5010155,,48,EA,48,22.92,22.92,EUR,False,FULL,48
DOC-00037,BC-26884,4,ORDER,Kōri Botanicals Green Tea Gel Cleanser 100 ml,2924751079918,MS2010060,,60,EA,60,16.74,16.74,EUR,False,FULL,60
DOC-00037,BC-26884,5,ORDER,Kōri Botanicals Rice Enzyme Polish 50 ml,2916400524276,MS2030016,,6,EA,6,14.88,14.88,EUR,False,FULL,6
DOC-00038,BC-31406,1,ORDER,Thornfield Grooming Beard Oil 30 ml,2909521456236,MS5030066,,48,EA,48,10.57,10.57,EUR,False,FULL,48
DOC-00038,BC-31406,2,ORDER,Solenne Paris Baume Nuit Night Balm 30 ml (2024 pack),2975705964019,MS1820092,MS1020092,12,EA,12,41.46,41.46,EUR,False,SUBSTITUTE,12
DOC-00038,BC-31406,3,ORDER,Solenne Paris Crème Lumière Day Cream 30 ml,2947525534192,MS1010158,,60,EA,60,41.59,41.59,EUR,False,PARTIAL,5
DOC-00038,BC-31406,4,ORDER,Mistral Hair Hydra Repair Conditioner 250 ml,2961796405371,MS6010029,,48,EA,48,29.1,29.1,EUR,False,FULL,48
DOC-00038,BC-31406,5,ORDER,Kōri Botanicals Yuzu Brightening Essence 100 ml,2912191361939,MS2000175,,18,EA,18,35.24,32.04,EUR,False,FULL,18
DOC-00038,BC-31406,6,ORDER,Mistral Hair Curl Define Cream 500 ml Salon,2983908470077,MS6040167,,6,EA,6,38.6,38.6,EUR,False,FULL,6
DOC-00038,BC-31406,7,ORDER,Mistral Hair Hydra Repair Conditioner 1 L Salon,2951585064315,MS6010140,,18,EA,18,31.99,31.99,EUR,False,FULL,18
DOC-00038,BC-31406,8,ORDER,Solenne Paris Masque Éclat Radiance Mask 50 ml,2983473829973,MS1060019,,24,EA,24,39.62,39.62,EUR,False,FULL,24
DOC-00038,BC-31406,9,ORDER,Kōri Botanicals Rice Enzyme Polish 50 ml,2916400524276,MS2030016,,6,EA,6,14.88,14.88,EUR,False,FULL,6
DOC-00038,BC-31406,10,ORDER,Thornfield Grooming Post-Shave Balm 150 ml,2923685160488,MS5040119,,72,EA,72,27.4,27.4,EUR,False,FULL,72
DOC-00038,BC-31406,11,ORDER,Thornfield Grooming Charcoal Face Wash 150 ml,2994406409094,MS5010155,,120,EA,120,22.92,22.92,EUR,False,FULL,120
DOC-00038,BC-31406,12,ORDER,Mistral Hair Hydra Repair Shampoo 250 ml,2931746120043,MS6000088,,24,EA,24,27.32,27.32,EUR,False,FULL,24
DOC-00039,BC-56399,1,ORDER,Kōri Botanicals Green Tea Gel Cleanser 100 ml,2924751079918,MS2010060,,6,EA,6,16.74,16.74,EUR,False,FULL,6
DOC-00039,BC-56399,2,ORDER,Mistral Hair Hydra Repair Conditioner 250 ml,2961796405371,MS6010029,,24,EA,24,29.1,29.1,EUR,False,FULL,24
DOC-00039,BC-56399,3,ORDER,Solenne Paris Crème Lumière Day Cream 50 ml,2932764835032,MS1010278,,60,EA,60,54.87,54.87,EUR,False,FULL,60
DOC-00039,BC-56399,4,ORDER,Mistral Hair Scalp Balance Serum 50 ml,2918367365763,MS6060099,,12,EA,12,19.01,19.01,EUR,False,FULL,12
DOC-00039,BC-56399,5,ORDER,Kōri Botanicals Hinoki Calming Toner 200 ml,2992322602568,MS2040162,,12,EA,12,30.4,30.4,EUR,False,FULL,12
DOC-00039,BC-56399,6,ORDER,Kōri Botanicals Green Tea Gel Cleanser 200 ml,2984251354274,MS2010137,,60,EA,60,25.06,25.06,EUR,False,FULL,60
DOC-00039,BC-56399,7,ORDER,Mistral Hair Colour Guard Shampoo 250 ml,2917711592121,MS6050064,,24,EA,24,31.98,31.98,EUR,False,FULL,24
DOC-00039,BC-56399,8,ORDER,Mistral Hair Colour Guard Shampoo 1 L Salon,2998569847892,MS6050191,,12,EA,12,34.64,34.64,EUR,False,FULL,12
DOC-00039,BC-56399,9,ORDER,Mistral Hair Bond Rebuild Mask 500 ml Salon,2939335290429,MS6020180,,24,EA,24,49.9,49.9,EUR,False,FULL,24
DOC-00039,BC-56399,10,ORDER,Solenne Paris Crème Lumière Day Cream 30 ml,2947525534192,MS1010158,,24,EA,24,41.59,41.59,EUR,False,PARTIAL,5
DOC-00039,BC-56399,11,ORDER,Solenne Paris Lotion Essentielle Toner 250 ml,2926773602600,MS1070140,,60,EA,60,70.01,70.01,EUR,False,FULL,60
DOC-00039,BC-56399,12,ORDER,Mistral Hair Hydra Repair Conditioner 1 L Salon,2951585064315,MS6010140,,48,EA,48,31.99,31.99,EUR,False,FULL,48
DOC-00039,BC-56399,13,ORDER,Solenne Paris Contour des Yeux Eye Cream 15 ml,2930391171820,MS1040049,,36,EA,36,23.69,23.69,EUR,False,FULL,36
DOC-00039,BC-56399,14,ORDER,Thornfield Grooming Post-Shave Balm 150 ml,2923685160488,MS5040119,,120,EA,120,27.4,27.4,EUR,False,FULL,120
DOC-00039,BC-56399,15,ORDER,Argan Miracle Oil,2916392055779,UNRESOLVABLE,,6,EA,6,7.8,,EUR,False,N/A,
DOC-00039,BC-56399,16,ORDER,Mistral Hair Hydra Repair Shampoo 250 ml,2931746120043,MS6000088,,12,EA,12,24.59,27.32,EUR,False,FULL,12
DOC-00039,BC-56399,17,ORDER,Solenne Paris Crème Lumière Day Cream 15 ml (2024 pack),2984161692848,MS1810090,MS1010090,48,EA,48,27.69,27.69,EUR,False,SUBSTITUTE,48
DOC-00040,BC-59061,1,ORDER,Kōri Botanicals Sakura Dew Sleeping Mask 100 ml,2930365414588,MS2050139,,6,EA,6,26.05,26.05,EUR,False,FULL,6
DOC-00040,BC-59061,2,ORDER,Mistral Hair Bond Rebuild Mask 200 ml,2913900532930,MS6020068,,48,EA,48,41.59,41.59,EUR,False,FULL,48
DOC-00040,BC-59061,3,ORDER,Mistral Hair Scalp Balance Serum 50 ml,2918367365763,MS6060099,,96,EA,96,19.01,19.01,EUR,False,FULL,96
DOC-00040,BC-59061,4,ORDER,Solenne Paris Contour des Yeux Eye Cream 15 ml,2930391171820,MS1040049,,48,EA,48,23.69,23.69,EUR,False,FULL,48
DOC-00040,BC-59061,5,ORDER,Solenne Paris Eau Micellaire Cleansing Water 200 ml,2918451462705,MS1030011,,24,EA,24,46.04,46.04,EUR,False,FULL,24
DOC-00040,BC-59061,6,ORDER,Kōri Botanicals Camellia Barrier Cream 100 ml,2944935348746,MS2020129,,36,EA,36,32.53,32.53,EUR,False,FULL,36
DOC-00040,BC-59061,7,ORDER,Kōri Botanicals Sakura Dew Sleeping Mask 50 ml,2942160733757,MS2050041,,12,EA,12,17.88,17.88,EUR,False,FULL,12
DOC-00040,BC-59061,8,ORDER,Solenne Paris Sérum Absolu Regenerating Serum 15 ml,2943321819600,MS1000013,,12,EA,12,32.73,32.73,EUR,False,FULL,12
DOC-00040,BC-59061,9,ORDER,Mistral Hair Sea Salt Texture Spray 150 ml,2942102053950,MS6030079,,12,EA,12,23.78,23.78,EUR,False,BACKORDER,0
DOC-00041,BC-23508,1,ORDER,Solenne Paris Crème Lumière Day Cream 15 ml (2024 pack),2984161692848,MS1810090,MS1010090,60,EA,60,27.69,27.69,EUR,False,SUBSTITUTE,60
DOC-00041,BC-23508,2,ORDER,Solenne Paris Baume Nuit Night Balm 50 ml,2953287101220,MS1020161,,24,EA,24,59.0,59.0,EUR,False,FULL,24
DOC-00041,BC-23508,3,ORDER,Solenne Paris Eau Micellaire Cleansing Water 200 ml,2918451462705,MS1030011,,6,EA,6,46.04,46.04,EUR,False,FULL,6
DOC-00041,BC-23508,4,ORDER,Kōri Botanicals Hinoki Calming Toner 100 ml,2904505331585,MS2040026,,24,EA,24,18.44,18.44,EUR,False,FULL,24
DOC-00041,BC-23508,5,ORDER,Solenne Paris Sérum Absolu Regenerating Serum 50 ml,2926542351166,MS1000210,,12,EA,12,64.8,64.8,EUR,False,FULL,12
DOC-00041,BC-23508,6,ORDER,Kōri Botanicals Yuzu Brightening Essence 100 ml,2912191361939,MS2000175,,12,EA,12,32.04,32.04,EUR,False,FULL,12
DOC-00041,BC-23508,7,ORDER,Solenne Paris Masque Éclat Radiance Mask 50 ml,2983473829973,MS1060019,,36,EA,36,39.62,39.62,EUR,False,FULL,36
DOC-00041,BC-23508,8,ORDER,Solenne Paris Eau Micellaire Cleansing Water 400 ml,2982814893253,MS1030143,,18,EA,18,60.22,60.22,EUR,False,FULL,18
DOC-00041,BC-23508,9,ORDER,Kōri Botanicals Sakura Dew Sleeping Mask 50 ml,2942160733757,MS2050041,,12,EA,12,17.88,17.88,EUR,False,FULL,12
DOC-00041,BC-23508,10,ORDER,Solenne Paris Sérum Absolu Regenerating Serum 30 ml,2938908386378,MS1000137,,60,EA,60,45.44,45.44,EUR,False,FULL,60
DOC-00041,BC-23508,11,ORDER,Mistral Hair Hydra Repair Shampoo 1 L Salon,2913826758698,MS6000124,,36,EA,36,33.19,33.19,EUR,False,BACKORDER,0
DOC-00041,BC-23508,12,ORDER,Mistral Hair Bond Rebuild Mask 500 ml Salon,2939335290429,MS6020180,,6,EA,6,49.9,49.9,EUR,False,FULL,6
DOC-00042,BC-64815,1,ORDER,Kōri Botanicals Sakura Dew Sleeping Mask 100 ml,2930365414588,MS2050139,,60,EA,60,26.05,26.05,EUR,False,FULL,60
DOC-00042,BC-64815,2,ORDER,Mistral Hair Hydra Repair Conditioner 250 ml,2961796405371,MS6010029,,24,EA,24,33.46,29.1,EUR,False,FULL,24
DOC-00042,BC-64815,3,ORDER,Mistral Hair Curl Define Cream 150 ml,2902681177584,MS6040043,,120,EA,120,23.27,23.27,EUR,False,FULL,120
DOC-00042,BC-64815,4,ORDER,Solenne Paris Baume Nuit Night Balm 50 ml,2953287101220,MS1020161,,18,EA,18,59.0,59.0,EUR,False,FULL,18
DOC-00042,BC-64815,5,ORDER,Kōri Botanicals Sakura Dew Sleeping Mask 50 ml,2942160733757,MS2050041,,6,EA,6,17.88,17.88,EUR,False,FULL,6
DOC-00042,BC-64815,6,ORDER,Solenne Paris Crème Lumière Day Cream 30 ml,2947525534192,MS1010158,,6,EA,6,41.59,41.59,EUR,False,PARTIAL,5
DOC-00042,BC-64815,7,ORDER,Thornfield Grooming Cedar Shave Cream 150 ml,2947407482177,MS5000191,,24,EA,24,22.65,22.65,EUR,False,FULL,24
DOC-00042,BC-64815,8,ORDER,Kōri Botanicals Hinoki Calming Toner 200 ml,2992322602568,MS2040162,,12,EA,12,30.4,30.4,EUR,False,FULL,12
DOC-00042,BC-64815,9,ORDER,Thornfield Grooming Daily Moisturiser SPF 20 75 ml,2939533942106,MS5020046,,48,EA,48,22.0,22.0,EUR,False,FULL,48
DOC-00042,BC-64815,10,ORDER,Thornfield Grooming Charcoal Face Wash 150 ml,2994406409094,MS5010155,,120,EA,120,22.92,22.92,EUR,False,FULL,120
DOC-00042,BC-64815,11,ORDER,Solenne Paris Sérum Absolu Regenerating Serum 30 ml,2938908386378,MS1000137,,18,EA,18,45.44,45.44,EUR,False,FULL,18
DOC-00042,BC-64815,12,ORDER,Solenne Paris Contour des Yeux Eye Cream 15 ml,2930391171820,MS1040049,,24,EA,24,23.69,23.69,EUR,False,FULL,24
DOC-00042,BC-64815,13,ORDER,Kōri Botanicals Yuzu Brightening Essence 100 ml,2912191361939,MS2000175,,6,EA,6,32.04,32.04,EUR,False,FULL,6
DOC-00042,BC-64815,14,ORDER,Solenne Paris Eau Micellaire Cleansing Water 200 ml,2918451462705,MS1030011,,6,EA,6,46.04,46.04,EUR,False,FULL,6
DOC-00042,BC-64815,15,ORDER,Kōri Botanicals Yuzu Brightening Essence 200 ml,2991699854358,MS2000215,,18,EA,18,52.25,52.25,EUR,False,FULL,18
DOC-00042,BC-64815,16,ORDER,Solenne Paris Sérum Absolu Regenerating Serum 50 ml,2926542351166,MS1000210,,48,EA,48,64.8,64.8,EUR,False,FULL,48
DOC-00042,BC-64815,17,ORDER,Solenne Paris Crème Lumière Day Cream 15 ml,2995931034133,MS1010090,,36,EA,36,27.69,27.69,EUR,False,FULL,36
DOC-00042,BC-64815,18,ORDER,Solenne Paris Masque Éclat Radiance Mask 50 ml,2983473829973,MS1060019,,24,EA,24,39.62,39.62,EUR,False,FULL,24
DOC-00042,BC-64815,19,ORDER,Kōri Botanicals Hinoki Calming Toner 100 ml,2904505331585,MS2040026,,48,EA,48,18.44,18.44,EUR,False,FULL,48
DOC-00042,BC-64815,20,ORDER,Solenne Paris Lotion Essentielle Toner 250 ml,2926773602600,MS1070140,,48,EA,48,70.01,70.01,EUR,False,FULL,48
DOC-00042,BC-64815,21,ORDER,Kōri Botanicals Camellia Barrier Cream 50 ml,2998084124119,MS2020048,,18,EA,18,21.58,21.58,EUR,False,FULL,18
DOC-00042,BC-64815,22,ORDER,Thornfield Grooming Sport Deodorant Stick 75 g,2949651370989,MS5050057,,24,EA,24,11.63,11.63,EUR,False,FULL,24
DOC-00042,BC-64815,23,ORDER,Mistral Hair Colour Guard Shampoo 250 ml,2917711592121,MS6050064,,72,EA,72,31.98,31.98,EUR,False,FULL,72
DOC-00042,BC-64815,24,ORDER,Kōri Botanicals Yuzu Brightening Essence 50 ml,2980500978826,MS2000084,,6,EA,6,23.42,23.42,EUR,False,FULL,6
DOC-00042,BC-64815,25,ORDER,Kōri Botanicals Yuzu Brightening Essence 200 ml (2024 pack),2989861434101,MS2800215,MS2000215,6,EA,6,52.25,52.25,EUR,False,SUBSTITUTE,6
DOC-00042,BC-64815,26,ORDER,Solenne Paris Crème Lumière Day Cream 50 ml,2932764835032,MS1010278,,6,EA,6,54.87,54.87,EUR,False,FULL,6
DOC-00043,,1,ORDER,Lotion Essentielle,,MS1070033,,6,EA,6,,48.8,EUR,False,FULL,6
DOC-00043,,2,ORDER,musc lbanc edp,,MS3040160,,1,EA,1,,69.96,EUR,False,FULL,1
DOC-00043,,3,ORDER,Noor Néroli Soleil edt,,MS3030052,,1,EA,1,,56.04,EUR,False,FULL,1
DOC-00044,200/26,1,ORDER,Musc Blanc EDP,,MS3040160,,6,EA,6,,69.96,EUR,False,FULL,6
DOC-00044,200/26,2,ORDER,Rose Ambrée edp,,MS3010166,,4,EA,4,,79.58,EUR,False,FULL,4
DOC-00044,200/26,3,ORDER,Eau Micellaire,,MS1030011,,3,EA,3,,46.85,EUR,False,FULL,3
DOC-00044,200/26,4,ORDER,holiday vault set exclusive,,UNRESOLVABLE,,6,EA,6,,,EUR,False,N/A,
DOC-00044,200/26,5,ORDER,noor oud saffron edp,,MS3000078,,4,EA,4,,64.84,EUR,False,PARTIAL,2
DOC-00045,824/26,1,ORDER,Serum Absolu,,MS1000210,,6,EA,6,,66.63,EUR,False,FULL,6
DOC-00045,824/26,2,ORDER,Baume Nuit,,MS1020161,,3,EA,3,,60.83,EUR,False,FULL,3
DOC-00045,824/26,3,ORDER,noorm usc blanc parfum,,MS3040160,,1,EA,1,,69.96,EUR,False,FULL,1
DOC-00045,824/26,4,ORDER,Lotion Essentielle,,MS1070140,,4,EA,4,,73.55,EUR,False,FULL,4
DOC-00045,824/26,5,ORDER,Solenne Lotion Essentielle,,MS1070033,,12,EA,12,,48.8,EUR,False,FULL,12
DOC-00045,824/26,6,ORDER,argan miracle oil,,UNRESOLVABLE,,3,EA,3,,,EUR,False,N/A,
DOC-00045,824/26,7,ORDER,travel exclusive duo set,,UNRESOLVABLE,,6,EA,6,,,EUR,False,N/A,
DOC-00046,,1,ORDER,Huile Précieuse,,MS1050061,,2,EA,2,,40.41,EUR,False,FULL,2
DOC-00046,,2,ORDER,crème lumière,,MS1010278,,12,EA,12,,56.49,EUR,False,FULL,12
DOC-00046,,3,ORDER,solenne serum absolu,,MS1000013,,12,EA,12,,33.5,EUR,False,FULL,12
DOC-00046,,4,ORDER,NoorM usc Blanc EDP,,MS3040160,,3,EA,3,,69.96,EUR,False,FULL,3
DOC-00047,111/26,1,ORDER,Vetiver Nocturne toilette,,MS3020181,,3,EA,3,,96.44,EUR,False,FULL,3
DOC-00047,111/26,2,ORDER,Solenne Serum Absolu,,MS1000137,,4,EA,4,,45.94,EUR,False,FULL,4
DOC-00047,111/26,3,ORDER,solenne lotion essentielle,,MS1070033,,1,EA,1,,48.8,EUR,False,FULL,1
DOC-00047,111/26,4,ORDER,solennem asque éclat,,MS1060019,,6,EA,6,,40.54,EUR,False,FULL,6
DOC-00047,111/26,5,ORDER,Contourd es,,MS1040049,,1,EA,1,,23.66,EUR,False,FULL,1
DOC-00047,111/26,6,ORDER,néroli soleil edt,,MS3030152,,12,EA,12,,86.38,EUR,False,BACKORDER,0
DOC-00048,918/26,1,ORDER,masque éclat,,MS1060170,,4,EA,4,,50.0,EUR,False,FULL,4
DOC-00048,918/26,2,ORDER,Musc Blanc EDP,,MS3040160,,6,EA,6,,69.96,EUR,False,FULL,6
DOC-00048,918/26,3,ORDER,Noor Oud Saffron EDP,,MS3000150,,4,EA,4,,89.01,EUR,False,FULL,4
DOC-00048,918/26,4,ORDER,Vétiver Nocturne edt,,MS3020181,,3,EA,3,,96.44,EUR,False,FULL,3
DOC-00048,918/26,5,ORDER,crème lumière,,MS1010278,,12,EA,12,,56.49,EUR,False,FULL,12
DOC-00048,918/26,6,ORDER,Noor Rose Ambrée EDP,,MS3010240,,6,EA,6,,125.73,EUR,False,FULL,6
DOC-00048,918/26,7,ORDER,crème lumière,,MS1010090,,4,EA,4,,28.57,EUR,False,FULL,4
DOC-00048,918/26,8,ORDER,eau micellaire,,MS1030143,,4,EA,4,,63.22,EUR,False,FULL,4
DOC-00048,918/26,9,ORDER,Neroli Soleil edt,,MS3030152,,3,EA,3,,86.38,EUR,False,BACKORDER,0
DOC-00048,918/26,10,ORDER,Noor Neroli Soleil toilette,,MS3030052,,2,EA,2,,56.04,EUR,False,FULL,2
DOC-00048,918/26,11,ORDER,Oud Saffron parfum,,MS3000078,,6,EA,6,,64.84,EUR,False,PARTIAL,2
DOC-00049,687/26,1,ORDER,Musc Blanc edp,,MS3040044,,4,EA,4,,52.14,EUR,False,FULL,4
DOC-00049,687/26,2,ORDER,noor cuir fume extrait,,MS3050040,,6,EA,6,,115.24,EUR,False,FULL,6
DOC-00049,687/26,3,ORDER,Lotion Essentielle,,MS1070033,,3,EA,3,,48.8,EUR,False,FULL,3
DOC-00049,687/26,4,ORDER,sloenne sérum absolu,,MS1000210,,6,EA,6,,66.63,EUR,False,FULL,6
DOC-00049,687/26,5,ORDER,vteiver nocturne edt,,MS3020181,,2,EA,2,,96.44,EUR,False,FULL,2
DOC-00049,687/26,6,ORDER,Vétiver Nocturen EDT,,MS3020038,,6,EA,6,,64.34,EUR,False,FULL,6
DOC-00049,687/26,7,ORDER,Crème Luimère,,MS1010090,,6,EA,6,,28.57,EUR,False,FULL,6
DOC-00050,516/26,1,ORDER,overnight peel pads,,UNRESOLVABLE,,2,EA,2,,,EUR,False,N/A,
DOC-00050,516/26,2,ORDER,Solenne Lotion Essentielle,,MS1070033,,6,EA,6,,48.8,EUR,False,FULL,6
DOC-00050,516/26,3,ORDER,Crème Lumière,,MS1010278,,3,EA,3,,56.49,EUR,False,FULL,3
DOC-00050,516/26,4,ORDER,Serum Absolu,,MS1000137,,6,EA,6,,45.94,EUR,False,FULL,6
DOC-00050,516/26,5,ORDER,vetiver nocturne toilette,,MS3020038,,4,EA,4,,64.34,EUR,False,FULL,4
DOC-00050,516/26,6,ORDER,Conotur des,,MS1040049,,1,EA,1,,23.66,EUR,False,FULL,1
DOC-00050,516/26,7,ORDER,nerloi soleil edt,,MS3030052,,6,EA,6,,56.04,EUR,False,FULL,6
DOC-00050,516/26,8,ORDER,Huile Précieuse,,MS1050061,,4,EA,4,,40.41,EUR,False,FULL,4
DOC-00050,516/26,9,ORDER,noor msuc blanc edp,,MS3040044,,4,EA,4,,52.14,EUR,False,FULL,4
DOC-00050,516/26,10,ORDER,Solenne Baume uNit,,MS1020161,,6,EA,6,,60.83,EUR,False,FULL,6
DOC-00050,516/26,11,ORDER,Eau Micellaire,,MS1030011,,3,EA,3,,46.85,EUR,False,FULL,3
DOC-00051,605/26,1,ORDER,noor musc blanc edp,,MS3040044,,6,EA,6,,52.14,EUR,False,FULL,6
DOC-00051,605/26,2,ORDER,Solenne Masque Éclat,,MS1060019,,4,EA,4,,40.54,EUR,False,FULL,4
DOC-00051,605/26,3,ORDER,Noor Vetvier Nocturne toilette,,MS3020181,,12,EA,12,,96.44,EUR,False,FULL,12
DOC-00051,605/26,4,ORDER,noor ros eambrée parfum,,MS3010166,,12,EA,12,,79.58,EUR,False,FULL,12
DOC-00051,605/26,5,ORDER,Odu Saffron EDP,,MS3000150,,4,EA,4,,89.01,EUR,False,FULL,4
DOC-00051,605/26,6,ORDER,Baume Nuit,,MS1020161,,6,EA,6,,60.83,EUR,False,FULL,6
DOC-00051,605/26,7,ORDER,Cotnour des,,MS1040049,,6,EA,6,,23.66,EUR,False,FULL,6
DOC-00051,605/26,8,ORDER,eau micellaire,,MS1030011,,2,EA,2,,46.85,EUR,False,FULL,2
DOC-00051,605/26,9,ORDER,Solenne Baume Nuit,,MS1020092,,3,EA,3,,44.07,EUR,False,FULL,3
DOC-00051,605/26,10,ORDER,rose ambree edp,,MS3010240,,6,EA,6,,125.73,EUR,False,FULL,6
DOC-00052,930/26,1,ORDER,noor rose ambrée edp,,MS3010166,,2,EA,2,,79.58,EUR,False,FULL,2
DOC-00052,930/26,2,ORDER,noor rose ambree edp,,MS3010048,,1,EA,1,,59.01,EUR,False,FULL,1
DOC-00052,930/26,3,ORDER,musc blanc edp,,MS3040237,,3,EA,3,,107.83,EUR,False,FULL,3
DOC-00052,930/26,4,ORDER,solenne seurm absolu,,MS1000013,,1,EA,1,,33.5,EUR,False,FULL,1
DOC-00052,930/26,5,ORDER,SolenneC rème Lumière,,MS1010090,,2,EA,2,,28.57,EUR,False,FULL,2
DOC-00052,930/26,6,ORDER,Oud Saffron parfum,,MS3000150,,12,EA,12,,89.01,EUR,False,FULL,12
DOC-00052,930/26,7,ORDER,Cuir Fume extrait,,MS3050124,,6,EA,6,,176.41,EUR,False,FULL,6
DOC-00052,930/26,8,ORDER,Noor Iris Poudre edp,,MS3060165,,4,EA,4,,116.21,EUR,False,FULL,4
DOC-00052,930/26,9,ORDER,Eau Micellaire,,MS1030143,,2,EA,2,,63.22,EUR,False,FULL,2
DOC-00053,646/26,1,ORDER,vétiver nocturne edt,,MS3020181,,3,EA,3,,96.44,EUR,False,FULL,3
DOC-00053,646/26,2,ORDER,Baume Nuit,,MS1020092,,3,EA,3,,44.07,EUR,False,FULL,3
DOC-00053,646/26,3,ORDER,rose ambree edp,,MS3010166,,3,EA,3,,79.58,EUR,False,FULL,3
DOC-00053,646/26,4,ORDER,Eau Micellaire,,MS1030011,,3,EA,3,,46.85,EUR,False,FULL,3
DOC-00053,646/26,5,ORDER,huile precieuse,,MS1050061,,2,EA,2,,40.41,EUR,False,FULL,2
DOC-00053,646/26,6,ORDER,Eau Micellaire,,MS1030143,,3,EA,3,,63.22,EUR,False,FULL,3
DOC-00053,646/26,7,ORDER,Noor Rose Ambree EDP,,MS3010048,,2,EA,2,,59.01,EUR,False,FULL,2
DOC-00053,646/26,8,ORDER,Noor Oud SaffronE DP,,MS3000150,,12,EA,12,,89.01,EUR,False,FULL,12
DOC-00053,646/26,9,ORDER,glitter fantasy palette,,UNRESOLVABLE,,2,EA,2,,,EUR,False,N/A,
DOC-00053,646/26,10,ORDER,masque éclat,,MS1060170,,1,EA,1,,50.0,EUR,False,FULL,1
DOC-00053,646/26,11,ORDER,argan miracle oil,,UNRESOLVABLE,,2,EA,2,,,EUR,False,N/A,
DOC-00054,994/26,1,ORDER,noor oud saffron edp,,MS3000278,,3,EA,3,,127.76,EUR,False,FULL,3
DOC-00054,994/26,2,ORDER,Solenne Crème Lumière,,MS1010278,,6,EA,6,,56.49,EUR,False,FULL,6
DOC-00054,994/26,3,ORDER,vetiver nocturne edt,,MS3020038,,6,EA,6,,64.34,EUR,False,FULL,6
DOC-00054,994/26,4,ORDER,cuir fume extrait,,MS3050040,,6,EA,6,,115.24,EUR,False,FULL,6
DOC-00054,994/26,5,ORDER,Noor Musc Blanc parfum,,MS3040160,,1,EA,1,,69.96,EUR,False,FULL,1
DOC-00054,994/26,6,ORDER,Eau Micellaire,,MS1030143,,6,EA,6,,63.22,EUR,False,FULL,6
DOC-00054,994/26,7,ORDER,iris poudre edp,,MS3060057,,1,EA,1,,75.89,EUR,False,FULL,1
DOC-00054,994/26,8,ORDER,noor rose ambré eedp,,MS3010166,,1,EA,1,,79.58,EUR,False,FULL,1
DOC-00054,994/26,9,ORDER,Noor Cuir Fume Extrait,,MS3050124,,6,EA,6,,176.41,EUR,False,FULL,6
DOC-00054,994/26,10,ORDER,Noor Néroli Soleli toilette,,MS3030152,,12,EA,12,,86.38,EUR,False,BACKORDER,0
DOC-00054,994/26,11,ORDER,solenne baume nuit,,MS1020161,,6,EA,6,,60.83,EUR,False,FULL,6
DOC-00055,,1,ORDER,noor musc blanc edp,,MS3040044,,6,EA,6,,52.14,EUR,False,FULL,6
DOC-00055,,2,ORDER,contour eds,,MS1040049,,3,EA,3,,23.66,EUR,False,FULL,3
DOC-00055,,3,ORDER,Sérum Absolu,,MS1000013,,3,EA,3,,33.5,EUR,False,FULL,3
DOC-00055,,4,ORDER,Cuir Fume Extrait,,MS3050040,,12,EA,12,,115.24,EUR,False,FULL,12
DOC-00055,,5,ORDER,solenne crème lumière,,MS1010278,,2,EA,2,,56.49,EUR,False,FULL,2
DOC-00055,,6,ORDER,Crmèe Lumière,,MS1010090,,1,EA,1,,28.57,EUR,False,FULL,1
DOC-00055,,7,ORDER,glitter fantasy palette,,UNRESOLVABLE,,2,EA,2,,,EUR,False,N/A,
DOC-00056,572/26,1,ORDER,noor rose ambrée edp,,MS3010166,,1,EA,1,,79.58,EUR,False,FULL,1
DOC-00056,572/26,2,ORDER,noor cuir fume extrait,,MS3050124,,3,EA,3,,176.41,EUR,False,FULL,3
DOC-00056,572/26,3,ORDER,Crème Lumière,,MS1010090,,1,EA,1,,28.57,EUR,False,FULL,1
DOC-00056,572/26,4,ORDER,crema mani rosa,,UNRESOLVABLE,,3,EA,3,,,EUR,False,N/A,
DOC-00056,572/26,5,ORDER,rose ambrée edp,,MS3010048,,6,EA,6,,59.01,EUR,False,FULL,6
DOC-00056,572/26,6,ORDER,Solenne Baume Nuit,,MS1020092,,12,EA,12,,44.07,EUR,False,FULL,12
DOC-00056,572/26,7,ORDER,Noor Musc Blanc edp,,MS3040160,,3,EA,3,,69.96,EUR,False,FULL,3
DOC-00056,572/26,8,ORDER,noor oud saffrone dp,,MS3000150,,3,EA,3,,89.01,EUR,False,FULL,3
DOC-00056,572/26,9,ORDER,noor neroli soleil toilette,,MS3030052,,3,EA,3,,56.04,EUR,False,FULL,3
DOC-00056,572/26,10,ORDER,Solenne Huile Précieuse,,MS1050061,,1,EA,1,,40.41,EUR,False,FULL,1
DOC-00057,642/26,1,ORDER,crema mani rosa,,UNRESOLVABLE,,2,EA,2,,,EUR,False,N/A,
DOC-00057,642/26,2,ORDER,argan miracle oil,,UNRESOLVABLE,,3,EA,3,,,EUR,False,N/A,
DOC-00057,642/26,3,ORDER,noor oud saffrno edp,,MS3000150,,2,EA,2,,89.01,EUR,False,FULL,2
DOC-00057,642/26,4,ORDER,vétiver nocturne toilette,,MS3020038,,4,EA,4,,64.34,EUR,False,FULL,4
DOC-00057,642/26,5,ORDER,Noor Musc Blanc parfum,,MS3040160,,6,EA,6,,69.96,EUR,False,FULL,6
DOC-00057,642/26,6,ORDER,Crème Lumière,,MS1010090,,3,EA,3,,28.57,EUR,False,FULL,3
DOC-00057,642/26,7,ORDER,Eau Micellaire,,MS1030011,,12,EA,12,,46.85,EUR,False,FULL,12
DOC-00057,642/26,8,ORDER,vétiver nocturne edt,,MS3020181,,12,EA,12,,96.44,EUR,False,FULL,12
DOC-00057,642/26,9,ORDER,Eau Micellaire,,MS1030143,,12,EA,12,,63.22,EUR,False,FULL,12
DOC-00058,696/26,1,ORDER,advent calendar 2026,,UNRESOLVABLE,,6,EA,6,,,EUR,False,N/A,
DOC-00058,696/26,2,ORDER,neroli soleil edt,,MS3030052,,3,EA,3,,56.04,EUR,False,FULL,3
DOC-00058,696/26,3,ORDER,Iris Poudre EDP,,MS3060057,,1,EA,1,,75.89,EUR,False,FULL,1
DOC-00058,696/26,4,ORDER,solenne eau micellaire,,MS1030011,,3,EA,3,,46.85,EUR,False,FULL,3
DOC-00058,696/26,5,ORDER,noor vétievr nocturne toilette,,MS3020038,,1,EA,1,,64.34,EUR,False,FULL,1
DOC-00059,MTR-LHR-26-2527,1,ORDER,Lip Gloss Mirror,MTR-99167,MS7040059,,2,CS,24,9.18,7.98,USD,False,FULL,24
DOC-00059,MTR-LHR-26-2527,2,ORDER,Oud Saffron Eau de Parfum,MTR-28018,MS3000278,,2,CS,12,115.19,115.19,USD,False,FULL,12
DOC-00059,MTR-LHR-26-2527,3,ORDER,Velvet Matte Foundation 30 ml,MTR-84420,MS4010290,,3,CS,36,18.76,18.76,USD,False,FULL,36
DOC-00059,MTR-LHR-26-2527,4,ORDER,Crème Lumière Day Cream,MTR-29198,MS1010158,,4,CS,24,38.84,38.84,USD,False,FULL,24
DOC-00059,MTR-LHR-26-2527,5,ORDER,Sérum Absolu Regenerating Serum,MTR-59767,MS1000210,,4,CS,24,61.01,61.01,USD,False,FULL,24
DOC-00059,MTR-LHR-26-2527,6,ORDER,Velvet Matte Foundation 30 ml,MTR-42512,MS4010990,,2,CS,24,18.04,18.04,USD,False,FULL,24
DOC-00059,MTR-LHR-26-2527,7,ORDER,Satin Lip Colour,MTR-11214,MS4000134,,3,CS,36,12.0,12.0,USD,False,FULL,36
DOC-00059,MTR-LHR-26-2527,8,ORDER,Vétiver Nocturne Eau de Toilette,MTR-36143,MS3020038,,1,CS,6,56.71,56.71,USD,False,FULL,6
DOC-00059,MTR-LHR-26-2527,9,ORDER,Lip Gloss Mirror,MTR-86434,MS7040117,,2,CS,24,8.08,8.08,USD,False,FULL,24
DOC-00059,MTR-LHR-26-2527,10,ORDER,Soft Focus Blush,MTR-40972,MS4020362,,4,CS,48,14.21,14.21,USD,False,FULL,48
DOC-00059,MTR-LHR-26-2527,11,ORDER,Velvet Matte Foundation 30 ml,MTR-60275,MS4011090,,2,CS,24,16.76,16.76,USD,False,FULL,24
DOC-00059,MTR-LHR-26-2527,12,ORDER,Iris Poudré Eau de Parfum,MTR-34420,MS3060165,,1,CS,6,103.77,103.77,USD,False,PARTIAL,2
DOC-00059,MTR-LHR-26-2527,13,ORDER,Iris Poudré Eau de Parfum,MTR-62034,MS3060057,,4,CS,24,68.67,68.67,USD,False,FULL,24
DOC-00059,MTR-LHR-26-2527,14,ORDER,Satin Lip Colour,MTR-27589,MS4000699,,2,CS,24,12.34,12.34,USD,False,FULL,24
DOC-00059,MTR-LHR-26-2527,15,ORDER,Lacquer Nail Colour,MTR-80453,MS7000716,,1,CS,12,6.11,6.11,USD,False,FULL,12
DOC-00059,MTR-LHR-26-2527,16,ORDER,Glow Highlighter,MTR-36497,MS7030029,,2,CS,24,10.69,10.69,USD,False,FULL,24
DOC-00059,MTR-LHR-26-2527,17,ORDER,Velvet Matte Foundation 30 ml,MTR-34405,MS4010022,,4,CS,48,18.59,18.59,USD,False,FULL,48
DOC-00059,MTR-LHR-26-2527,18,ORDER,Oud Saffron Eau de Parfum,MTR-71918,MS3000150,,6,CS,36,80.51,80.51,USD,False,FULL,36
DOC-00059,MTR-LHR-26-2527,19,ORDER,Soft Focus Blush,MTR-49576,MS4020080,,6,CS,72,13.17,13.17,USD,False,FULL,72
DOC-00059,MTR-LHR-26-2527,20,ORDER,Travel Exclusive Duo Set,MTR-69071,UNRESOLVABLE,,2,CS,,9.79,,USD,False,N/A,
DOC-00059,MTR-LHR-26-2527,21,ORDER,Baume Nuit Night Balm,MTR-67983,MS1020161,,1,CS,6,56.98,56.98,USD,False,PARTIAL,1
DOC-00059,MTR-LHR-26-2527,22,ORDER,Velvet Matte Foundation 30 ml,MTR-44995,MS4011124,,1,CS,12,18.54,18.54,USD,False,PARTIAL,1
DOC-00059,MTR-LHR-26-2527,23,ORDER,Rose Ambrée Eau de Parfum,MTR-30701,MS3010166,,3,CS,18,71.13,71.13,USD,False,FULL,18
DOC-00059,MTR-LHR-26-2527,24,ORDER,Masque Éclat Radiance Mask,MTR-86917,MS1060019,,3,CS,18,37.59,37.59,USD,False,FULL,18
DOC-00059,MTR-LHR-26-2527,25,ORDER,Precision Liquid Eyeliner,MTR-20237,MS7010261,,6,CS,72,8.87,8.87,USD,False,FULL,72
DOC-00059,MTR-LHR-26-2527,26,ORDER,Lacquer Nail Colour,MTR-38627,MS7000824,,1,CS,12,6.13,6.13,USD,False,FULL,12
DOC-00059,MTR-LHR-26-2527,27,ORDER,Soft Focus Blush,MTR-85088,MS4020174,,3,CS,36,14.4,14.4,USD,False,FULL,36
DOC-00059,MTR-LHR-26-2527,28,ORDER,Precision Liquid Eyeliner,MTR-79228,MS7010115,,4,CS,48,9.38,9.38,USD,False,FULL,48
DOC-00059,MTR-LHR-26-2527,29,ORDER,Lacquer Nail Colour,MTR-69634,MS7000489,,2,CS,24,6.28,6.28,USD,False,FULL,24
DOC-00059,MTR-LHR-26-2527,30,ORDER,Brow Sculpt Pencil,MTR-50760,MS4030315,,6,CS,72,10.16,10.16,USD,False,FULL,72
DOC-00059,MTR-LHR-26-2527,31,ORDER,Oud Saffron Eau de Parfum,MTR-64172,MS3000078,,1,CS,12,59.38,59.38,USD,False,FULL,12
DOC-00059,MTR-LHR-26-2527,32,ORDER,Discovery Coffret 5x10ml,MTR-12635,UNRESOLVABLE,,1,CS,,77.97,,USD,False,N/A,
DOC-00059,MTR-DXB-26-6386,1,ORDER,Satin Lip Colour,MTR-24764,MS4000882,,2,CS,24,12.12,12.12,USD,False,FULL,24
DOC-00059,MTR-DXB-26-6386,2,ORDER,Soft Focus Blush,MTR-95679,MS4020252,,4,CS,48,13.74,13.74,USD,False,FULL,48
DOC-00059,MTR-DXB-26-6386,3,ORDER,Lacquer Nail Colour,MTR-81989,MS7000653,,2,CS,24,5.92,5.92,USD,False,FULL,24
DOC-00059,MTR-DXB-26-6386,4,ORDER,Satin Lip Colour,MTR-11214,MS4000134,,2,CS,24,12.0,12.0,USD,False,FULL,24
DOC-00059,MTR-DXB-26-6386,5,ORDER,Lip Gloss Mirror,MTR-76895,MS7040288,,1,CS,12,8.15,8.15,USD,False,PARTIAL,4
DOC-00059,MTR-DXB-26-6386,6,ORDER,Sérum Absolu Regenerating Serum,MTR-59767,MS1000210,,6,CS,36,61.01,61.01,USD,False,FULL,36
DOC-00059,MTR-DXB-26-6386,7,ORDER,Brow Sculpt Pencil,MTR-30934,MS4030143,,2,CS,24,9.53,9.53,USD,False,FULL,24
DOC-00059,MTR-DXB-26-6386,8,ORDER,Musc Blanc Eau de Parfum,MTR-40437,MS3040044,,4,CS,48,47.54,47.54,USD,False,BACKORDER,0
DOC-00059,MTR-DXB-26-6386,9,ORDER,Lotion Essentielle Toner,MTR-40518,MS1070140,,3,CS,18,65.72,65.72,USD,False,FULL,18
DOC-00059,MTR-DXB-26-6386,10,ORDER,Rose Ambrée Eau de Parfum,MTR-82135,MS3010048,,4,CS,48,53.23,53.23,USD,False,FULL,48
DOC-00059,MTR-DXB-26-6386,11,ORDER,Lacquer Nail Colour,MTR-27507,MS7000371,,6,CS,72,5.7,5.7,USD,False,FULL,72
DOC-00059,MTR-DXB-26-6386,12,ORDER,Rose Ambrée Eau de Parfum,MTR-30701,MS3010166,,3,CS,18,71.13,71.13,USD,False,FULL,18
DOC-00059,MTR-DXB-26-6386,13,ORDER,Eau Micellaire Cleansing Water,MTR-80592,MS1030143,,4,CS,24,55.53,55.53,USD,False,FULL,24
DOC-00059,MTR-DXB-26-6386,14,ORDER,Masque Éclat Radiance Mask,MTR-86917,MS1060019,,3,CS,18,37.59,37.59,USD,False,FULL,18
DOC-00059,MTR-DXB-26-6386,15,ORDER,Lacquer Nail Colour,MTR-38627,MS7000824,,3,CS,36,6.13,6.13,USD,False,FULL,36
DOC-00059,MTR-DXB-26-6386,16,ORDER,Vétiver Nocturne Eau de Toilette,MTR-47649,MS3020181,,4,CS,24,87.52,87.52,USD,False,FULL,24
DOC-00059,MTR-DXB-26-6386,17,ORDER,Velvet Matte Foundation 30 ml,MTR-22502,MS4010798,,2,CS,24,17.75,17.75,USD,False,FULL,24
DOC-00059,MTR-DXB-26-6386,18,ORDER,Satin Lip Colour,MTR-27589,MS4000699,,1,CS,12,12.34,12.34,USD,False,FULL,12
DOC-00059,MTR-DXB-26-6386,19,ORDER,Precision Liquid Eyeliner,MTR-79228,MS7010115,,3,CS,36,9.38,9.38,USD,False,FULL,36
DOC-00059,MTR-DXB-26-6386,20,ORDER,Lacquer Nail Colour,MTR-80453,MS7000716,,2,CS,24,6.11,6.11,USD,False,FULL,24
DOC-00059,MTR-DXB-26-6386,21,ORDER,Contour des Yeux Eye Cream,MTR-83664,MS1040049,,1,CS,6,22.21,22.21,USD,False,FULL,6
DOC-00059,MTR-DXB-26-6386,22,ORDER,Lacquer Nail Colour,MTR-99173,MS7000986,,6,CS,72,6.01,6.01,USD,False,FULL,72
DOC-00059,MTR-DXB-26-6386,23,ORDER,Oud Saffron Eau de Parfum,MTR-64172,MS3000078,,2,CS,24,59.38,59.38,USD,False,FULL,24
DOC-00059,MTR-DXB-26-6386,24,ORDER,Brow Sculpt Pencil,MTR-75866,MS4030218,,1,CS,12,9.04,9.04,USD,False,FULL,12
DOC-00059,MTR-DXB-26-6386,25,ORDER,Velvet Matte Foundation 30 ml,MTR-21368,MS4010684,,2,CS,24,17.46,17.46,USD,False,FULL,24
DOC-00059,MTR-DXB-26-6386,26,ORDER,Iris Poudré Eau de Parfum,MTR-62034,MS3060057,,6,CS,36,60.43,68.67,USD,False,FULL,36
DOC-00059,MTR-DXB-26-6386,27,ORDER,Satin Lip Colour,MTR-89007,MS4000238,,3,CS,36,11.84,11.84,USD,False,FULL,36
DOC-00059,MTR-DXB-26-6386,28,ORDER,Iris Poudré Eau de Parfum,MTR-34420,MS3060165,,2,CS,12,103.77,103.77,USD,False,PARTIAL,2
DOC-00059,MTR-DXB-26-6386,29,ORDER,Satin Lip Colour,MTR-94058,MS4000478,,6,CS,72,12.1,12.1,USD,False,FULL,72
DOC-00059,MTR-DXB-26-6386,30,ORDER,Masque Éclat Radiance Mask,MTR-16653,MS1060170,,2,CS,12,45.36,45.36,USD,False,FULL,12
DOC-00059,MTR-DXB-26-6386,31,ORDER,Brow Sculpt Pencil,MTR-25495,MS4030052,,3,CS,36,9.88,9.88,USD,False,PARTIAL,8
DOC-00059,MTR-DXB-26-6386,32,ORDER,Cuir Fumé Extrait de Parfum,MTR-33040,MS3050040,,2,CS,12,106.68,106.68,USD,False,FULL,12
DOC-00059,MTR-DXB-26-6386,33,ORDER,Mini Lip Trio Gift,MTR-38280,UNRESOLVABLE,,2,CS,,76.44,,USD,False,N/A,
DOC-00059,MTR-DXB-26-6386,34,ORDER,Velvet Matte Foundation 30 ml,MTR-42512,MS4010990,,4,CS,48,18.04,18.04,USD,False,FULL,48
DOC-00059,MTR-DXB-26-6386,35,ORDER,Crème Lumière Day Cream,MTR-61712,MS1010090,,4,CS,24,26.02,26.02,USD,False,FULL,24
DOC-00059,MTR-SIN-26-5701,1,ORDER,Vétiver Nocturne Eau de Toilette,MTR-36143,MS3020038,,3,CS,18,56.71,56.71,USD,False,FULL,18
DOC-00059,MTR-SIN-26-5701,2,ORDER,Velvet Matte Foundation 30 ml,MTR-22502,MS4010798,,3,CS,36,17.75,17.75,USD,False,FULL,36
DOC-00059,MTR-SIN-26-5701,3,ORDER,Lacquer Nail Colour,MTR-38947,MS7000295,,1,CS,12,5.85,5.85,USD,False,FULL,12
DOC-00059,MTR-SIN-26-5701,4,ORDER,Glow Highlighter,MTR-36497,MS7030029,,1,CS,12,10.69,10.69,USD,False,FULL,12
DOC-00059,MTR-SIN-26-5701,5,ORDER,Brow Sculpt Pencil,MTR-30934,MS4030143,,1,CS,12,9.53,9.53,USD,False,FULL,12
DOC-00059,MTR-SIN-26-5701,6,ORDER,Satin Lip Colour,MTR-71344,MS4000716,,6,CS,72,12.16,12.16,USD,False,FULL,72
DOC-00059,MTR-SIN-26-5701,7,ORDER,Néroli Soleil Eau de Toilette,MTR-94659,MS3030052,,4,CS,24,51.2,51.2,USD,False,FULL,24
DOC-00059,MTR-SIN-26-5701,8,ORDER,Huile Précieuse Face Oil,MTR-27992,MS1050061,,1,CS,6,36.27,36.27,USD,False,FULL,6
DOC-00059,MTR-SIN-26-5701,9,ORDER,Eau Micellaire Cleansing Water,MTR-80592,MS1030143,,2,CS,12,55.53,55.53,USD,False,FULL,12
DOC-00059,MTR-SIN-26-5701,10,ORDER,Velvet Matte Foundation 30 ml,MTR-54185,MS4010167,,1,CS,12,16.7,16.7,USD,False,FULL,12
DOC-00059,MTR-SIN-26-5701,11,ORDER,Rose Ambrée Eau de Parfum,MTR-30701,MS3010166,,1,CS,6,71.13,71.13,USD,False,FULL,6
DOC-00059,MTR-SIN-26-5701,12,ORDER,Satin Lip Colour,MTR-47941,MS4000051,,6,CS,72,11.77,11.77,USD,False,FULL,72
DOC-00059,MTR-SIN-26-5701,13,ORDER,Musc Blanc Eau de Parfum,MTR-40437,MS3040044,,1,CS,12,47.54,47.54,USD,False,BACKORDER,0
DOC-00059,MTR-SIN-26-5701,14,ORDER,Lacquer Nail Colour,MTR-89395,MS7000533,,4,CS,48,5.82,5.82,USD,False,FULL,48
DOC-00059,MTR-SIN-26-5701,15,ORDER,Brow Sculpt Pencil,MTR-50760,MS4030315,,2,CS,24,10.16,10.16,USD,False,FULL,24
DOC-00059,MTR-SIN-26-5701,16,ORDER,Oud Saffron Eau de Parfum,MTR-71918,MS3000150,,1,CS,6,80.51,80.51,USD,False,FULL,6
DOC-00059,MTR-SIN-26-5701,17,ORDER,Crème Lumière Day Cream,MTR-61712,MS1010090,,4,CS,24,26.02,26.02,USD,False,FULL,24
DOC-00059,MTR-SIN-26-5701,18,ORDER,Soft Focus Blush,MTR-85088,MS4020174,,2,CS,24,14.4,14.4,USD,False,FULL,24
DOC-00059,MTR-SIN-26-5701,19,ORDER,Satin Lip Colour,MTR-24764,MS4000882,,6,CS,72,12.12,12.12,USD,False,FULL,72
DOC-00059,MTR-SIN-26-5701,20,ORDER,Soft Focus Blush,MTR-95679,MS4020252,,1,CS,12,13.74,13.74,USD,False,FULL,12
DOC-00059,MTR-SIN-26-5701,21,ORDER,Lash Lift Mascara,MTR-81781,MS7020177,,2,CS,24,10.16,10.16,USD,False,FULL,24
DOC-00059,MTR-SIN-26-5701,22,ORDER,Argan Miracle Oil,MTR-78111,UNRESOLVABLE,,1,CS,,58.37,,USD,False,N/A,
DOC-00059,MTR-SIN-26-5701,23,ORDER,Baume Nuit Night Balm,MTR-20358,MS1020092,,6,CS,36,39.46,39.46,USD,False,FULL,36
DOC-00059,MTR-SIN-26-5701,24,ORDER,Rose Ambrée Eau de Parfum,MTR-82135,MS3010048,,1,CS,12,53.23,53.23,USD,False,FULL,12
DOC-00059,MTR-SIN-26-5701,25,ORDER,Soft Focus Blush,MTR-49576,MS4020080,,6,CS,72,13.17,13.17,USD,False,FULL,72
DOC-00059,MTR-SIN-26-5701,26,ORDER,Lip Gloss Mirror,MTR-99167,MS7040059,,6,CS,72,7.98,7.98,USD,False,FULL,72
DOC-00059,MTR-SIN-26-5701,27,ORDER,Glow Highlighter,MTR-29641,MS7030190,,1,CS,12,11.25,11.25,USD,False,FULL,12
DOC-00059,MTR-SIN-26-5701,28,ORDER,Oud Saffron Eau de Parfum,MTR-64172,MS3000078,,6,CS,72,59.38,59.38,USD,False,FULL,72
DOC-00059,MTR-SIN-26-5701,29,ORDER,Soft Focus Blush,MTR-40972,MS4020362,,1,CS,12,14.21,14.21,USD,False,FULL,12
DOC-00059,MTR-SIN-26-5701,30,ORDER,Satin Lip Colour,MTR-74738,MS4000547,,6,CS,72,12.98,12.98,USD,False,PARTIAL,4
DOC-00059,MTR-SIN-26-5701,31,ORDER,Lacquer Nail Colour,MTR-80453,MS7000716,,3,CS,36,6.11,6.11,USD,False,FULL,36
DOC-00059,MTR-SIN-26-5701,32,ORDER,Velvet Matte Foundation 30 ml,MTR-28430,MS4010861,,1,CS,12,17.14,17.14,USD,False,FULL,12
DOC-00059,MTR-SIN-26-5701,33,ORDER,Lip Gloss Mirror,MTR-86434,MS7040117,,2,CS,24,8.08,8.08,USD,False,FULL,24
DOC-00059,MTR-SIN-26-5701,34,ORDER,Baume Nuit Night Balm,MTR-67983,MS1020161,,6,CS,36,56.98,56.98,USD,False,PARTIAL,1
DOC-00059,MTR-CDG-26-1960,1,ORDER,Precision Liquid Eyeliner,MTR-20730,MS7010065,,3,CS,36,7.85,7.85,EUR,False,FULL,36
DOC-00059,MTR-CDG-26-1960,2,ORDER,Lip Gloss Mirror,MTR-99167,MS7040059,,3,CS,36,7.54,7.54,EUR,False,FULL,36
DOC-00059,MTR-CDG-26-1960,3,ORDER,Brow Sculpt Pencil,MTR-30934,MS4030143,,4,CS,48,8.65,8.65,EUR,False,FULL,48
DOC-00059,MTR-CDG-26-1960,4,ORDER,Soft Focus Blush,MTR-85088,MS4020174,,3,CS,36,13.28,13.28,EUR,False,FULL,36
DOC-00059,MTR-CDG-26-1960,5,ORDER,Velvet Body Mist,MTR-14686,UNRESOLVABLE,,1,CS,,61.15,,EUR,False,N/A,
DOC-00059,MTR-CDG-26-1960,6,ORDER,Soft Focus Blush,MTR-49576,MS4020080,,6,CS,72,12.41,12.41,EUR,False,FULL,72
DOC-00059,MTR-CDG-26-1960,7,ORDER,Advent Calendar 2026,MTR-35480,UNRESOLVABLE,,1,CS,,36.38,,EUR,False,N/A,
DOC-00059,MTR-CDG-26-1960,8,ORDER,Masque Éclat Radiance Mask,MTR-16653,MS1060170,,6,CS,36,40.85,40.85,EUR,False,FULL,36
DOC-00059,MTR-CDG-26-1960,9,ORDER,Lip Gloss Mirror,MTR-76895,MS7040288,,1,CS,12,7.28,7.28,EUR,False,PARTIAL,4
DOC-00059,MTR-CDG-26-1960,10,ORDER,Satin Lip Colour,MTR-53914,MS4000380,,1,CS,12,11.75,11.75,EUR,False,FULL,12
DOC-00059,MTR-CDG-26-1960,11,ORDER,Velvet Matte Foundation 30 ml,MTR-42512,MS4010990,,3,CS,36,16.61,16.61,EUR,False,FULL,36
DOC-00059,MTR-CDG-26-1960,12,ORDER,Glow Highlighter,MTR-78202,MS7030219,,1,CS,12,9.79,9.79,EUR,False,FULL,12
DOC-00059,MTR-CDG-26-1960,13,ORDER,Crème Lumière Day Cream,MTR-29198,MS1010158,,2,CS,12,36.22,36.22,EUR,False,FULL,12
DOC-00059,MTR-CDG-26-1960,14,ORDER,Velvet Matte Foundation 30 ml,MTR-21368,MS4010684,,4,CS,48,15.75,15.75,EUR,False,FULL,48
DOC-00059,MTR-CDG-26-1960,15,ORDER,Baume Nuit Night Balm,MTR-20358,MS1020092,,3,CS,18,36.02,36.02,EUR,False,FULL,18
DOC-00059,MTR-CDG-26-1960,16,ORDER,Brow Sculpt Pencil,MTR-25495,MS4030052,,1,CS,12,9.13,9.13,EUR,False,PARTIAL,8
DOC-00059,MTR-CDG-26-1960,17,ORDER,Satin Lip Colour,MTR-11214,MS4000134,,3,CS,36,10.84,10.84,EUR,False,FULL,36
DOC-00059,MTR-CDG-26-1960,18,ORDER,Velvet Matte Foundation 30 ml,MTR-60275,MS4011090,,4,CS,48,15.74,15.74,EUR,False,FULL,48
DOC-00059,MTR-CDG-26-1960,19,ORDER,Eau Micellaire Cleansing Water,MTR-72793,MS1030011,,1,CS,6,39.64,39.64,EUR,False,PARTIAL,1
DOC-00059,MTR-CDG-26-1960,20,ORDER,Rose Ambrée Eau de Parfum,MTR-82135,MS3010048,,2,CS,24,49.26,49.26,EUR,False,FULL,24
DOC-00059,MTR-CDG-26-1960,21,ORDER,Lacquer Nail Colour,MTR-48671,MS7000122,,6,CS,72,5.36,5.36,EUR,False,PARTIAL,3
DOC-00059,MTR-CDG-26-1960,22,ORDER,Satin Lip Colour,MTR-74738,MS4000547,,1,CS,12,11.96,11.96,EUR,False,PARTIAL,4
DOC-00059,MTR-CDG-26-1960,23,ORDER,Glow Highlighter,MTR-36497,MS7030029,,1,CS,12,9.79,9.79,EUR,False,FULL,12
DOC-00059,MTR-CDG-26-1960,24,ORDER,Lacquer Nail Colour,MTR-89395,MS7000533,,6,CS,72,5.52,5.52,EUR,False,FULL,72
DOC-00059,MTR-CDG-26-1960,25,ORDER,Iris Poudré Eau de Parfum,MTR-34420,MS3060165,,4,CS,24,96.41,96.41,EUR,False,PARTIAL,2
DOC-00059,MTR-CDG-26-1960,26,ORDER,Lotion Essentielle Toner,MTR-79604,MS1070033,,1,CS,6,47.1,40.96,EUR,False,FULL,6
DOC-00059,MTR-CDG-26-1960,27,ORDER,Sérum Absolu Regenerating Serum,MTR-85166,MS1000137,,4,CS,24,38.55,38.55,EUR,False,FULL,24
DOC-00059,MTR-CDG-26-1960,28,ORDER,Lip Gloss Mirror,MTR-86434,MS7040117,,1,CS,12,7.26,7.26,EUR,False,FULL,12
DOC-00059,MTR-CDG-26-1960,29,ORDER,Satin Lip Colour,MTR-70150,MS4000958,,1,CS,12,11.74,11.74,EUR,False,FULL,12
DOC-00059,MTR-CDG-26-1960,30,ORDER,Velvet Matte Foundation 30 ml,MTR-66059,MS4010583,,2,CS,24,17.52,17.52,EUR,False,FULL,24
DOC-00059,MTR-CDG-26-1960,31,ORDER,Iris Poudré Eau de Parfum,MTR-62034,MS3060057,,1,CS,6,61.92,61.92,EUR,False,FULL,6
DOC-00059,MTR-CDG-26-1960,32,ORDER,Lacquer Nail Colour,MTR-69634,MS7000489,,2,CS,24,5.77,5.77,EUR,False,FULL,24
DOC-00059,MTR-CDG-26-1960,33,ORDER,Satin Lip Colour,MTR-47941,MS4000051,,1,CS,12,10.91,10.91,EUR,False,FULL,12
DOC-00059,MTR-CDG-26-1960,34,ORDER,Lacquer Nail Colour,MTR-93717,MS7000022,,3,CS,36,5.48,5.48,EUR,False,FULL,36
DOC-00059,MTR-CDG-26-1960,35,ORDER,Mini Lip Trio Gift,MTR-91667,UNRESOLVABLE,,2,CS,,43.91,,EUR,False,N/A,
DOC-00059,MTR-CDG-26-1960,36,ORDER,Cuir Fumé Extrait de Parfum,MTR-14763,MS3050124,,1,CS,6,130.37,148.15,EUR,False,BACKORDER,0
DOC-00059,MTR-CDG-26-1960,37,ORDER,Musc Blanc Eau de Parfum,MTR-32946,MS3040237,,4,CS,24,87.42,87.42,EUR,False,FULL,24
DOC-00059,MTR-CDG-26-1960,38,ORDER,Precision Liquid Eyeliner,MTR-79228,MS7010115,,2,CS,24,8.59,8.59,EUR,False,FULL,24
DOC-00059,MTR-CDG-26-1960,39,ORDER,Precision Liquid Eyeliner,MTR-20237,MS7010261,,1,CS,12,8.03,8.03,EUR,False,FULL,12
DOC-00059,MTR-JFK-26-8671,1,ORDER,Glow Highlighter,MTR-36497,MS7030029,,3,CS,36,10.69,10.69,USD,False,FULL,36
DOC-00059,MTR-JFK-26-8671,2,ORDER,Satin Lip Colour,MTR-11214,MS4000134,,4,CS,48,12.0,12.0,USD,False,FULL,48
DOC-00059,MTR-JFK-26-8671,3,ORDER,Precision Liquid Eyeliner,MTR-20237,MS7010261,,3,CS,36,8.87,8.87,USD,False,FULL,36
DOC-00059,MTR-JFK-26-8671,4,ORDER,Velvet Matte Foundation 30 ml,MTR-54185,MS4010167,,1,CS,12,16.7,16.7,USD,False,FULL,12
DOC-00059,MTR-JFK-26-8671,5,ORDER,Lacquer Nail Colour,MTR-48671,MS7000122,,2,CS,24,5.75,5.75,USD,False,PARTIAL,3
DOC-00059,MTR-JFK-26-8671,6,ORDER,Musc Blanc Eau de Parfum,MTR-14888,MS3040160,,2,CS,12,63.05,63.05,USD,False,FULL,12
DOC-00059,MTR-JFK-26-8671,7,ORDER,Vétiver Nocturne Eau de Toilette,MTR-47649,MS3020181,,6,CS,36,87.52,87.52,USD,False,FULL,36
DOC-00059,MTR-JFK-26-8671,8,ORDER,Velvet Matte Foundation 30 ml,MTR-35318,MS4010349,,1,CS,12,17.19,17.19,USD,False,FULL,12
DOC-00059,MTR-JFK-26-8671,9,ORDER,Eau Micellaire Cleansing Water,MTR-80592,MS1030143,,1,CS,6,55.53,55.53,USD,False,FULL,6
DOC-00059,MTR-JFK-26-8671,10,ORDER,Precision Liquid Eyeliner,MTR-20730,MS7010065,,1,CS,12,8.68,8.68,USD,False,FULL,12
DOC-00059,MTR-JFK-26-8671,11,ORDER,Crème Lumière Day Cream,MTR-29198,MS1010158,,1,CS,6,38.84,38.84,USD,False,FULL,6
DOC-00059,MTR-JFK-26-8671,12,ORDER,Contour des Yeux Eye Cream,MTR-83664,MS1040049,,1,CS,6,22.21,22.21,USD,False,FULL,6
DOC-00059,MTR-JFK-26-8671,13,ORDER,Sérum Absolu Regenerating Serum,MTR-85166,MS1000137,,3,CS,18,42.51,42.51,USD,False,FULL,18
DOC-00059,MTR-JFK-26-8671,14,ORDER,Oud Saffron Eau de Parfum,MTR-71918,MS3000150,,2,CS,12,80.51,80.51,USD,False,FULL,12
DOC-00059,MTR-JFK-26-8671,15,ORDER,Velvet Matte Foundation 30 ml,MTR-28430,MS4010861,,2,CS,24,17.14,17.14,USD,False,FULL,24
DOC-00059,MTR-JFK-26-8671,16,ORDER,Crema Mani Rosa,MTR-65091,UNRESOLVABLE,,2,CS,,78.25,,USD,False,N/A,
DOC-00059,MTR-JFK-26-8671,17,ORDER,Lip Gloss Mirror,MTR-76895,MS7040288,,1,CS,12,8.15,8.15,USD,False,PARTIAL,4
DOC-00059,MTR-JFK-26-8671,18,ORDER,Satin Lip Colour,MTR-47941,MS4000051,,3,CS,36,11.77,11.77,USD,False,FULL,36
DOC-00059,MTR-JFK-26-8671,19,ORDER,Lacquer Nail Colour,MTR-80453,MS7000716,,3,CS,36,6.11,6.11,USD,False,FULL,36
DOC-00059,MTR-JFK-26-8671,20,ORDER,Oud Saffron Eau de Parfum,MTR-28018,MS3000278,,2,CS,12,115.19,115.19,USD,False,FULL,12
DOC-00059,MTR-JFK-26-8671,21,ORDER,Soft Focus Blush,MTR-85088,MS4020174,,6,CS,72,14.4,14.4,USD,False,FULL,72
DOC-00059,MTR-JFK-26-8671,22,ORDER,Soft Focus Blush,MTR-40972,MS4020362,,6,CS,72,14.21,14.21,USD,False,FULL,72
DOC-00059,MTR-JFK-26-8671,23,ORDER,Velvet Matte Foundation 30 ml,MTR-66059,MS4010583,,2,CS,24,18.79,18.79,USD,False,FULL,24
DOC-00059,MTR-JFK-26-8671,24,ORDER,Iris Poudré Eau de Parfum,MTR-62034,MS3060057,,2,CS,12,68.67,68.67,USD,False,FULL,12
DOC-00059,MTR-JFK-26-8671,25,ORDER,Glow Highlighter,MTR-78202,MS7030219,,2,CS,24,10.77,10.77,USD,False,FULL,24
DOC-00059,MTR-JFK-26-8671,26,ORDER,Brow Sculpt Pencil,MTR-75866,MS4030218,,1,CS,12,9.04,9.04,USD,False,FULL,12
DOC-00059,MTR-JFK-26-8671,27,ORDER,Cuir Fumé Extrait de Parfum,MTR-14763,MS3050124,,1,CS,6,156.24,156.24,USD,False,BACKORDER,0
DOC-00059,MTR-JFK-26-8671,28,ORDER,Crème Lumière Day Cream,MTR-61712,MS1010090,,4,CS,24,26.02,26.02,USD,False,FULL,24
DOC-00059,MTR-JFK-26-8671,29,ORDER,Lip Gloss Mirror,MTR-86434,MS7040117,,1,CS,12,8.08,8.08,USD,False,FULL,12
DOC-00059,MTR-JFK-26-8671,30,ORDER,Rose Ambrée Eau de Parfum,MTR-30701,MS3010166,,6,CS,36,71.13,71.13,USD,False,FULL,36
DOC-00059,MTR-JFK-26-8671,31,ORDER,Satin Lip Colour,MTR-53914,MS4000380,,2,CS,24,13.25,13.25,USD,False,FULL,24
DOC-00059,MTR-JFK-26-8671,32,ORDER,Rose Ambrée Eau de Parfum,MTR-82135,MS3010048,,4,CS,48,53.23,53.23,USD,False,FULL,48
DOC-00059,MTR-JFK-26-8671,33,ORDER,Velvet Matte Foundation 30 ml,MTR-34405,MS4010022,,1,CS,12,18.59,18.59,USD,False,FULL,12
DOC-00060,MTR-SIN-26-2232,1,ORDER,Musc Blanc Eau de Parfum,MTR-32946,MS3040237,,2,CS,12,96.32,96.32,USD,False,FULL,12
DOC-00060,MTR-SIN-26-2232,2,ORDER,Advent Calendar 2026,MTR-96088,UNRESOLVABLE,,2,CS,,72.36,,USD,False,N/A,
DOC-00060,MTR-SIN-26-2232,3,ORDER,Velvet Matte Foundation 30 ml,MTR-21368,MS4010684,,6,CS,72,17.46,17.46,USD,False,FULL,72
DOC-00060,MTR-SIN-26-2232,4,ORDER,Satin Lip Colour,MTR-70150,MS4000958,,2,CS,24,12.51,12.51,USD,False,FULL,24
DOC-00060,MTR-SIN-26-2232,5,ORDER,Soft Focus Blush,MTR-95679,MS4020252,,3,CS,36,13.74,13.74,USD,False,FULL,36
DOC-00060,MTR-SIN-26-2232,6,ORDER,Velvet Matte Foundation 30 ml,MTR-35318,MS4010349,,4,CS,48,17.19,17.19,USD,False,FULL,48
DOC-00060,MTR-SIN-26-2232,7,ORDER,Néroli Soleil Eau de Toilette,MTR-94659,MS3030052,,3,CS,18,51.2,51.2,USD,False,FULL,18
DOC-00060,MTR-SIN-26-2232,8,ORDER,Overnight Peel Pads,MTR-60375,UNRESOLVABLE,,1,CS,,24.37,,USD,False,N/A,
DOC-00060,MTR-SIN-26-2232,9,ORDER,Lip Gloss Mirror,MTR-99167,MS7040059,,1,CS,12,7.98,7.98,USD,False,FULL,12
DOC-00060,MTR-SIN-26-2232,10,ORDER,Satin Lip Colour,MTR-11214,MS4000134,,1,CS,12,12.0,12.0,USD,False,FULL,12
DOC-00060,MTR-SIN-26-2232,11,ORDER,Satin Lip Colour,MTR-53914,MS4000380,,4,CS,48,13.25,13.25,USD,False,FULL,48
DOC-00060,MTR-SIN-26-2232,12,ORDER,Glow Highlighter,MTR-78202,MS7030219,,1,CS,12,10.77,10.77,USD,False,FULL,12
DOC-00060,MTR-SIN-26-2232,13,ORDER,Velvet Body Mist,MTR-59362,UNRESOLVABLE,,2,CS,,35.31,,USD,False,N/A,
DOC-00060,MTR-SIN-26-2232,14,ORDER,Rose Ambrée Eau de Parfum,MTR-30701,MS3010166,,1,CS,6,71.13,71.13,USD,False,FULL,6
DOC-00060,MTR-CDG-26-5916,1,ORDER,Rose Ambrée Eau de Parfum,MTR-72350,MS3010240,,3,CS,18,101.83,101.83,EUR,False,PARTIAL,2
DOC-00060,MTR-CDG-26-5916,2,ORDER,Lacquer Nail Colour,MTR-80453,MS7000716,,1,CS,12,5.58,5.58,EUR,False,FULL,12
DOC-00060,MTR-CDG-26-5916,3,ORDER,Lacquer Nail Colour,MTR-69634,MS7000489,,3,CS,36,5.77,5.77,EUR,False,FULL,36
DOC-00060,MTR-CDG-26-5916,4,ORDER,Lacquer Nail Colour,MTR-81989,MS7000653,,2,CS,24,6.08,5.53,EUR,False,FULL,24
DOC-00060,MTR-CDG-26-5916,5,ORDER,Glow Highlighter,MTR-36497,MS7030029,,2,CS,24,9.79,9.79,EUR,False,FULL,24
DOC-00060,MTR-CDG-26-5916,6,ORDER,Precision Liquid Eyeliner,MTR-79228,MS7010115,,6,CS,72,8.59,8.59,EUR,False,FULL,72
DOC-00060,MTR-CDG-26-5916,7,ORDER,Sérum Absolu Regenerating Serum,MTR-45842,MS1000013,,1,CS,6,27.64,27.64,EUR,False,FULL,6
DOC-00060,MTR-CDG-26-5916,8,ORDER,Lip Gloss Mirror,MTR-86434,MS7040117,,6,CS,72,7.26,7.26,EUR,False,FULL,72
DOC-00060,MTR-CDG-26-5916,9,ORDER,Lacquer Nail Colour,MTR-38947,MS7000295,,6,CS,72,5.38,5.38,EUR,False,FULL,72
DOC-00061,MTR-DXB-26-4943,1,ORDER,Lacquer Nail Colour,MTR-99173,MS7000986,,1,CS,12,6.01,6.01,USD,False,FULL,12
DOC-00061,MTR-DXB-26-4943,2,ORDER,Brow Sculpt Pencil,MTR-50760,MS4030315,,2,CS,24,10.16,10.16,USD,False,FULL,24
DOC-00061,MTR-DXB-26-4943,3,ORDER,Satin Lip Colour,MTR-70150,MS4000958,,4,CS,48,12.51,12.51,USD,False,FULL,48
DOC-00061,MTR-DXB-26-4943,4,ORDER,Velvet Matte Foundation 30 ml,MTR-66059,MS4010583,,2,CS,24,18.79,18.79,USD,False,FULL,24
DOC-00061,MTR-DXB-26-4943,5,ORDER,Lacquer Nail Colour,MTR-38947,MS7000295,,1,CS,12,5.85,5.85,USD,False,FULL,12
DOC-00061,MTR-DXB-26-4943,6,ORDER,Satin Lip Colour,MTR-47941,MS4000051,,1,CS,12,11.77,11.77,USD,False,FULL,12
DOC-00061,MTR-DXB-26-4943,7,ORDER,Vétiver Nocturne Eau de Toilette,MTR-36143,MS3020038,,6,CS,36,51.04,56.71,USD,False,FULL,36
DOC-00061,MTR-DXB-26-4943,8,ORDER,Lotion Essentielle Toner,MTR-40518,MS1070140,,2,CS,12,65.72,65.72,USD,False,FULL,12
DOC-00061,MTR-DXB-26-4943,9,ORDER,Lacquer Nail Colour,MTR-38627,MS7000824,,6,CS,72,6.13,6.13,USD,False,FULL,72
DOC-00061,MTR-DXB-26-4943,10,ORDER,Lash Lift Mascara,MTR-24707,MS7020061,,1,CS,12,9.76,9.76,USD,False,BACKORDER,0
DOC-00061,MTR-DXB-26-4943,11,ORDER,Precision Liquid Eyeliner,MTR-20237,MS7010261,,2,CS,24,8.87,8.87,USD,False,FULL,24
DOC-00061,MTR-JFK-26-7492,1,ORDER,Sérum Absolu Regenerating Serum,MTR-85166,MS1000137,,1,CS,6,38.55,38.55,EUR,False,FULL,6
DOC-00061,MTR-JFK-26-7492,2,ORDER,Precision Liquid Eyeliner,MTR-20730,MS7010065,,4,CS,48,7.85,7.85,EUR,False,FULL,48
DOC-00061,MTR-JFK-26-7492,3,ORDER,Velvet Matte Foundation 30 ml,MTR-54185,MS4010167,,2,CS,24,15.72,15.72,EUR,False,FULL,24
DOC-00061,MTR-JFK-26-7492,4,ORDER,Musc Blanc Eau de Parfum,MTR-32946,MS3040237,,4,CS,24,78.68,87.42,EUR,False,FULL,24
DOC-00061,MTR-JFK-26-7492,5,ORDER,Masque Éclat Radiance Mask,MTR-86917,MS1060019,,1,CS,6,39.24,34.12,EUR,False,FULL,6
DOC-00061,MTR-CDG-26-2490,1,ORDER,Eau Micellaire Cleansing Water,MTR-80592,MS1030143,,6,CS,36,51.04,51.04,EUR,False,FULL,36
DOC-00061,MTR-CDG-26-2490,2,ORDER,Mini Lip Trio Gift,MTR-71004,UNRESOLVABLE,,2,CS,,18.13,,EUR,False,N/A,
DOC-00061,MTR-CDG-26-2490,3,ORDER,Velvet Matte Foundation 30 ml,MTR-21368,MS4010684,,2,CS,24,15.75,15.75,EUR,False,FULL,24
DOC-00061,MTR-CDG-26-2490,4,ORDER,Glow Highlighter,MTR-36497,MS7030029,,3,CS,36,8.81,9.79,EUR,False,FULL,36
DOC-00061,MTR-LHR-26-6748,1,ORDER,Crème Lumière Day Cream,MTR-61712,MS1010090,,6,CS,36,26.02,26.02,USD,False,FULL,36
DOC-00061,MTR-LHR-26-6748,2,ORDER,Lotion Essentielle Toner,MTR-79604,MS1070033,,1,CS,6,45.25,45.25,USD,False,FULL,6
DOC-00061,MTR-LHR-26-6748,3,ORDER,Velvet Matte Foundation 30 ml,MTR-28430,MS4010861,,6,CS,72,17.14,17.14,USD,False,FULL,72
DOC-00061,MTR-LHR-26-6748,4,ORDER,Vétiver Nocturne Eau de Toilette,MTR-47649,MS3020181,,4,CS,24,87.52,87.52,USD,False,FULL,24
DOC-00061,MTR-LHR-26-6748,5,ORDER,Velvet Matte Foundation 30 ml,MTR-60275,MS4011090,,1,CS,12,16.76,16.76,USD,False,FULL,12
DOC-00061,MTR-LHR-26-6748,6,ORDER,Oud Saffron Eau de Parfum,MTR-64172,MS3000078,,6,CS,72,59.38,59.38,USD,False,FULL,72
DOC-00061,MTR-LHR-26-6748,7,ORDER,Travel Exclusive Duo Set,MTR-50553,UNRESOLVABLE,,1,CS,,60.29,,USD,False,N/A,
DOC-00061,MTR-LHR-26-6748,8,ORDER,Eau Micellaire Cleansing Water,MTR-72793,MS1030011,,2,CS,12,43.44,43.44,USD,False,PARTIAL,1
DOC-00061,MTR-LHR-26-6748,9,ORDER,Crème Lumière Day Cream,MTR-29198,MS1010158,,1,CS,6,38.84,38.84,USD,False,FULL,6
DOC-00062,MTR-JFK-26-1318,1,ORDER,Lacquer Nail Colour,MTR-80453,MS7000716,,1,CS,12,6.11,6.11,USD,False,FULL,12
DOC-00062,MTR-JFK-26-1318,2,ORDER,Satin Lip Colour,MTR-74738,MS4000547,,2,CS,24,12.98,12.98,USD,False,PARTIAL,4
DOC-00062,MTR-JFK-26-1318,3,ORDER,Masque Éclat Radiance Mask,MTR-16653,MS1060170,,6,CS,36,45.36,45.36,USD,False,FULL,36
DOC-00062,MTR-JFK-26-1318,4,ORDER,Velvet Matte Foundation 30 ml,MTR-22502,MS4010798,,2,CS,24,17.75,17.75,USD,False,FULL,24
DOC-00062,MTR-JFK-26-1318,5,ORDER,Oud Saffron Eau de Parfum,MTR-28018,MS3000278,,1,CS,6,115.19,115.19,USD,False,FULL,6
DOC-00062,MTR-JFK-26-1318,6,ORDER,Velvet Matte Foundation 30 ml,MTR-66059,MS4010583,,3,CS,36,16.91,18.79,USD,False,FULL,36
DOC-00062,MTR-JFK-26-1318,7,ORDER,Brow Sculpt Pencil,MTR-50760,MS4030315,,2,CS,24,10.16,10.16,USD,False,FULL,24
DOC-00062,MTR-JFK-26-1318,8,ORDER,Velvet Matte Foundation 30 ml,MTR-35318,MS4010349,,1,CS,12,17.19,17.19,USD,False,FULL,12
DOC-00062,MTR-JFK-26-1318,9,ORDER,Crème Lumière Day Cream,MTR-47700,MS1010278,,6,CS,36,51.67,51.67,USD,False,FULL,36
DOC-00062,MTR-JFK-26-1318,10,ORDER,Huile Précieuse Face Oil,MTR-27992,MS1050061,,2,CS,12,36.27,36.27,USD,False,FULL,12
DOC-00062,MTR-JFK-26-1318,11,ORDER,Satin Lip Colour,MTR-27589,MS4000699,,1,CS,12,12.34,12.34,USD,False,FULL,12
DOC-00062,MTR-JFK-26-1318,12,ORDER,Soft Focus Blush,MTR-49576,MS4020080,,2,CS,24,13.17,13.17,USD,False,FULL,24
DOC-00062,MTR-JFK-26-1318,13,ORDER,Lacquer Nail Colour,MTR-27507,MS7000371,,2,CS,24,5.7,5.7,USD,False,FULL,24
DOC-00062,MTR-JFK-26-1318,14,ORDER,Cuir Fumé Extrait de Parfum,MTR-14763,MS3050124,,3,CS,18,156.24,156.24,USD,False,BACKORDER,0
DOC-00062,MTR-JFK-26-1318,15,ORDER,Lotion Essentielle Toner,MTR-40518,MS1070140,,3,CS,18,65.72,65.72,USD,False,FULL,18
DOC-00062,MTR-JFK-26-1318,16,ORDER,Satin Lip Colour,MTR-11214,MS4000134,,4,CS,48,12.0,12.0,USD,False,FULL,48
DOC-00062,MTR-DXB-26-9176,1,ORDER,Oud Saffron Eau de Parfum,MTR-28018,MS3000278,,1,CS,6,115.19,115.19,USD,False,FULL,6
DOC-00062,MTR-DXB-26-9176,2,ORDER,Sérum Absolu Regenerating Serum,MTR-45842,MS1000013,,4,CS,24,30.3,30.3,USD,False,FULL,24
DOC-00062,MTR-DXB-26-9176,3,ORDER,Iris Poudré Eau de Parfum,MTR-34420,MS3060165,,2,CS,12,103.77,103.77,USD,False,PARTIAL,2
DOC-00062,MTR-DXB-26-9176,4,ORDER,Lacquer Nail Colour,MTR-38627,MS7000824,,4,CS,48,6.13,6.13,USD,False,FULL,48
DOC-00063,MTR-CDG-26-7032,1,ORDER,Baume Nuit Night Balm,MTR-20358,MS1020092,,2,CS,12,36.02,36.02,EUR,False,FULL,12
DOC-00063,MTR-CDG-26-7032,2,ORDER,Oud Saffron Eau de Parfum,MTR-28018,MS3000278,,2,CS,12,104.61,104.61,EUR,False,FULL,12
DOC-00063,MTR-CDG-26-7032,3,ORDER,Glow Highlighter,MTR-78202,MS7030219,,2,CS,24,9.79,9.79,EUR,False,FULL,24
DOC-00063,MTR-CDG-26-7032,4,ORDER,Glow Highlighter,MTR-29641,MS7030190,,4,CS,48,10.49,10.49,EUR,False,FULL,48
DOC-00063,MTR-DXB-26-9531,1,ORDER,Baume Nuit Night Balm,MTR-67983,MS1020161,,1,CS,6,56.98,56.98,USD,False,PARTIAL,1
DOC-00063,MTR-DXB-26-9531,2,ORDER,Lip Gloss Mirror,MTR-86434,MS7040117,,1,CS,12,8.08,8.08,USD,False,FULL,12
DOC-00063,MTR-DXB-26-9531,3,ORDER,Lacquer Nail Colour,MTR-27507,MS7000371,,1,CS,12,5.7,5.7,USD,False,FULL,12
DOC-00063,MTR-DXB-26-9531,4,ORDER,Lotion Essentielle Toner,MTR-79604,MS1070033,,4,CS,24,45.25,45.25,USD,False,FULL,24
DOC-00063,MTR-DXB-26-9531,5,ORDER,Satin Lip Colour,MTR-47941,MS4000051,,2,CS,24,11.77,11.77,USD,False,FULL,24
DOC-00063,MTR-DXB-26-9531,6,ORDER,Argan Miracle Oil,MTR-85497,UNRESOLVABLE,,1,CS,,32.53,,USD,False,N/A,
DOC-00063,MTR-DXB-26-9531,7,ORDER,Satin Lip Colour,MTR-74738,MS4000547,,1,CS,12,12.98,12.98,USD,False,PARTIAL,4
DOC-00063,MTR-DXB-26-9531,8,ORDER,Soft Focus Blush,MTR-85088,MS4020174,,3,CS,36,14.4,14.4,USD,False,FULL,36
DOC-00063,MTR-DXB-26-9531,9,ORDER,Crème Lumière Day Cream,MTR-47700,MS1010278,,1,CS,6,51.67,51.67,USD,False,FULL,6
DOC-00063,MTR-JFK-26-4461,1,ORDER,Velvet Matte Foundation 30 ml,MTR-28430,MS4010861,,2,CS,24,17.14,17.14,USD,False,FULL,24
DOC-00063,MTR-JFK-26-4461,2,ORDER,Glow Highlighter,MTR-29641,MS7030190,,2,CS,24,11.25,11.25,USD,False,FULL,24
DOC-00063,MTR-JFK-26-4461,3,ORDER,Glow Highlighter,MTR-78202,MS7030219,,1,CS,12,10.77,10.77,USD,False,FULL,12
DOC-00063,MTR-JFK-26-4461,4,ORDER,Masque Éclat Radiance Mask,MTR-16653,MS1060170,,2,CS,12,45.36,45.36,USD,False,FULL,12
DOC-00063,MTR-JFK-26-4461,5,ORDER,Crème Lumière Day Cream,MTR-61712,MS1010090,,2,CS,12,26.02,26.02,USD,False,FULL,12
DOC-00063,MTR-JFK-26-4461,6,ORDER,Lacquer Nail Colour,MTR-81989,MS7000653,,3,CS,36,5.92,5.92,USD,False,FULL,36
DOC-00063,MTR-JFK-26-4461,7,ORDER,Rose Ambrée Eau de Parfum,MTR-30701,MS3010166,,3,CS,18,71.13,71.13,USD,False,FULL,18
DOC-00063,MTR-JFK-26-4461,8,ORDER,Precision Liquid Eyeliner,MTR-79228,MS7010115,,1,CS,12,9.38,9.38,USD,False,FULL,12
DOC-00063,MTR-JFK-26-4461,9,ORDER,Velvet Matte Foundation 30 ml,MTR-44995,MS4011124,,6,CS,72,18.54,18.54,USD,False,PARTIAL,1
DOC-00063,MTR-JFK-26-4461,10,ORDER,Velvet Matte Foundation 30 ml,MTR-84420,MS4010290,,1,CS,12,18.76,18.76,USD,False,FULL,12
DOC-00063,MTR-JFK-26-4461,11,ORDER,Overnight Peel Pads,MTR-34334,UNRESOLVABLE,,2,CS,,70.42,,USD,False,N/A,
DOC-00063,MTR-JFK-26-4461,12,ORDER,Lip Gloss Mirror,MTR-99167,MS7040059,,6,CS,72,7.98,7.98,USD,False,FULL,72
DOC-00063,MTR-JFK-26-4461,13,ORDER,Oud Saffron Eau de Parfum,MTR-71918,MS3000150,,6,CS,36,80.51,80.51,USD,False,FULL,36
DOC-00063,MTR-JFK-26-4461,14,ORDER,Baume Nuit Night Balm,MTR-67983,MS1020161,,6,CS,36,56.98,56.98,USD,False,PARTIAL,1
DOC-00063,MTR-JFK-26-4461,15,ORDER,Velvet Matte Foundation 30 ml,MTR-66059,MS4010583,,1,CS,12,18.79,18.79,USD,False,FULL,12
DOC-00064,MTR-JFK-26-1304,1,ORDER,Mini Lip Trio Gift,MTR-56398,UNRESOLVABLE,,2,CS,,32.05,,USD,False,N/A,
DOC-00064,MTR-JFK-26-1304,2,ORDER,Brow Sculpt Pencil,MTR-25495,MS4030052,,1,CS,12,9.88,9.88,USD,False,PARTIAL,8
DOC-00064,MTR-JFK-26-1304,3,ORDER,Velvet Matte Foundation 30 ml,MTR-28430,MS4010861,,1,CS,12,17.14,17.14,USD,False,FULL,12
DOC-00064,MTR-JFK-26-1304,4,ORDER,Precision Liquid Eyeliner,MTR-20237,MS7010261,,2,CS,24,8.87,8.87,USD,False,FULL,24
DOC-00064,MTR-JFK-26-1304,5,ORDER,Oud Saffron Eau de Parfum,MTR-28018,MS3000278,,1,CS,6,115.19,115.19,USD,False,FULL,6
DOC-00064,MTR-JFK-26-1304,6,ORDER,Eau Micellaire Cleansing Water,MTR-72793,MS1030011,,6,CS,36,43.44,43.44,USD,False,PARTIAL,1
DOC-00064,MTR-JFK-26-1304,7,ORDER,Precision Liquid Eyeliner,MTR-79228,MS7010115,,3,CS,36,9.38,9.38,USD,False,FULL,36
DOC-00064,MTR-JFK-26-1304,8,ORDER,Lotion Essentielle Toner,MTR-40518,MS1070140,,1,CS,6,65.72,65.72,USD,False,FULL,6
DOC-00064,MTR-JFK-26-1304,9,ORDER,Sérum Absolu Regenerating Serum,MTR-59767,MS1000210,,1,CS,6,61.01,61.01,USD,False,FULL,6
DOC-00064,MTR-JFK-26-1304,10,ORDER,Satin Lip Colour,MTR-70150,MS4000958,,6,CS,72,12.51,12.51,USD,False,FULL,72
DOC-00064,MTR-JFK-26-1304,11,ORDER,Sérum Absolu Regenerating Serum,MTR-85166,MS1000137,,1,CS,6,42.51,42.51,USD,False,FULL,6
DOC-00064,MTR-JFK-26-1304,12,ORDER,Brow Sculpt Pencil,MTR-50760,MS4030315,,2,CS,24,10.16,10.16,USD,False,FULL,24
DOC-00064,MTR-JFK-26-1304,13,ORDER,Masque Éclat Radiance Mask,MTR-86917,MS1060019,,2,CS,12,37.59,37.59,USD,False,FULL,12
DOC-00064,MTR-JFK-26-1304,14,ORDER,Soft Focus Blush,MTR-40972,MS4020362,,2,CS,24,14.21,14.21,USD,False,FULL,24
DOC-00064,MTR-CDG-26-4779,1,ORDER,Lacquer Nail Colour,MTR-48671,MS7000122,,2,CS,24,5.36,5.36,EUR,False,PARTIAL,3
DOC-00064,MTR-CDG-26-4779,2,ORDER,Soft Focus Blush,MTR-85088,MS4020174,,1,CS,12,13.28,13.28,EUR,False,FULL,12
DOC-00064,MTR-CDG-26-4779,3,ORDER,Velvet Matte Foundation 30 ml,MTR-21368,MS4010684,,1,CS,12,15.75,15.75,EUR,False,FULL,12
DOC-00064,MTR-CDG-26-4779,4,ORDER,Lacquer Nail Colour,MTR-80453,MS7000716,,1,CS,12,5.58,5.58,EUR,False,FULL,12
DOC-00064,MTR-CDG-26-4779,5,ORDER,Contour des Yeux Eye Cream,MTR-83664,MS1040049,,6,CS,36,20.36,20.36,EUR,False,FULL,36
DOC-00064,MTR-CDG-26-4779,6,ORDER,Soft Focus Blush,MTR-49576,MS4020080,,1,CS,12,12.41,12.41,EUR,False,FULL,12
DOC-00064,MTR-CDG-26-4779,7,ORDER,Crème Lumière Day Cream,MTR-29198,MS1010158,,1,CS,6,32.6,36.22,EUR,False,FULL,6
DOC-00064,MTR-CDG-26-4779,8,ORDER,Velvet Matte Foundation 30 ml,MTR-84420,MS4010290,,6,CS,72,17.24,17.24,EUR,False,FULL,72
DOC-00064,MTR-CDG-26-4779,9,ORDER,Huile Précieuse Face Oil,MTR-27992,MS1050061,,2,CS,12,32.55,32.55,EUR,False,FULL,12
DOC-00064,MTR-CDG-26-4779,10,ORDER,Precision Liquid Eyeliner,MTR-79228,MS7010115,,2,CS,24,8.59,8.59,EUR,False,FULL,24
DOC-00064,MTR-CDG-26-4779,11,ORDER,Masque Éclat Radiance Mask,MTR-16653,MS1060170,,1,CS,6,40.85,40.85,EUR,False,FULL,6
DOC-00064,MTR-CDG-26-4779,12,ORDER,Brow Sculpt Pencil,MTR-30934,MS4030143,,3,CS,36,8.65,8.65,EUR,False,FULL,36
DOC-00064,MTR-CDG-26-4779,13,ORDER,Sérum Absolu Regenerating Serum,MTR-45842,MS1000013,,2,CS,12,27.64,27.64,EUR,False,FULL,12
DOC-00064,MTR-CDG-26-4779,14,ORDER,Rose Ambrée Eau de Parfum,MTR-30701,MS3010166,,4,CS,24,67.3,67.3,EUR,False,FULL,24
DOC-00064,MTR-CDG-26-4779,15,ORDER,Satin Lip Colour,MTR-11214,MS4000134,,1,CS,12,10.84,10.84,EUR,False,FULL,12
DOC-00064,MTR-CDG-26-4779,16,ORDER,Vétiver Nocturne Eau de Toilette,MTR-47649,MS3020181,,2,CS,12,77.86,77.86,EUR,False,FULL,12
DOC-00064,MTR-DXB-26-7119,1,ORDER,Lacquer Nail Colour,MTR-69634,MS7000489,,1,CS,12,5.77,5.77,EUR,False,FULL,12
DOC-00064,MTR-DXB-26-7119,2,ORDER,Baume Nuit Night Balm,MTR-20358,MS1020092,,2,CS,12,41.42,36.02,EUR,False,FULL,12
DOC-00064,MTR-DXB-26-7119,3,ORDER,Satin Lip Colour,MTR-47941,MS4000051,,2,CS,24,10.91,10.91,EUR,False,FULL,24
DOC-00064,MTR-DXB-26-7119,4,ORDER,Eau Micellaire Cleansing Water,MTR-72793,MS1030011,,4,CS,24,39.64,39.64,EUR,False,PARTIAL,1
DOC-00064,MTR-DXB-26-7119,5,ORDER,Lacquer Nail Colour,MTR-38947,MS7000295,,1,CS,12,5.38,5.38,EUR,False,FULL,12
DOC-00064,MTR-DXB-26-7119,6,ORDER,Crème Lumière Day Cream,MTR-29198,MS1010158,,4,CS,24,36.22,36.22,EUR,False,FULL,24
DOC-00064,MTR-DXB-26-7119,7,ORDER,Holiday Vault Set Exclusive,MTR-40042,UNRESOLVABLE,,1,CS,,65.92,,EUR,False,N/A,
DOC-00064,MTR-DXB-26-7119,8,ORDER,Satin Lip Colour,MTR-53914,MS4000380,,1,CS,12,11.75,11.75,EUR,False,FULL,12
DOC-00064,MTR-DXB-26-7119,9,ORDER,Lash Lift Mascara,MTR-24707,MS7020061,,1,CS,12,9.31,9.31,EUR,False,BACKORDER,0
DOC-00064,MTR-DXB-26-7119,10,ORDER,Velvet Matte Foundation 30 ml,MTR-28430,MS4010861,,2,CS,24,16.08,16.08,EUR,False,FULL,24
DOC-00064,MTR-DXB-26-7119,11,ORDER,Vétiver Nocturne Eau de Toilette,MTR-47649,MS3020181,,4,CS,24,77.86,77.86,EUR,False,FULL,24
DOC-00064,MTR-DXB-26-7119,12,ORDER,Lacquer Nail Colour,MTR-38627,MS7000824,,4,CS,48,5.75,5.75,EUR,False,FULL,48
DOC-00064,MTR-SIN-26-2231,1,ORDER,Precision Liquid Eyeliner,MTR-79228,MS7010115,,1,CS,12,9.38,9.38,USD,False,FULL,12
DOC-00064,MTR-SIN-26-2231,2,ORDER,Vétiver Nocturne Eau de Toilette,MTR-47649,MS3020181,,2,CS,12,87.52,87.52,USD,False,FULL,12
DOC-00064,MTR-SIN-26-2231,3,ORDER,Mini Lip Trio Gift,MTR-76964,UNRESOLVABLE,,1,CS,,33.4,,USD,False,N/A,
DOC-00064,MTR-SIN-26-2231,4,ORDER,Lacquer Nail Colour,MTR-48671,MS7000122,,4,CS,48,5.75,5.75,USD,False,PARTIAL,3
DOC-00064,MTR-SIN-26-2231,5,ORDER,Lacquer Nail Colour,MTR-89395,MS7000533,,2,CS,24,5.82,5.82,USD,False,FULL,24
DOC-00064,MTR-SIN-26-2231,6,ORDER,Iris Poudré Eau de Parfum,MTR-62034,MS3060057,,2,CS,12,68.67,68.67,USD,False,FULL,12
DOC-00064,MTR-SIN-26-2231,7,ORDER,Crème Lumière Day Cream,MTR-29198,MS1010158,,1,CS,6,38.84,38.84,USD,False,FULL,6
DOC-00064,MTR-SIN-26-2231,8,ORDER,Vétiver Nocturne Eau de Toilette,MTR-36143,MS3020038,,3,CS,18,56.71,56.71,USD,False,FULL,18
DOC-00064,MTR-SIN-26-2231,9,ORDER,Huile Précieuse Face Oil,MTR-27992,MS1050061,,6,CS,36,36.27,36.27,USD,False,FULL,36
DOC-00064,MTR-SIN-26-2231,10,ORDER,Néroli Soleil Eau de Toilette,MTR-21725,MS3030152,,6,CS,36,79.38,79.38,USD,False,FULL,36
DOC-00064,MTR-SIN-26-2231,11,ORDER,Velvet Matte Foundation 30 ml,MTR-22502,MS4010798,,1,CS,12,17.75,17.75,USD,False,FULL,12
DOC-00064,MTR-SIN-26-2231,12,ORDER,Brow Sculpt Pencil,MTR-50760,MS4030315,,2,CS,24,10.16,10.16,USD,False,FULL,24
DOC-00064,MTR-SIN-26-2231,13,ORDER,Eau Micellaire Cleansing Water,MTR-72793,MS1030011,,4,CS,24,43.44,43.44,USD,False,PARTIAL,1
DOC-00064,MTR-SIN-26-2231,14,ORDER,Velvet Matte Foundation 30 ml,MTR-42512,MS4010990,,1,CS,12,18.04,18.04,USD,False,FULL,12
DOC-00065,MTR-DXB-26-7370,1,ORDER,Precision Liquid Eyeliner,MTR-20730,MS7010065,,2,CS,24,8.68,8.68,USD,False,FULL,24
DOC-00065,MTR-DXB-26-7370,2,ORDER,Satin Lip Colour,MTR-89007,MS4000238,,1,CS,12,11.84,11.84,USD,False,FULL,12
DOC-00065,MTR-DXB-26-7370,3,ORDER,Velvet Matte Foundation 30 ml,MTR-21368,MS4010684,,6,CS,72,17.46,17.46,USD,False,FULL,72
DOC-00065,MTR-DXB-26-7370,4,ORDER,Brow Sculpt Pencil,MTR-50760,MS4030315,,2,CS,24,10.16,10.16,USD,False,FULL,24
DOC-00065,MTR-DXB-26-7370,5,ORDER,Crème Lumière Day Cream,MTR-29198,MS1010158,,2,CS,12,38.84,38.84,USD,False,FULL,12
DOC-00065,MTR-SIN-26-7975,1,ORDER,Musc Blanc Eau de Parfum,MTR-32946,MS3040237,,2,CS,12,96.32,96.32,USD,False,FULL,12
DOC-00065,MTR-SIN-26-7975,2,ORDER,Oud Saffron Eau de Parfum,MTR-64172,MS3000078,,2,CS,24,59.38,59.38,USD,False,FULL,24
DOC-00065,MTR-SIN-26-7975,3,ORDER,Soft Focus Blush,MTR-95679,MS4020252,,2,CS,24,13.74,13.74,USD,False,FULL,24
DOC-00065,MTR-SIN-26-7975,4,ORDER,Soft Focus Blush,MTR-40972,MS4020362,,1,CS,12,14.21,14.21,USD,False,FULL,12
DOC-00065,MTR-SIN-26-7975,5,ORDER,Velvet Matte Foundation 30 ml,MTR-42512,MS4010990,,2,CS,24,18.04,18.04,USD,False,FULL,24
DOC-00065,MTR-SIN-26-7975,6,ORDER,Crème Lumière Day Cream,MTR-61712,MS1010090,,3,CS,18,26.02,26.02,USD,False,FULL,18
DOC-00065,MTR-SIN-26-7975,7,ORDER,Velvet Matte Foundation 30 ml,MTR-60275,MS4011090,,2,CS,24,16.76,16.76,USD,False,FULL,24
DOC-00065,MTR-SIN-26-7975,8,ORDER,Néroli Soleil Eau de Toilette,MTR-94659,MS3030052,,4,CS,24,51.2,51.2,USD,False,FULL,24
DOC-00065,MTR-SIN-26-7975,9,ORDER,Satin Lip Colour,MTR-70150,MS4000958,,2,CS,24,12.51,12.51,USD,False,FULL,24
DOC-00065,MTR-SIN-26-7975,10,ORDER,Eau Micellaire Cleansing Water,MTR-72793,MS1030011,,1,CS,6,43.44,43.44,USD,False,PARTIAL,1
DOC-00065,MTR-SIN-26-7975,11,ORDER,Cuir Fumé Extrait de Parfum,MTR-14763,MS3050124,,1,CS,6,156.24,156.24,USD,False,BACKORDER,0
DOC-00065,MTR-SIN-26-7975,12,ORDER,Glow Highlighter,MTR-29641,MS7030190,,1,CS,12,11.25,11.25,USD,False,FULL,12
DOC-00065,MTR-SIN-26-7975,13,ORDER,Lacquer Nail Colour,MTR-38627,MS7000824,,1,CS,12,6.13,6.13,USD,False,FULL,12
DOC-00065,MTR-SIN-26-7975,14,ORDER,Baume Nuit Night Balm,MTR-20358,MS1020092,,1,CS,6,39.46,39.46,USD,False,FULL,6
DOC-00065,MTR-SIN-26-7975,15,ORDER,Velvet Matte Foundation 30 ml,MTR-44995,MS4011124,,3,CS,36,18.54,18.54,USD,False,PARTIAL,1
DOC-00065,MTR-SIN-26-7975,16,ORDER,Velvet Matte Foundation 30 ml,MTR-35318,MS4010349,,4,CS,48,15.47,17.19,USD,False,FULL,48
DOC-00065,MTR-SIN-26-7975,17,ORDER,Brow Sculpt Pencil,MTR-30934,MS4030143,,6,CS,72,9.53,9.53,USD,False,FULL,72
DOC-00065,MTR-SIN-26-7975,18,ORDER,Satin Lip Colour,MTR-94058,MS4000478,,6,CS,72,12.1,12.1,USD,False,FULL,72
DOC-00065,MTR-CDG-26-1507,1,ORDER,Huile Précieuse Face Oil,MTR-27992,MS1050061,,2,CS,12,32.55,32.55,EUR,False,FULL,12
DOC-00065,MTR-CDG-26-1507,2,ORDER,Glow Highlighter,MTR-78202,MS7030219,,6,CS,72,9.79,9.79,EUR,False,FULL,72
DOC-00065,MTR-CDG-26-1507,3,ORDER,Rose Ambrée Eau de Parfum,MTR-30701,MS3010166,,1,CS,6,67.3,67.3,EUR,False,FULL,6
DOC-00065,MTR-CDG-26-1507,4,ORDER,Soft Focus Blush,MTR-49576,MS4020080,,1,CS,12,12.41,12.41,EUR,False,FULL,12
DOC-00065,MTR-CDG-26-1507,5,ORDER,Glow Highlighter,MTR-36497,MS7030029,,1,CS,12,9.79,9.79,EUR,False,FULL,12
DOC-00065,MTR-CDG-26-1507,6,ORDER,Lacquer Nail Colour,MTR-80453,MS7000716,,6,CS,72,5.58,5.58,EUR,False,FULL,72
DOC-00065,MTR-CDG-26-1507,7,ORDER,Sérum Absolu Regenerating Serum,MTR-85166,MS1000137,,1,CS,6,38.55,38.55,EUR,False,FULL,6
DOC-00065,MTR-CDG-26-1507,8,ORDER,Lacquer Nail Colour,MTR-38947,MS7000295,,2,CS,24,5.38,5.38,EUR,False,FULL,24
DOC-00065,MTR-JFK-26-4476,1,ORDER,Sérum Absolu Regenerating Serum,MTR-85166,MS1000137,,2,CS,12,42.51,42.51,USD,False,FULL,12
DOC-00065,MTR-JFK-26-4476,2,ORDER,Lacquer Nail Colour,MTR-93717,MS7000022,,4,CS,48,6.0,6.0,USD,False,FULL,48
DOC-00065,MTR-JFK-26-4476,3,ORDER,Sérum Absolu Regenerating Serum,MTR-45842,MS1000013,,3,CS,18,30.3,30.3,USD,False,FULL,18
DOC-00065,MTR-JFK-26-4476,4,ORDER,Velvet Matte Foundation 30 ml,MTR-34405,MS4010022,,2,CS,24,18.59,18.59,USD,False,FULL,24
DOC-00065,MTR-JFK-26-4476,5,ORDER,Velvet Matte Foundation 30 ml,MTR-22502,MS4010798,,4,CS,48,17.75,17.75,USD,False,FULL,48
DOC-00066,MTR-CDG-26-7170,1,ORDER,Lacquer Nail Colour,MTR-38947,MS7000295,,6,CS,72,5.38,5.38,EUR,False,FULL,72
DOC-00066,MTR-CDG-26-7170,2,ORDER,Contour des Yeux Eye Cream,MTR-83664,MS1040049,,2,CS,12,20.36,20.36,EUR,False,FULL,12
DOC-00066,MTR-CDG-26-7170,3,ORDER,Satin Lip Colour,MTR-94058,MS4000478,,6,CS,72,12.39,10.77,EUR,False,FULL,72
DOC-00066,MTR-CDG-26-7170,4,ORDER,Musc Blanc Eau de Parfum,MTR-14888,MS3040160,,1,CS,6,58.84,58.84,EUR,False,FULL,6
DOC-00066,MTR-CDG-26-7170,5,ORDER,Cuir Fumé Extrait de Parfum,MTR-33040,MS3050040,,3,CS,18,97.66,97.66,EUR,False,FULL,18
DOC-00066,MTR-SIN-26-8130,1,ORDER,Baume Nuit Night Balm,MTR-20358,MS1020092,,2,CS,12,39.46,39.46,USD,False,FULL,12
DOC-00066,MTR-SIN-26-8130,2,ORDER,Lacquer Nail Colour,MTR-81989,MS7000653,,6,CS,72,5.92,5.92,USD,False,FULL,72
DOC-00066,MTR-SIN-26-8130,3,ORDER,Lotion Essentielle Toner,MTR-79604,MS1070033,,1,CS,6,45.25,45.25,USD,False,FULL,6
DOC-00066,MTR-SIN-26-8130,4,ORDER,Lacquer Nail Colour,MTR-38947,MS7000295,,1,CS,12,5.85,5.85,USD,False,FULL,12
DOC-00066,MTR-SIN-26-8130,5,ORDER,Brow Sculpt Pencil,MTR-25495,MS4030052,,1,CS,12,9.88,9.88,USD,False,PARTIAL,8
DOC-00066,MTR-SIN-26-8130,6,ORDER,Satin Lip Colour,MTR-71344,MS4000716,,1,CS,12,12.16,12.16,USD,False,FULL,12
DOC-00066,MTR-SIN-26-8130,7,ORDER,Lacquer Nail Colour,MTR-27507,MS7000371,,6,CS,72,5.7,5.7,USD,False,FULL,72
DOC-00066,MTR-SIN-26-8130,8,ORDER,Lacquer Nail Colour,MTR-38627,MS7000824,,3,CS,36,6.13,6.13,USD,False,FULL,36
DOC-00066,MTR-SIN-26-8130,9,ORDER,Crème Lumière Day Cream,MTR-29198,MS1010158,,2,CS,12,38.84,38.84,USD,False,FULL,12
DOC-00066,MTR-SIN-26-8130,10,ORDER,Satin Lip Colour,MTR-53914,MS4000380,,3,CS,36,13.25,13.25,USD,False,FULL,36
DOC-00066,MTR-SIN-26-8130,11,ORDER,Masque Éclat Radiance Mask,MTR-16653,MS1060170,,4,CS,24,45.36,45.36,USD,False,FULL,24
DOC-00066,MTR-SIN-26-8130,12,ORDER,Satin Lip Colour,MTR-94058,MS4000478,,3,CS,36,12.1,12.1,USD,False,FULL,36
DOC-00066,MTR-SIN-26-8130,13,ORDER,Sérum Absolu Regenerating Serum,MTR-59767,MS1000210,,4,CS,24,61.01,61.01,USD,False,FULL,24
DOC-00066,MTR-SIN-26-8130,14,ORDER,Néroli Soleil Eau de Toilette,MTR-94659,MS3030052,,1,CS,6,51.2,51.2,USD,False,FULL,6
DOC-00066,MTR-SIN-26-8130,15,ORDER,Velvet Matte Foundation 30 ml,MTR-60275,MS4011090,,2,CS,24,16.76,16.76,USD,False,FULL,24
DOC-00067,MTR-CDG-26-7275,1,ORDER,Precision Liquid Eyeliner,MTR-20237,MS7010261,,3,CS,36,8.03,8.03,EUR,False,FULL,36
DOC-00067,MTR-CDG-26-7275,2,ORDER,Crema Mani Rosa,MTR-89271,UNRESOLVABLE,,1,CS,,32.59,,EUR,False,N/A,
DOC-00067,MTR-CDG-26-7275,3,ORDER,Brow Sculpt Pencil,MTR-30934,MS4030143,,3,CS,36,8.65,8.65,EUR,False,FULL,36
DOC-00067,MTR-CDG-26-7275,4,ORDER,Satin Lip Colour,MTR-71344,MS4000716,,3,CS,36,10.87,10.87,EUR,False,FULL,36
DOC-00067,MTR-CDG-26-7275,5,ORDER,Satin Lip Colour,MTR-70150,MS4000958,,3,CS,36,11.74,11.74,EUR,False,FULL,36
DOC-00067,MTR-SIN-26-4859,1,ORDER,Satin Lip Colour,MTR-11214,MS4000134,,1,CS,12,12.0,12.0,USD,False,FULL,12
DOC-00067,MTR-SIN-26-4859,2,ORDER,Lacquer Nail Colour,MTR-81989,MS7000653,,1,CS,12,5.92,5.92,USD,False,FULL,12
DOC-00067,MTR-SIN-26-4859,3,ORDER,Lacquer Nail Colour,MTR-27507,MS7000371,,4,CS,48,5.7,5.7,USD,False,FULL,48
DOC-00067,MTR-SIN-26-4859,4,ORDER,Velvet Matte Foundation 30 ml,MTR-44995,MS4011124,,4,CS,48,18.54,18.54,USD,False,PARTIAL,1
DOC-00067,MTR-SIN-26-4859,5,ORDER,Lacquer Nail Colour,MTR-48671,MS7000122,,1,CS,12,5.75,5.75,USD,False,PARTIAL,3
DOC-00067,MTR-SIN-26-4859,6,ORDER,Lash Lift Mascara,MTR-81781,MS7020177,,2,CS,24,10.16,10.16,USD,False,FULL,24
DOC-00067,MTR-SIN-26-4859,7,ORDER,Precision Liquid Eyeliner,MTR-79228,MS7010115,,1,CS,12,9.38,9.38,USD,False,FULL,12
DOC-00067,MTR-SIN-26-4859,8,ORDER,Velvet Matte Foundation 30 ml,MTR-22502,MS4010798,,4,CS,48,17.75,17.75,USD,False,FULL,48
DOC-00067,MTR-SIN-26-4859,9,ORDER,Sérum Absolu Regenerating Serum,MTR-85166,MS1000137,,2,CS,12,42.51,42.51,USD,False,FULL,12
DOC-00067,MTR-SIN-26-4859,10,ORDER,Lip Gloss Mirror,MTR-99167,MS7040059,,3,CS,36,7.98,7.98,USD,False,FULL,36
DOC-00067,MTR-SIN-26-4859,11,ORDER,Brow Sculpt Pencil,MTR-75866,MS4030218,,1,CS,12,9.04,9.04,USD,False,FULL,12
DOC-00068,MTR-JFK-26-7096,1,ORDER,Sérum Absolu Regenerating Serum,MTR-45842,MS1000013,,2,CS,12,30.3,30.3,USD,False,FULL,12
DOC-00068,MTR-JFK-26-7096,2,ORDER,Brow Sculpt Pencil,MTR-30934,MS4030143,,2,CS,24,9.53,9.53,USD,False,FULL,24
DOC-00068,MTR-JFK-26-7096,3,ORDER,Velvet Matte Foundation 30 ml,MTR-84420,MS4010290,,2,CS,24,18.76,18.76,USD,False,FULL,24
DOC-00068,MTR-JFK-26-7096,4,ORDER,Crème Lumière Day Cream,MTR-61712,MS1010090,,6,CS,36,26.02,26.02,USD,False,FULL,36
DOC-00068,MTR-JFK-26-7096,5,ORDER,Masque Éclat Radiance Mask,MTR-16653,MS1060170,,2,CS,12,45.36,45.36,USD,False,FULL,12
DOC-00068,MTR-JFK-26-7096,6,ORDER,Néroli Soleil Eau de Toilette,MTR-94659,MS3030052,,2,CS,12,51.2,51.2,USD,False,FULL,12
DOC-00068,MTR-JFK-26-7096,7,ORDER,Precision Liquid Eyeliner,MTR-20730,MS7010065,,6,CS,72,8.68,8.68,USD,False,FULL,72
DOC-00068,MTR-JFK-26-7096,8,ORDER,Musc Blanc Eau de Parfum,MTR-14888,MS3040160,,1,CS,6,56.74,63.05,USD,False,FULL,6
DOC-00068,MTR-JFK-26-7096,9,ORDER,Vétiver Nocturne Eau de Toilette,MTR-36143,MS3020038,,1,CS,6,56.71,56.71,USD,False,FULL,6
DOC-00068,MTR-JFK-26-7096,10,ORDER,Satin Lip Colour,MTR-24764,MS4000882,,2,CS,24,12.97,12.12,USD,False,FULL,24
DOC-00068,MTR-JFK-26-7096,11,ORDER,Velvet Matte Foundation 30 ml,MTR-22502,MS4010798,,6,CS,72,17.75,17.75,USD,False,FULL,72
DOC-00068,MTR-DXB-26-6124,1,ORDER,Iris Poudré Eau de Parfum,MTR-62034,MS3060057,,2,CS,12,61.92,61.92,EUR,False,FULL,12
DOC-00068,MTR-DXB-26-6124,2,ORDER,Iris Poudré Eau de Parfum,MTR-34420,MS3060165,,6,CS,36,96.41,96.41,EUR,False,PARTIAL,2
DOC-00068,MTR-DXB-26-6124,3,ORDER,Lacquer Nail Colour,MTR-99173,MS7000986,,1,CS,12,5.42,5.42,EUR,False,FULL,12
DOC-00068,MTR-DXB-26-6124,4,ORDER,Velvet Matte Foundation 30 ml,MTR-34405,MS4010022,,1,CS,12,17.38,17.38,EUR,False,FULL,12
DOC-00068,MTR-DXB-26-6124,5,ORDER,Satin Lip Colour,MTR-53914,MS4000380,,6,CS,72,10.58,11.75,EUR,False,FULL,72
DOC-00068,MTR-DXB-26-6124,6,ORDER,Masque Éclat Radiance Mask,MTR-16653,MS1060170,,2,CS,12,40.85,40.85,EUR,False,FULL,12
DOC-00068,MTR-DXB-26-6124,7,ORDER,Oud Saffron Eau de Parfum,MTR-64172,MS3000078,,2,CS,24,53.46,53.46,EUR,False,FULL,24
DOC-00068,MTR-DXB-26-6124,8,ORDER,Glow Highlighter,MTR-36497,MS7030029,,1,CS,12,9.79,9.79,EUR,False,FULL,12
DOC-00068,MTR-SIN-26-6179,1,ORDER,Satin Lip Colour,MTR-11214,MS4000134,,3,CS,36,12.0,12.0,USD,False,FULL,36
DOC-00068,MTR-SIN-26-6179,2,ORDER,Lotion Essentielle Toner,MTR-40518,MS1070140,,2,CS,12,65.72,65.72,USD,False,FULL,12
DOC-00068,MTR-SIN-26-6179,3,ORDER,Satin Lip Colour,MTR-71344,MS4000716,,6,CS,72,12.16,12.16,USD,False,FULL,72
DOC-00068,MTR-SIN-26-6179,4,ORDER,Lip Gloss Mirror,MTR-99167,MS7040059,,6,CS,72,7.98,7.98,USD,False,FULL,72
DOC-00069,MTR-LHR-26-6250,1,ORDER,Velvet Matte Foundation 30 ml,MTR-60275,MS4011090,,2,CS,24,16.76,16.76,USD,False,FULL,24
DOC-00069,MTR-LHR-26-6250,2,ORDER,Vétiver Nocturne Eau de Toilette,MTR-36143,MS3020038,,1,CS,6,56.71,56.71,USD,False,FULL,6
DOC-00069,MTR-LHR-26-6250,3,ORDER,Precision Liquid Eyeliner,MTR-20730,MS7010065,,1,CS,12,8.68,8.68,USD,False,FULL,12
DOC-00069,MTR-LHR-26-6250,4,ORDER,Velvet Matte Foundation 30 ml,MTR-35318,MS4010349,,1,CS,12,17.19,17.19,USD,False,FULL,12
DOC-00069,MTR-LHR-26-6250,5,ORDER,Baume Nuit Night Balm,MTR-20358,MS1020092,,4,CS,24,39.46,39.46,USD,False,FULL,24
DOC-00069,MTR-SIN-26-2041,1,ORDER,Baume Nuit Night Balm,MTR-67983,MS1020161,,4,CS,24,56.98,56.98,USD,False,PARTIAL,1
DOC-00069,MTR-SIN-26-2041,2,ORDER,Musc Blanc Eau de Parfum,MTR-32946,MS3040237,,6,CS,36,96.32,96.32,USD,False,FULL,36
DOC-00069,MTR-SIN-26-2041,3,ORDER,Lacquer Nail Colour,MTR-81989,MS7000653,,4,CS,48,5.92,5.92,USD,False,FULL,48
DOC-00069,MTR-SIN-26-2041,4,ORDER,Satin Lip Colour,MTR-89007,MS4000238,,3,CS,36,11.84,11.84,USD,False,FULL,36
DOC-00069,MTR-SIN-26-2041,5,ORDER,Velvet Matte Foundation 30 ml,MTR-42512,MS4010990,,1,CS,12,18.04,18.04,USD,False,FULL,12
DOC-00069,MTR-SIN-26-2041,6,ORDER,Soft Focus Blush,MTR-40972,MS4020362,,6,CS,72,14.21,14.21,USD,False,FULL,72
DOC-00069,MTR-SIN-26-2041,7,ORDER,Vétiver Nocturne Eau de Toilette,MTR-36143,MS3020038,,4,CS,24,56.71,56.71,USD,False,FULL,24
DOC-00069,MTR-SIN-26-2041,8,ORDER,Soft Focus Blush,MTR-49576,MS4020080,,4,CS,48,13.17,13.17,USD,False,FULL,48
DOC-00069,MTR-SIN-26-2041,9,ORDER,Satin Lip Colour,MTR-47941,MS4000051,,2,CS,24,11.77,11.77,USD,False,FULL,24
DOC-00069,MTR-SIN-26-2041,10,ORDER,Satin Lip Colour,MTR-74738,MS4000547,,1,CS,12,12.98,12.98,USD,False,PARTIAL,4
DOC-00069,MTR-SIN-26-2041,11,ORDER,Baume Nuit Night Balm,MTR-20358,MS1020092,,1,CS,6,39.46,39.46,USD,False,FULL,6
DOC-00069,MTR-SIN-26-2041,12,ORDER,Eau Micellaire Cleansing Water,MTR-80592,MS1030143,,2,CS,12,55.53,55.53,USD,False,FULL,12
DOC-00069,MTR-SIN-26-2041,13,ORDER,Lacquer Nail Colour,MTR-38947,MS7000295,,1,CS,12,5.85,5.85,USD,False,FULL,12
DOC-00069,MTR-SIN-26-2041,14,ORDER,Lash Lift Mascara,MTR-81781,MS7020177,,4,CS,48,10.16,10.16,USD,False,FULL,48
DOC-00069,MTR-SIN-26-2041,15,ORDER,Lacquer Nail Colour,MTR-38627,MS7000824,,4,CS,48,6.13,6.13,USD,False,FULL,48
DOC-00069,MTR-SIN-26-2041,16,ORDER,Lotion Essentielle Toner,MTR-79604,MS1070033,,2,CS,12,45.25,45.25,USD,False,FULL,12
DOC-00069,MTR-DXB-26-2946,1,ORDER,Satin Lip Colour,MTR-27589,MS4000699,,1,CS,12,11.66,11.66,EUR,False,FULL,12
DOC-00069,MTR-DXB-26-2946,2,ORDER,Cuir Fumé Extrait de Parfum,MTR-33040,MS3050040,,6,CS,36,97.66,97.66,EUR,False,FULL,36
DOC-00069,MTR-DXB-26-2946,3,ORDER,Lash Lift Mascara,MTR-24707,MS7020061,,1,CS,12,9.31,9.31,EUR,False,BACKORDER,0
DOC-00069,MTR-DXB-26-2946,4,ORDER,Iris Poudré Eau de Parfum,MTR-34420,MS3060165,,6,CS,36,96.41,96.41,EUR,False,PARTIAL,2
DOC-00069,MTR-DXB-26-2946,5,ORDER,Advent Calendar 2026,MTR-14973,UNRESOLVABLE,,1,CS,,64.62,,EUR,False,N/A,
DOC-00069,MTR-DXB-26-2946,6,ORDER,Oud Saffron Eau de Parfum,MTR-64172,MS3000078,,1,CS,12,53.46,53.46,EUR,False,FULL,12
DOC-00069,MTR-DXB-26-2946,7,ORDER,Lacquer Nail Colour,MTR-80453,MS7000716,,4,CS,48,5.58,5.58,EUR,False,FULL,48
DOC-00069,MTR-DXB-26-2946,8,ORDER,Sérum Absolu Regenerating Serum,MTR-59767,MS1000210,,4,CS,24,56.02,56.02,EUR,False,FULL,24
DOC-00069,MTR-DXB-26-2946,9,ORDER,Satin Lip Colour,MTR-24764,MS4000882,,2,CS,24,10.91,10.91,EUR,False,FULL,24
DOC-00069,MTR-DXB-26-2946,10,ORDER,Glow Highlighter,MTR-78202,MS7030219,,4,CS,48,9.79,9.79,EUR,False,FULL,48
DOC-00070,MTR-JFK-26-6752,1,ORDER,Lacquer Nail Colour,MTR-38947,MS7000295,,6,CS,72,5.85,5.85,USD,False,FULL,72
DOC-00070,MTR-JFK-26-6752,2,ORDER,Velvet Matte Foundation 30 ml,MTR-84420,MS4010290,,1,CS,12,16.51,18.76,USD,False,FULL,12
DOC-00070,MTR-JFK-26-6752,3,ORDER,Soft Focus Blush,MTR-85088,MS4020174,,6,CS,72,14.4,14.4,USD,False,FULL,72
DOC-00070,MTR-JFK-26-6752,4,ORDER,Lacquer Nail Colour,MTR-80453,MS7000716,,4,CS,48,6.11,6.11,USD,False,FULL,48
DOC-00070,MTR-JFK-26-6752,5,ORDER,Lip Gloss Mirror,MTR-99167,MS7040059,,4,CS,48,7.98,7.98,USD,False,FULL,48
DOC-00070,MTR-JFK-26-6752,6,ORDER,Lacquer Nail Colour,MTR-69634,MS7000489,,2,CS,24,6.28,6.28,USD,False,FULL,24
DOC-00070,MTR-JFK-26-6752,7,ORDER,Vétiver Nocturne Eau de Toilette,MTR-47649,MS3020181,,4,CS,24,87.52,87.52,USD,False,FULL,24
DOC-00070,MTR-JFK-26-6752,8,ORDER,Glow Highlighter,MTR-36497,MS7030029,,1,CS,12,10.69,10.69,USD,False,FULL,12
DOC-00070,MTR-JFK-26-6752,9,ORDER,Sérum Absolu Regenerating Serum,MTR-85166,MS1000137,,3,CS,18,42.51,42.51,USD,False,FULL,18
DOC-00070,MTR-JFK-26-6752,10,ORDER,Lacquer Nail Colour,MTR-99173,MS7000986,,1,CS,12,6.01,6.01,USD,False,FULL,12
DOC-00070,MTR-JFK-26-6752,11,ORDER,Holiday Vault Set Exclusive,MTR-27322,UNRESOLVABLE,,1,CS,,47.82,,USD,False,N/A,
DOC-00070,MTR-JFK-26-6752,12,ORDER,Brow Sculpt Pencil,MTR-75866,MS4030218,,3,CS,36,9.04,9.04,USD,False,FULL,36
DOC-00070,MTR-SIN-26-4410,1,ORDER,Satin Lip Colour,MTR-47941,MS4000051,,2,CS,24,11.77,11.77,USD,False,FULL,24
DOC-00070,MTR-SIN-26-4410,2,ORDER,Advent Calendar 2026,MTR-72608,UNRESOLVABLE,,2,CS,,60.11,,USD,False,N/A,
DOC-00070,MTR-SIN-26-4410,3,ORDER,Iris Poudré Eau de Parfum,MTR-34420,MS3060165,,3,CS,18,103.77,103.77,USD,False,PARTIAL,2
DOC-00070,MTR-SIN-26-4410,4,ORDER,Brow Sculpt Pencil,MTR-75866,MS4030218,,1,CS,12,9.04,9.04,USD,False,FULL,12
DOC-00070,MTR-SIN-26-4410,5,ORDER,Lacquer Nail Colour,MTR-93717,MS7000022,,1,CS,12,6.0,6.0,USD,False,FULL,12
DOC-00070,MTR-SIN-26-4410,6,ORDER,Néroli Soleil Eau de Toilette,MTR-94659,MS3030052,,2,CS,12,51.2,51.2,USD,False,FULL,12
DOC-00070,MTR-SIN-26-4410,7,ORDER,Rose Ambrée Eau de Parfum,MTR-72350,MS3010240,,2,CS,12,112.82,112.82,USD,False,PARTIAL,2
DOC-00070,MTR-SIN-26-4410,8,ORDER,Crème Lumière Day Cream,MTR-47700,MS1010278,,2,CS,12,51.67,51.67,USD,False,FULL,12
DOC-00070,MTR-SIN-26-4410,9,ORDER,Rose Ambrée Eau de Parfum,MTR-82135,MS3010048,,1,CS,12,53.23,53.23,USD,False,FULL,12
DOC-00070,MTR-SIN-26-4410,10,ORDER,Satin Lip Colour,MTR-74738,MS4000547,,2,CS,24,12.98,12.98,USD,False,PARTIAL,4
DOC-00071,MTR-CDG-26-2311,1,ORDER,Vétiver Nocturne Eau de Toilette,MTR-36143,MS3020038,,2,CS,12,53.14,53.14,EUR,False,FULL,12
DOC-00071,MTR-CDG-26-2311,2,ORDER,Huile Précieuse Face Oil,MTR-27992,MS1050061,,2,CS,12,32.55,32.55,EUR,False,FULL,12
DOC-00071,MTR-CDG-26-2311,3,ORDER,Satin Lip Colour,MTR-70150,MS4000958,,3,CS,36,11.74,11.74,EUR,False,FULL,36
DOC-00071,MTR-CDG-26-2311,4,ORDER,Rose Ambrée Eau de Parfum,MTR-30701,MS3010166,,6,CS,36,67.3,67.3,EUR,False,FULL,36
DOC-00071,MTR-CDG-26-2311,5,ORDER,Lacquer Nail Colour,MTR-99173,MS7000986,,1,CS,12,5.42,5.42,EUR,False,FULL,12
DOC-00071,MTR-CDG-26-2311,6,ORDER,Crème Lumière Day Cream,MTR-47700,MS1010278,,4,CS,24,47.06,47.06,EUR,False,FULL,24
DOC-00071,MTR-CDG-26-2311,7,ORDER,Baume Nuit Night Balm,MTR-67983,MS1020161,,2,CS,12,51.12,51.12,EUR,False,PARTIAL,1
DOC-00071,MTR-DXB-26-4881,1,ORDER,Lacquer Nail Colour,MTR-89395,MS7000533,,1,CS,12,5.82,5.82,USD,False,FULL,12
DOC-00071,MTR-DXB-26-4881,2,ORDER,Glow Highlighter,MTR-29641,MS7030190,,6,CS,72,11.25,11.25,USD,False,FULL,72
DOC-00071,MTR-DXB-26-4881,3,ORDER,Rose Ambrée Eau de Parfum,MTR-72350,MS3010240,,1,CS,6,112.82,112.82,USD,False,PARTIAL,2
DOC-00071,MTR-DXB-26-4881,4,ORDER,Eau Micellaire Cleansing Water,MTR-80592,MS1030143,,2,CS,12,55.53,55.53,USD,False,FULL,12
DOC-00071,MTR-DXB-26-4881,5,ORDER,Iris Poudré Eau de Parfum,MTR-34420,MS3060165,,2,CS,12,103.77,103.77,USD,False,PARTIAL,2
DOC-00071,MTR-DXB-26-4881,6,ORDER,Lotion Essentielle Toner,MTR-40518,MS1070140,,2,CS,12,65.72,65.72,USD,False,FULL,12
DOC-00071,MTR-DXB-26-4881,7,ORDER,Lacquer Nail Colour,MTR-81989,MS7000653,,1,CS,12,5.92,5.92,USD,False,FULL,12
DOC-00071,MTR-DXB-26-4881,8,ORDER,Glow Highlighter,MTR-36497,MS7030029,,4,CS,48,10.69,10.69,USD,False,FULL,48
DOC-00071,MTR-DXB-26-4881,9,ORDER,Crème Lumière Day Cream,MTR-47700,MS1010278,,2,CS,12,51.67,51.67,USD,False,FULL,12
DOC-00071,MTR-DXB-26-4881,10,ORDER,Baume Nuit Night Balm,MTR-67983,MS1020161,,1,CS,6,56.98,56.98,USD,False,PARTIAL,1
DOC-00071,MTR-DXB-26-4881,11,ORDER,Soft Focus Blush,MTR-40972,MS4020362,,3,CS,36,14.21,14.21,USD,False,FULL,36
DOC-00071,MTR-DXB-26-4881,12,ORDER,Rose Ambrée Eau de Parfum,MTR-30701,MS3010166,,2,CS,12,71.13,71.13,USD,False,FULL,12
DOC-00071,MTR-SIN-26-6152,1,ORDER,Sérum Absolu Regenerating Serum,MTR-45842,MS1000013,,6,CS,36,26.66,30.3,USD,False,FULL,36
DOC-00071,MTR-SIN-26-6152,2,ORDER,Satin Lip Colour,MTR-53914,MS4000380,,2,CS,24,13.25,13.25,USD,False,FULL,24
DOC-00071,MTR-SIN-26-6152,3,ORDER,Satin Lip Colour,MTR-71344,MS4000716,,6,CS,72,12.16,12.16,USD,False,FULL,72
DOC-00071,MTR-SIN-26-6152,4,ORDER,Musc Blanc Eau de Parfum,MTR-14888,MS3040160,,6,CS,36,63.05,63.05,USD,False,FULL,36
DOC-00071,MTR-SIN-26-6152,5,ORDER,Néroli Soleil Eau de Toilette,MTR-94659,MS3030052,,1,CS,6,51.2,51.2,USD,False,FULL,6
DOC-00071,MTR-SIN-26-6152,6,ORDER,Satin Lip Colour,MTR-47941,MS4000051,,1,CS,12,11.77,11.77,USD,False,FULL,12
DOC-00071,MTR-SIN-26-6152,7,ORDER,Glow Highlighter,MTR-78202,MS7030219,,6,CS,72,10.77,10.77,USD,False,FULL,72
DOC-00071,MTR-SIN-26-6152,8,ORDER,Crème Lumière Day Cream,MTR-61712,MS1010090,,6,CS,36,26.02,26.02,USD,False,FULL,36
DOC-00071,MTR-SIN-26-6152,9,ORDER,Glow Highlighter,MTR-36497,MS7030029,,4,CS,48,10.69,10.69,USD,False,FULL,48
DOC-00071,MTR-SIN-26-6152,10,ORDER,Lacquer Nail Colour,MTR-81989,MS7000653,,1,CS,12,5.92,5.92,USD,False,FULL,12
DOC-00071,MTR-SIN-26-6152,11,ORDER,Vétiver Nocturne Eau de Toilette,MTR-36143,MS3020038,,6,CS,36,56.71,56.71,USD,False,FULL,36
DOC-00071,MTR-SIN-26-6152,12,ORDER,Discovery Coffret 5x10ml,MTR-77570,UNRESOLVABLE,,1,CS,,80.2,,USD,False,N/A,
DOC-00071,MTR-LHR-26-9226,1,ORDER,Travel Exclusive Duo Set,MTR-79573,UNRESOLVABLE,,2,CS,,87.09,,USD,False,N/A,
DOC-00071,MTR-LHR-26-9226,2,ORDER,Baume Nuit Night Balm,MTR-67983,MS1020161,,1,CS,6,56.98,56.98,USD,False,PARTIAL,1
DOC-00071,MTR-LHR-26-9226,3,ORDER,Velvet Matte Foundation 30 ml,MTR-22502,MS4010798,,2,CS,24,17.75,17.75,USD,False,FULL,24
DOC-00071,MTR-LHR-26-9226,4,ORDER,Satin Lip Colour,MTR-71344,MS4000716,,1,CS,12,10.7,12.16,USD,False,FULL,12
DOC-00071,MTR-LHR-26-9226,5,ORDER,Brow Sculpt Pencil,MTR-25495,MS4030052,,3,CS,36,9.88,9.88,USD,False,PARTIAL,8
DOC-00071,MTR-LHR-26-9226,6,ORDER,Brow Sculpt Pencil,MTR-75866,MS4030218,,6,CS,72,9.04,9.04,USD,False,FULL,72
DOC-00071,MTR-LHR-26-9226,7,ORDER,Oud Saffron Eau de Parfum,MTR-64172,MS3000078,,2,CS,24,59.38,59.38,USD,False,FULL,24
DOC-00071,MTR-LHR-26-9226,8,ORDER,Huile Précieuse Face Oil,MTR-27992,MS1050061,,3,CS,18,36.27,36.27,USD,False,FULL,18
DOC-00071,MTR-LHR-26-9226,9,ORDER,Masque Éclat Radiance Mask,MTR-86917,MS1060019,,1,CS,6,37.59,37.59,USD,False,FULL,6
DOC-00071,MTR-LHR-26-9226,10,ORDER,Oud Saffron Eau de Parfum,MTR-71918,MS3000150,,2,CS,12,80.51,80.51,USD,False,FULL,12
DOC-00071,MTR-LHR-26-9226,11,ORDER,Soft Focus Blush,MTR-85088,MS4020174,,2,CS,24,14.4,14.4,USD,False,FULL,24
DOC-00071,MTR-LHR-26-9226,12,ORDER,Masque Éclat Radiance Mask,MTR-16653,MS1060170,,6,CS,36,45.36,45.36,USD,False,FULL,36
DOC-00071,MTR-LHR-26-9226,13,ORDER,Velvet Matte Foundation 30 ml,MTR-28430,MS4010861,,2,CS,24,15.43,17.14,USD,False,FULL,24
DOC-00071,MTR-LHR-26-9226,14,ORDER,Lacquer Nail Colour,MTR-27507,MS7000371,,4,CS,48,5.7,5.7,USD,False,FULL,48
DOC-00071,MTR-LHR-26-9226,15,ORDER,Lacquer Nail Colour,MTR-99173,MS7000986,,4,CS,48,6.01,6.01,USD,False,FULL,48
DOC-00072,MTR-DXB-26-7225,1,ORDER,Musc Blanc Eau de Parfum,MTR-32946,MS3040237,,6,CS,36,87.42,87.42,EUR,False,FULL,36
DOC-00072,MTR-DXB-26-7225,2,ORDER,Oud Saffron Eau de Parfum,MTR-28018,MS3000278,,6,CS,36,104.61,104.61,EUR,False,FULL,36
DOC-00072,MTR-DXB-26-7225,3,ORDER,Lip Gloss Mirror,MTR-76895,MS7040288,,6,CS,72,6.55,7.28,EUR,False,PARTIAL,4
DOC-00072,MTR-DXB-26-7225,4,ORDER,Baume Nuit Night Balm,MTR-67983,MS1020161,,1,CS,6,51.12,51.12,EUR,False,PARTIAL,1
DOC-00072,MTR-DXB-26-7225,5,ORDER,Satin Lip Colour,MTR-27589,MS4000699,,1,CS,12,11.66,11.66,EUR,False,FULL,12
DOC-00072,MTR-DXB-26-7225,6,ORDER,Brow Sculpt Pencil,MTR-50760,MS4030315,,3,CS,36,9.16,9.16,EUR,False,FULL,36
DOC-00072,MTR-DXB-26-7225,7,ORDER,Glow Highlighter,MTR-36497,MS7030029,,3,CS,36,9.79,9.79,EUR,False,FULL,36
DOC-00072,MTR-DXB-26-7225,8,ORDER,Rose Ambrée Eau de Parfum,MTR-82135,MS3010048,,3,CS,36,49.26,49.26,EUR,False,FULL,36
DOC-00072,MTR-DXB-26-7225,9,ORDER,Velvet Matte Foundation 30 ml,MTR-34405,MS4010022,,1,CS,12,17.38,17.38,EUR,False,FULL,12
DOC-00072,MTR-DXB-26-7225,10,ORDER,Velvet Matte Foundation 30 ml,MTR-60275,MS4011090,,3,CS,36,15.74,15.74,EUR,False,FULL,36
DOC-00072,MTR-DXB-26-7225,11,ORDER,Eau Micellaire Cleansing Water,MTR-80592,MS1030143,,2,CS,12,51.04,51.04,EUR,False,FULL,12
DOC-00072,MTR-DXB-26-7225,12,ORDER,Huile Précieuse Face Oil,MTR-27992,MS1050061,,1,CS,6,32.55,32.55,EUR,False,FULL,6
DOC-00072,MTR-DXB-26-7225,13,ORDER,Velvet Matte Foundation 30 ml,MTR-35318,MS4010349,,6,CS,72,15.6,15.6,EUR,False,FULL,72
DOC-00072,MTR-DXB-26-7225,14,ORDER,Velvet Matte Foundation 30 ml,MTR-54185,MS4010167,,3,CS,36,15.72,15.72,EUR,False,FULL,36
DOC-00072,MTR-DXB-26-7225,15,ORDER,Cuir Fumé Extrait de Parfum,MTR-33040,MS3050040,,4,CS,24,97.66,97.66,EUR,False,FULL,24
DOC-00072,MTR-SIN-26-5945,1,ORDER,Lip Gloss Mirror,MTR-99167,MS7040059,,6,CS,72,7.98,7.98,USD,False,FULL,72
DOC-00072,MTR-SIN-26-5945,2,ORDER,Vétiver Nocturne Eau de Toilette,MTR-36143,MS3020038,,1,CS,6,56.71,56.71,USD,False,FULL,6
DOC-00072,MTR-SIN-26-5945,3,ORDER,Precision Liquid Eyeliner,MTR-79228,MS7010115,,3,CS,36,9.38,9.38,USD,False,FULL,36
DOC-00072,MTR-SIN-26-5945,4,ORDER,Satin Lip Colour,MTR-70150,MS4000958,,3,CS,36,12.51,12.51,USD,False,FULL,36
DOC-00072,MTR-SIN-26-5945,5,ORDER,Masque Éclat Radiance Mask,MTR-16653,MS1060170,,2,CS,12,39.92,45.36,USD,False,FULL,12
DOC-00072,MTR-SIN-26-5945,6,ORDER,Velvet Matte Foundation 30 ml,MTR-60275,MS4011090,,4,CS,48,16.76,16.76,USD,False,FULL,48
DOC-00072,MTR-SIN-26-5945,7,ORDER,Rose Ambrée Eau de Parfum,MTR-72350,MS3010240,,2,CS,12,112.82,112.82,USD,False,PARTIAL,2
DOC-00072,MTR-SIN-26-5945,8,ORDER,Lacquer Nail Colour,MTR-38627,MS7000824,,2,CS,24,6.13,6.13,USD,False,FULL,24
DOC-00072,MTR-SIN-26-5945,9,ORDER,Precision Liquid Eyeliner,MTR-20237,MS7010261,,6,CS,72,8.87,8.87,USD,False,FULL,72
DOC-00072,MTR-SIN-26-5945,10,ORDER,Crème Lumière Day Cream,MTR-47700,MS1010278,,2,CS,12,51.67,51.67,USD,False,FULL,12
DOC-00072,MTR-SIN-26-5945,11,ORDER,Lash Lift Mascara,MTR-24707,MS7020061,,4,CS,48,9.76,9.76,USD,False,BACKORDER,0
DOC-00072,MTR-SIN-26-5945,12,ORDER,Satin Lip Colour,MTR-27589,MS4000699,,4,CS,48,12.34,12.34,USD,False,FULL,48
DOC-00072,MTR-SIN-26-5945,13,ORDER,Velvet Matte Foundation 30 ml,MTR-54185,MS4010167,,1,CS,12,16.7,16.7,USD,False,FULL,12
DOC-00072,MTR-LHR-26-5256,1,ORDER,Brow Sculpt Pencil,MTR-50760,MS4030315,,2,CS,24,10.16,10.16,USD,False,FULL,24
DOC-00072,MTR-LHR-26-5256,2,ORDER,Velvet Matte Foundation 30 ml,MTR-60275,MS4011090,,1,CS,12,16.76,16.76,USD,False,FULL,12
DOC-00072,MTR-LHR-26-5256,3,ORDER,Satin Lip Colour,MTR-27589,MS4000699,,1,CS,12,12.34,12.34,USD,False,FULL,12
DOC-00072,MTR-LHR-26-5256,4,ORDER,Lacquer Nail Colour,MTR-89395,MS7000533,,4,CS,48,5.82,5.82,USD,False,FULL,48
DOC-00073,MTR-JFK-26-5068,1,ORDER,Velvet Matte Foundation 30 ml,MTR-84420,MS4010290,,2,CS,24,18.76,18.76,USD,False,FULL,24
DOC-00073,MTR-JFK-26-5068,2,ORDER,Satin Lip Colour,MTR-27589,MS4000699,,4,CS,48,12.34,12.34,USD,False,FULL,48
DOC-00073,MTR-JFK-26-5068,3,ORDER,Velvet Matte Foundation 30 ml,MTR-42512,MS4010990,,6,CS,72,18.04,18.04,USD,False,FULL,72
DOC-00073,MTR-JFK-26-5068,4,ORDER,Masque Éclat Radiance Mask,MTR-16653,MS1060170,,6,CS,36,45.36,45.36,USD,False,FULL,36
DOC-00073,MTR-JFK-26-5068,5,ORDER,Satin Lip Colour,MTR-47941,MS4000051,,4,CS,48,10.36,11.77,USD,False,FULL,48
DOC-00073,MTR-JFK-26-5068,6,ORDER,Masque Éclat Radiance Mask,MTR-86917,MS1060019,,1,CS,6,37.59,37.59,USD,False,FULL,6
DOC-00073,MTR-JFK-26-5068,7,ORDER,Glow Highlighter,MTR-78202,MS7030219,,2,CS,24,10.77,10.77,USD,False,FULL,24
DOC-00073,MTR-JFK-26-5068,8,ORDER,Precision Liquid Eyeliner,MTR-79228,MS7010115,,6,CS,72,9.38,9.38,USD,False,FULL,72
DOC-00073,MTR-JFK-26-5068,9,ORDER,Lash Lift Mascara,MTR-81781,MS7020177,,4,CS,48,10.16,10.16,USD,False,FULL,48
DOC-00073,MTR-JFK-26-5068,10,ORDER,Crème Lumière Day Cream,MTR-29198,MS1010158,,2,CS,12,44.67,38.84,USD,False,FULL,12
DOC-00073,MTR-DXB-26-9812,1,ORDER,Lacquer Nail Colour,MTR-99173,MS7000986,,6,CS,72,5.42,5.42,EUR,False,FULL,72
DOC-00073,MTR-DXB-26-9812,2,ORDER,Lip Gloss Mirror,MTR-99167,MS7040059,,1,CS,12,7.54,7.54,EUR,False,FULL,12
DOC-00073,MTR-DXB-26-9812,3,ORDER,Crème Lumière Day Cream,MTR-47700,MS1010278,,2,CS,12,47.06,47.06,EUR,False,FULL,12
DOC-00073,MTR-DXB-26-9812,4,ORDER,Velvet Matte Foundation 30 ml,MTR-28430,MS4010861,,2,CS,24,16.08,16.08,EUR,False,FULL,24
DOC-00073,MTR-DXB-26-9812,5,ORDER,Satin Lip Colour,MTR-47941,MS4000051,,1,CS,12,10.91,10.91,EUR,False,FULL,12
DOC-00073,MTR-DXB-26-9812,6,ORDER,Masque Éclat Radiance Mask,MTR-86917,MS1060019,,2,CS,12,34.12,34.12,EUR,False,FULL,12
DOC-00073,MTR-CDG-26-1133,1,ORDER,Holiday Vault Set Exclusive,MTR-42431,UNRESOLVABLE,,1,CS,,7.39,,EUR,False,N/A,
DOC-00073,MTR-CDG-26-1133,2,ORDER,Lacquer Nail Colour,MTR-69634,MS7000489,,2,CS,24,5.77,5.77,EUR,False,FULL,24
DOC-00073,MTR-CDG-26-1133,3,ORDER,Lacquer Nail Colour,MTR-80453,MS7000716,,6,CS,72,5.58,5.58,EUR,False,FULL,72
DOC-00073,MTR-CDG-26-1133,4,ORDER,Lacquer Nail Colour,MTR-38947,MS7000295,,6,CS,72,5.38,5.38,EUR,False,FULL,72
DOC-00073,MTR-LHR-26-9886,1,ORDER,Rose Ambrée Eau de Parfum,MTR-72350,MS3010240,,4,CS,24,101.83,101.83,EUR,False,PARTIAL,2
DOC-00073,MTR-LHR-26-9886,2,ORDER,Lip Gloss Mirror,MTR-76895,MS7040288,,2,CS,24,6.55,7.28,EUR,False,PARTIAL,4
DOC-00073,MTR-LHR-26-9886,3,ORDER,Musc Blanc Eau de Parfum,MTR-40437,MS3040044,,4,CS,48,44.06,44.06,EUR,False,BACKORDER,0
DOC-00073,MTR-LHR-26-9886,4,ORDER,Precision Liquid Eyeliner,MTR-20237,MS7010261,,6,CS,72,8.03,8.03,EUR,False,FULL,72
DOC-00073,MTR-LHR-26-9886,5,ORDER,Brow Sculpt Pencil,MTR-25495,MS4030052,,1,CS,12,9.13,9.13,EUR,False,PARTIAL,8
DOC-00073,MTR-LHR-26-9886,6,ORDER,Velvet Matte Foundation 30 ml,MTR-66059,MS4010583,,3,CS,36,17.52,17.52,EUR,False,FULL,36
DOC-00073,MTR-LHR-26-9886,7,ORDER,Velvet Matte Foundation 30 ml,MTR-22502,MS4010798,,3,CS,36,16.0,16.0,EUR,False,FULL,36
DOC-00073,MTR-LHR-26-9886,8,ORDER,Lip Gloss Mirror,MTR-86434,MS7040117,,4,CS,48,7.26,7.26,EUR,False,FULL,48
DOC-00073,MTR-LHR-26-9886,9,ORDER,Lotion Essentielle Toner,MTR-79604,MS1070033,,1,CS,6,40.96,40.96,EUR,False,FULL,6
DOC-00073,MTR-LHR-26-9886,10,ORDER,Velvet Matte Foundation 30 ml,MTR-35318,MS4010349,,1,CS,12,15.6,15.6,EUR,False,FULL,12
DOC-00073,MTR-LHR-26-9886,11,ORDER,Satin Lip Colour,MTR-11214,MS4000134,,3,CS,36,10.84,10.84,EUR,False,FULL,36
DOC-00073,MTR-LHR-26-9886,12,ORDER,Eau Micellaire Cleansing Water,MTR-72793,MS1030011,,3,CS,18,39.64,39.64,EUR,False,PARTIAL,1
DOC-00073,MTR-LHR-26-9886,13,ORDER,Velvet Matte Foundation 30 ml,MTR-54185,MS4010167,,4,CS,48,15.72,15.72,EUR,False,FULL,48
DOC-00074,MTR-JFK-26-7707,1,ORDER,Baume Nuit Night Balm,MTR-67983,MS1020161,,4,CS,24,56.98,56.98,USD,False,PARTIAL,1
DOC-00074,MTR-JFK-26-7707,2,ORDER,Glow Highlighter,MTR-36497,MS7030029,,3,CS,36,10.69,10.69,USD,False,FULL,36
DOC-00074,MTR-JFK-26-7707,3,ORDER,Satin Lip Colour,MTR-74738,MS4000547,,1,CS,12,12.98,12.98,USD,False,PARTIAL,4
DOC-00074,MTR-JFK-26-7707,4,ORDER,Eau Micellaire Cleansing Water,MTR-72793,MS1030011,,6,CS,36,43.44,43.44,USD,False,PARTIAL,1
DOC-00074,MTR-JFK-26-7707,5,ORDER,Velvet Matte Foundation 30 ml,MTR-44995,MS4011124,,3,CS,36,18.54,18.54,USD,False,PARTIAL,1
DOC-00074,MTR-JFK-26-7707,6,ORDER,Brow Sculpt Pencil,MTR-25495,MS4030052,,1,CS,12,9.88,9.88,USD,False,PARTIAL,8
DOC-00074,MTR-JFK-26-7707,7,ORDER,Lacquer Nail Colour,MTR-99173,MS7000986,,2,CS,24,6.01,6.01,USD,False,FULL,24
DOC-00074,MTR-JFK-26-7707,8,ORDER,Glitter Fantasy Palette,MTR-74651,UNRESOLVABLE,,1,CS,,88.96,,USD,False,N/A,
DOC-00074,MTR-JFK-26-7707,9,ORDER,Rose Ambrée Eau de Parfum,MTR-30701,MS3010166,,2,CS,12,71.13,71.13,USD,False,FULL,12
DOC-00074,MTR-JFK-26-7707,10,ORDER,Crème Lumière Day Cream,MTR-47700,MS1010278,,2,CS,12,51.67,51.67,USD,False,FULL,12
DOC-00074,MTR-JFK-26-7707,11,ORDER,Vétiver Nocturne Eau de Toilette,MTR-47649,MS3020181,,4,CS,24,87.52,87.52,USD,False,FULL,24
DOC-00074,MTR-JFK-26-7707,12,ORDER,Lip Gloss Mirror,MTR-86434,MS7040117,,4,CS,48,8.08,8.08,USD,False,FULL,48
DOC-00074,MTR-JFK-26-7707,13,ORDER,Lacquer Nail Colour,MTR-38947,MS7000295,,6,CS,72,5.85,5.85,USD,False,FULL,72
DOC-00074,MTR-LHR-26-7908,1,ORDER,Velvet Matte Foundation 30 ml,MTR-44995,MS4011124,,1,CS,12,18.54,18.54,USD,False,PARTIAL,1
DOC-00074,MTR-LHR-26-7908,2,ORDER,Lash Lift Mascara,MTR-24707,MS7020061,,2,CS,24,9.76,9.76,USD,False,BACKORDER,0
DOC-00074,MTR-LHR-26-7908,3,ORDER,Sérum Absolu Regenerating Serum,MTR-85166,MS1000137,,2,CS,12,42.51,42.51,USD,False,FULL,12
DOC-00074,MTR-LHR-26-7908,4,ORDER,Sérum Absolu Regenerating Serum,MTR-45842,MS1000013,,2,CS,12,30.3,30.3,USD,False,FULL,12
DOC-00074,MTR-LHR-26-7908,5,ORDER,Masque Éclat Radiance Mask,MTR-16653,MS1060170,,4,CS,24,45.36,45.36,USD,False,FULL,24
DOC-00074,MTR-LHR-26-7908,6,ORDER,Velvet Matte Foundation 30 ml,MTR-34405,MS4010022,,6,CS,72,18.59,18.59,USD,False,FULL,72
DOC-00074,MTR-LHR-26-7908,7,ORDER,Lacquer Nail Colour,MTR-38627,MS7000824,,2,CS,24,6.13,6.13,USD,False,FULL,24
DOC-00074,MTR-LHR-26-7908,8,ORDER,Lotion Essentielle Toner,MTR-79604,MS1070033,,3,CS,18,45.25,45.25,USD,False,FULL,18
DOC-00074,MTR-CDG-26-7329,1,ORDER,Lacquer Nail Colour,MTR-89395,MS7000533,,2,CS,24,5.52,5.52,EUR,False,FULL,24
DOC-00074,MTR-CDG-26-7329,2,ORDER,Musc Blanc Eau de Parfum,MTR-14888,MS3040160,,6,CS,36,58.84,58.84,EUR,False,FULL,36
DOC-00074,MTR-CDG-26-7329,3,ORDER,Satin Lip Colour,MTR-70150,MS4000958,,1,CS,12,11.74,11.74,EUR,False,FULL,12
DOC-00074,MTR-CDG-26-7329,4,ORDER,Soft Focus Blush,MTR-85088,MS4020174,,3,CS,36,13.28,13.28,EUR,False,FULL,36
DOC-00074,MTR-CDG-26-7329,5,ORDER,Oud Saffron Eau de Parfum,MTR-64172,MS3000078,,6,CS,72,53.46,53.46,EUR,False,FULL,72
DOC-00074,MTR-CDG-26-7329,6,ORDER,Lip Gloss Mirror,MTR-76895,MS7040288,,6,CS,72,7.28,7.28,EUR,False,PARTIAL,4
DOC-00074,MTR-CDG-26-7329,7,ORDER,Lash Lift Mascara,MTR-81781,MS7020177,,2,CS,24,9.37,9.37,EUR,False,FULL,24
DOC-00074,MTR-CDG-26-7329,8,ORDER,Crème Lumière Day Cream,MTR-61712,MS1010090,,1,CS,6,23.85,23.85,EUR,False,FULL,6
DOC-00074,MTR-CDG-26-7329,9,ORDER,Masque Éclat Radiance Mask,MTR-86917,MS1060019,,2,CS,12,34.12,34.12,EUR,False,FULL,12
DOC-00074,MTR-CDG-26-7329,10,ORDER,Baume Nuit Night Balm,MTR-67983,MS1020161,,2,CS,12,51.12,51.12,EUR,False,PARTIAL,1
DOC-00074,MTR-CDG-26-7329,11,ORDER,Crème Lumière Day Cream,MTR-29198,MS1010158,,2,CS,12,36.22,36.22,EUR,False,FULL,12
DOC-00074,MTR-CDG-26-7329,12,ORDER,Velvet Matte Foundation 30 ml,MTR-60275,MS4011090,,3,CS,36,15.74,15.74,EUR,False,FULL,36
DOC-00074,MTR-CDG-26-7329,13,ORDER,Iris Poudré Eau de Parfum,MTR-62034,MS3060057,,1,CS,6,61.92,61.92,EUR,False,FULL,6
DOC-00074,MTR-CDG-26-7329,14,ORDER,Satin Lip Colour,MTR-11214,MS4000134,,2,CS,24,10.84,10.84,EUR,False,FULL,24
DOC-00075,BH-5454439,1,ORDER,Mistral Hair Bond Rebuild Mask 200 ml,MS6020068,MS6020068,,48,EA,48,39.91,39.91,EUR,False,FULL,48
DOC-00075,BH-5454439,2,ORDER,Atelier Noor Musc Blanc Eau de Parfum 30 ml,MS3040044,MS3040044,,24,EA,24,49.42,49.42,EUR,False,FULL,24
DOC-00075,BH-5454439,3,ORDER,Lune Rouge Lip Gloss Mirror Pink Pearl,MS7840117,MS7840117,MS7040117,24,EA,24,8.14,8.14,EUR,False,SUBSTITUTE,24
DOC-00075,BH-5454439,4,ORDER,Solenne Paris Crème Lumière Day Cream 30 ml,MS1010158,MS1010158,,48,EA,48,39.65,39.65,EUR,False,PARTIAL,5
DOC-00075,BH-5454439,5,ORDER,Atelier Noor Cuir Fumé Extrait de Parfum 50 ml,MS3050040,MS3050040,,6,EA,6,110.51,110.51,EUR,False,FULL,6
DOC-00075,BH-5454439,6,ORDER,Mistral Hair Hydra Repair Shampoo 250 ml,MS6000088,MS6000088,,72,EA,72,26.71,26.71,EUR,False,FULL,72
DOC-00075,BH-5454439,7,ORDER,Mistral Hair Colour Guard Shampoo 1 L Salon,MS6050191,MS6050191,,12,EA,12,32.81,32.81,EUR,False,FULL,12
DOC-00075,BH-5454439,8,ORDER,Velour Cosmetics Satin Lip Colour 08 Terracotta,MS4000380,MS4000380,,12,EA,12,13.6,13.6,EUR,False,FULL,12
DOC-00075,BH-5454439,9,ORDER,Kōri Botanicals Sakura Dew Sleeping Mask 50 ml,MS2050041,MS2050041,,48,EA,48,17.82,17.82,EUR,False,FULL,48
DOC-00075,BH-5454439,10,ORDER,Lune Rouge Lacquer Nail Colour 101 Opera,MS7000022,MS7000022,,36,EA,36,6.22,6.22,EUR,False,FULL,36
DOC-00075,BH-5454439,11,ORDER,Kōri Botanicals Hinoki Calming Toner 100 ml,MS2040026,MS2040026,,18,EA,18,18.3,18.3,EUR,False,FULL,18
DOC-00075,BH-5454439,12,ORDER,Velour Cosmetics Velvet Matte Foundation 30 ml 3W Golden,MS4010583,MS4010583,,120,EA,120,19.54,19.54,EUR,False,FULL,120
DOC-00075,BH-5454439,13,ORDER,Solenne Paris Crème Lumière Day Cream 50 ml,MS1010278,MS1010278,,36,EA,36,53.29,53.29,EUR,False,FULL,36
DOC-00075,BH-5454439,14,ORDER,Velour Cosmetics Satin Lip Colour 25 Prune,MS4000882,MS4000882,,96,EA,96,12.37,12.37,EUR,False,FULL,96
DOC-00075,BH-5454439,15,ORDER,Thornfield Grooming Cedar Shave Cream 150 ml,MS5000191,MS5000191,,48,EA,48,22.04,22.04,EUR,False,FULL,48
DOC-00075,BH-5454439,16,ORDER,Lune Rouge Glow Highlighter Champagne,MS7030190,MS7030190,,12,EA,12,11.94,11.94,EUR,False,FULL,12
DOC-00075,BH-5454439,17,ORDER,Thornfield Grooming Post-Shave Balm 150 ml,MS5040119,MS5040119,,12,EA,12,26.6,26.6,EUR,False,FULL,12
DOC-00075,BH-5454439,18,ORDER,Solenne Paris Masque Éclat Radiance Mask 75 ml,MS1060170,MS1060170,,6,EA,6,46.02,46.02,EUR,False,FULL,6
DOC-00075,BH-5454439,19,ORDER,Advent Calendar 2026,MS9436892,UNRESOLVABLE,,6,EA,6,57.4,,EUR,False,N/A,
DOC-00075,BH-5454439,20,ORDER,Velour Cosmetics Velvet Matte Foundation 30 ml 6N Espresso,MS4011090,MS4011090,,48,EA,48,17.52,17.52,EUR,False,FULL,48
DOC-00075,BH-5454439,21,ORDER,Lune Rouge Lacquer Nail Colour 115 Sable,MS7000371,MS7000371,,24,EA,24,5.87,5.87,EUR,False,FULL,24
DOC-00075,BH-5454439,22,ORDER,Velour Cosmetics Brow Sculpt Pencil Soft Black,MS4030315,MS4030315,,36,EA,36,10.16,10.16,EUR,False,FULL,36
DOC-00075,BH-5454439,23,ORDER,Velour Cosmetics Satin Lip Colour 12 Rouge Velours,MS4000478,MS4000478,,96,EA,96,12.25,12.25,EUR,False,FULL,96
DOC-00075,BH-5454439,24,ORDER,Thornfield Grooming Post-Shave Balm 75 ml,MS5040079,MS5040079,,12,EA,12,17.3,17.3,EUR,False,FULL,12
DOC-00075,BH-5454439,25,ORDER,Velour Cosmetics Velvet Matte Foundation 30 ml 5W Toffee,MS4810990,MS4810990,MS4010990,96,EA,96,18.76,18.76,EUR,False,SUBSTITUTE,96
DOC-00076,BH-5056217,1,ORDER,Solenne Paris Huile Précieuse Face Oil 30 ml,MS1850061,MS1850061,MS1050061,18,EA,18,36.9,36.9,EUR,False,SUBSTITUTE,18
DOC-00076,BH-5056217,2,ORDER,Lune Rouge Lacquer Nail Colour 145 Bordeaux,MS7800986,MS7800986,MS7000986,72,EA,72,6.05,6.05,EUR,False,SUBSTITUTE,72
DOC-00076,BH-5056217,3,ORDER,Atelier Noor Rose Ambrée Eau de Parfum 50 ml,MS3010166,MS3010166,,12,EA,12,73.44,73.44,EUR,False,FULL,12
DOC-00076,BH-5056217,4,ORDER,Atelier Noor Musc Blanc Eau de Parfum 100 ml,MS3040237,MS3040237,,12,EA,12,100.57,100.57,EUR,False,FULL,12
DOC-00076,BH-5056217,5,ORDER,Velour Cosmetics Velvet Matte Foundation 30 ml 5W Toffee,MS4810990,MS4810990,MS4010990,24,EA,24,18.76,18.76,EUR,False,SUBSTITUTE,24
DOC-00076,BH-5056217,6,ORDER,Mistral Hair Sea Salt Texture Spray 150 ml,MS6030079,MS6030079,,12,EA,12,22.88,22.88,EUR,False,BACKORDER,0
DOC-00076,BH-5056217,7,ORDER,Solenne Paris Crème Lumière Day Cream 15 ml,MS1810090,MS1810090,MS1010090,6,EA,6,25.94,25.94,EUR,False,SUBSTITUTE,6
DOC-00076,BH-5056217,8,ORDER,Kōri Botanicals Hinoki Calming Toner 100 ml,MS2040026,MS2040026,,18,EA,18,18.3,18.3,EUR,False,FULL,18
DOC-00076,BH-5056217,9,ORDER,Lune Rouge Lacquer Nail Colour 130 Coral Reef,MS7000653,MS7000653,,12,EA,12,6.04,6.04,EUR,False,FULL,12
DOC-00076,BH-5056217,10,ORDER,Velour Cosmetics Satin Lip Colour 03 Petal,MS4000134,MS4000134,,72,EA,72,12.3,12.3,EUR,False,FULL,72
DOC-00077,BH-7768958,1,ORDER,Lune Rouge Lip Gloss Mirror Pink Pearl,MS7840117,MS7840117,MS7040117,72,EA,72,8.14,8.14,EUR,False,SUBSTITUTE,72
DOC-00077,BH-7768958,2,ORDER,Lune Rouge Lacquer Nail Colour 130 Coral Reef,MS7000653,MS7000653,,36,EA,36,6.04,6.04,EUR,False,FULL,36
DOC-00077,BH-7768958,3,ORDER,Velour Cosmetics Satin Lip Colour 30 Fuchsia,MS4800958,MS4800958,MS4000958,24,EA,24,13.05,13.05,EUR,False,SUBSTITUTE,24
DOC-00077,BH-7768958,4,ORDER,Atelier Noor Cuir Fumé Extrait de Parfum 50 ml,MS3050040,MS3050040,,12,EA,12,110.51,110.51,EUR,False,FULL,12
DOC-00077,BH-7768958,5,ORDER,Kōri Botanicals Green Tea Gel Cleanser 100 ml,MS2010060,MS2010060,,24,EA,24,15.89,15.89,EUR,False,FULL,24
DOC-00077,BH-7768958,6,ORDER,Solenne Paris Crème Lumière Day Cream 15 ml,MS1810090,MS1810090,MS1010090,6,EA,6,25.94,25.94,EUR,False,SUBSTITUTE,6
DOC-00077,BH-7768958,7,ORDER,Velour Cosmetics Satin Lip Colour 01 Nude Silk,MS4000051,MS4000051,,12,EA,12,12.02,12.02,EUR,False,FULL,12
DOC-00077,BH-7768958,8,ORDER,Mistral Hair Curl Define Cream 150 ml,MS6040043,MS6040043,,24,EA,24,22.34,22.34,EUR,False,FULL,24
DOC-00077,BH-7768958,9,ORDER,Lune Rouge Glow Highlighter Moonstone,MS7030029,MS7030029,,36,EA,36,11.0,11.0,EUR,False,FULL,36
DOC-00077,BH-7768958,10,ORDER,Solenne Paris Huile Précieuse Face Oil 30 ml,MS1050061,MS1050061,,36,EA,36,36.9,36.9,EUR,False,FULL,36
DOC-00077,BH-7768958,11,ORDER,Atelier Noor Rose Ambrée Eau de Parfum 100 ml,MS3010240,MS3010240,,12,EA,12,117.23,117.23,EUR,False,FULL,12
DOC-00077,BH-7768958,12,ORDER,Mistral Hair Hydra Repair Shampoo 1 L Salon,MS6000124,MS6000124,,12,EA,12,32.08,32.08,EUR,False,BACKORDER,0
DOC-00077,BH-7768958,13,ORDER,Velour Cosmetics Satin Lip Colour 30 Fuchsia,MS4800958,MS4800958,MS4000958,120,EA,120,13.05,13.05,EUR,False,SUBSTITUTE,120
DOC-00077,BH-7768958,14,ORDER,Mistral Hair Curl Define Cream 500 ml Salon,MS6040167,MS6040167,,48,EA,48,37.14,37.14,EUR,False,FULL,48
DOC-00077,BH-7768958,15,ORDER,Atelier Noor Oud Saffron Eau de Parfum 30 ml,MS3000078,MS3000078,,12,EA,12,60.16,60.16,EUR,False,PARTIAL,2
DOC-00077,BH-7768958,16,ORDER,Atelier Noor Iris Poudré Eau de Parfum 50 ml,MS3060057,MS3060057,,12,EA,12,68.95,68.95,EUR,False,FULL,12
DOC-00077,BH-7768958,17,ORDER,Lune Rouge Precision Liquid Eyeliner Navy,MS7010261,MS7010261,,12,EA,12,9.15,9.15,EUR,False,FULL,12
DOC-00077,BH-7768958,18,ORDER,Lune Rouge Lash Lift Mascara Brown Black,MS7020177,MS7020177,,72,EA,72,10.27,10.27,EUR,False,FULL,72
DOC-00078,BH-8649592,1,ORDER,Atelier Noor Cuir Fumé Extrait de Parfum 50 ml,MS3050040,MS3050040,,24,EA,24,110.51,110.51,EUR,False,FULL,24
DOC-00078,BH-8649592,2,ORDER,Velour Cosmetics Satin Lip Colour 18 Berry Noir,MS4000699,MS4000699,,12,EA,12,12.86,12.86,EUR,False,PARTIAL,6
DOC-00078,BH-8649592,3,ORDER,Mistral Hair Hydra Repair Shampoo 1 L Salon,MS6000124,MS6000124,,48,EA,48,32.08,32.08,EUR,False,BACKORDER,0
DOC-00079,BH-5856554,1,ORDER,Mistral Hair Hydra Repair Conditioner 1 L Salon,MS6010140,MS6010140,,12,EA,12,30.31,30.31,EUR,False,FULL,12
DOC-00079,BH-5856554,2,ORDER,Solenne Paris Eau Micellaire Cleansing Water 200 ml,MS1030011,MS1030011,,6,EA,6,44.81,44.81,EUR,False,FULL,6
DOC-00079,BH-5856554,3,ORDER,Velour Cosmetics Brow Sculpt Pencil Taupe,MS4030143,MS4030143,,12,EA,12,9.87,9.87,EUR,False,FULL,12
DOC-00079,BH-5856554,4,ORDER,Solenne Paris Masque Éclat Radiance Mask 75 ml,MS1060170,MS1060170,,12,EA,12,46.02,46.02,EUR,False,FULL,12
DOC-00079,BH-5856554,5,ORDER,Lune Rouge Lash Lift Mascara Brown Black,MS7020177,MS7020177,,12,EA,12,10.27,10.27,EUR,False,FULL,12
DOC-00079,BH-5856554,6,ORDER,Velour Cosmetics Velvet Matte Foundation 30 ml 1W Ivory,MS4810167,MS4810167,MS4010167,48,EA,48,17.19,17.19,EUR,False,SUBSTITUTE,48
DOC-00079,BH-5856554,7,ORDER,Lune Rouge Lacquer Nail Colour 140 Gunmetal,MS7000824,MS7000824,,24,EA,24,6.41,6.41,EUR,False,FULL,24
DOC-00079,BH-5856554,8,ORDER,Velour Cosmetics Satin Lip Colour 25 Prune,MS4000882,MS4000882,,24,EA,24,12.37,12.37,EUR,False,FULL,24
DOC-00079,BH-5856554,9,ORDER,Lune Rouge Lip Gloss Mirror Pink Pearl,MS7840117,MS7840117,MS7040117,24,EA,24,8.14,8.14,EUR,False,SUBSTITUTE,24
DOC-00079,BH-5856554,10,ORDER,Velour Cosmetics Brow Sculpt Pencil Blonde,MS4030052,MS4030052,,24,EA,24,10.22,10.22,EUR,False,FULL,24
DOC-00080,BH-4914714,1,ORDER,Solenne Paris Lotion Essentielle Toner 150 ml,MS1070033,MS1070033,,48,EA,48,45.84,45.84,EUR,False,FULL,48
DOC-00080,BH-4914714,2,ORDER,Thornfield Grooming Beard Oil 30 ml,MS5030066,MS5030066,,12,EA,12,9.88,9.88,EUR,False,FULL,12
DOC-00080,BH-4914714,3,ORDER,Holiday Vault Set Exclusive,MS9298410,UNRESOLVABLE,,6,EA,6,55.79,,EUR,False,N/A,
DOC-00080,BH-4914714,4,ORDER,Discovery Coffret 5x10ml,MS9156364,UNRESOLVABLE,,6,EA,6,25.92,,EUR,False,N/A,
DOC-00080,BH-4914714,5,ORDER,Kōri Botanicals Rice Enzyme Polish 50 ml,MS2030016,MS2030016,,12,EA,12,14.61,14.61,EUR,False,FULL,12
DOC-00080,BH-4914714,6,ORDER,Lune Rouge Glow Highlighter Champagne,MS7830190,MS7830190,MS7030190,72,EA,72,11.94,11.94,EUR,False,SUBSTITUTE,72
DOC-00080,BH-4914714,7,ORDER,Atelier Noor Vétiver Nocturne Eau de Toilette 50 ml,MS3020038,MS3020038,,48,EA,48,59.02,59.02,EUR,False,FULL,48
DOC-00080,BH-4914714,8,ORDER,Lune Rouge Glow Highlighter Rose Gold,MS7030219,MS7030219,,24,EA,24,10.97,10.97,EUR,False,FULL,24
DOC-00080,BH-4914714,9,ORDER,Mistral Hair Colour Guard Shampoo 250 ml,MS6050064,MS6050064,,120,EA,120,31.2,31.2,EUR,False,FULL,120
DOC-00080,BH-4914714,10,ORDER,Mistral Hair Bond Rebuild Mask 200 ml,MS6020068,MS6020068,,24,EA,24,39.91,39.91,EUR,False,FULL,24
DOC-00080,BH-4914714,11,ORDER,Velour Cosmetics Velvet Matte Foundation 30 ml 6N Espresso,MS4011090,MS4011090,,24,EA,24,17.52,17.52,EUR,False,FULL,24
DOC-00080,BH-4914714,12,ORDER,Lune Rouge Lacquer Nail Colour 123 Mint Chip,MS7000533,MS7000533,,24,EA,24,6.16,6.16,EUR,False,FULL,24
DOC-00080,BH-4914714,13,ORDER,Velour Cosmetics Satin Lip Colour 05 Rose Thé,MS4000238,MS4000238,,120,EA,120,12.19,12.19,EUR,False,FULL,120
DOC-00080,BH-4914714,14,ORDER,Atelier Noor Vétiver Nocturne Eau de Toilette 100 ml,MS3020181,MS3020181,,6,EA,6,89.78,89.78,EUR,False,FULL,6
DOC-00080,BH-4914714,15,ORDER,Solenne Paris Baume Nuit Night Balm 50 ml,MS1020161,MS1020161,,12,EA,12,57.63,57.63,EUR,False,FULL,12
DOC-00081,BH-5886670,1,ORDER,Lune Rouge Precision Liquid Eyeliner Brown,MS7810115,MS7810115,MS7010115,24,EA,24,9.57,9.57,EUR,False,SUBSTITUTE,24
DOC-00081,BH-5886670,2,ORDER,Kōri Botanicals Camellia Barrier Cream 50 ml,MS2020048,MS2020048,,24,EA,24,23.3,21.18,EUR,False,FULL,24
DOC-00081,BH-5886670,3,ORDER,Atelier Noor Musc Blanc Eau de Parfum 30 ml,MS3040044,MS3040044,,24,EA,24,49.42,49.42,EUR,False,FULL,24
DOC-00081,BH-5886670,4,ORDER,Atelier Noor Cuir Fumé Extrait de Parfum 100 ml,MS3050124,MS3050124,,24,EA,24,161.82,161.82,EUR,False,FULL,24
DOC-00081,BH-5886670,5,ORDER,Kōri Botanicals Green Tea Gel Cleanser 200 ml,MS2010137,MS2010137,,12,EA,12,24.25,24.25,EUR,False,FULL,12
DOC-00081,BH-5886670,6,ORDER,Kōri Botanicals Rice Enzyme Polish 50 ml,MS2030016,MS2030016,,24,EA,24,14.61,14.61,EUR,False,FULL,24
DOC-00081,BH-5886670,7,ORDER,Velour Cosmetics Brow Sculpt Pencil Soft Black,MS4030315,MS4030315,,12,EA,12,10.16,10.16,EUR,False,FULL,12
DOC-00081,BH-5886670,8,ORDER,Kōri Botanicals Green Tea Gel Cleanser 100 ml,MS2010060,MS2010060,,18,EA,18,15.89,15.89,EUR,False,FULL,18
DOC-00081,BH-5886670,9,ORDER,Atelier Noor Rose Ambrée Eau de Parfum 30 ml,MS3010048,MS3010048,,12,EA,12,54.15,54.15,EUR,False,FULL,12
DOC-00081,BH-5886670,10,ORDER,Lune Rouge Lacquer Nail Colour 130 Coral Reef,MS7000653,MS7000653,,96,EA,96,6.04,6.04,EUR,False,FULL,96
DOC-00081,BH-5886670,11,ORDER,Velour Cosmetics Satin Lip Colour 03 Petal,MS4000134,MS4000134,,24,EA,24,13.53,12.3,EUR,False,FULL,24
DOC-00081,BH-5886670,12,ORDER,Travel Exclusive Duo Set,MS9541839,UNRESOLVABLE,,6,EA,6,49.42,,EUR,False,N/A,
DOC-00082,BH-5783664,1,ORDER,Atelier Noor Rose Ambrée Eau de Parfum 100 ml,MS3010240,MS3010240,,60,EA,60,117.23,117.23,EUR,False,FULL,60
DOC-00082,BH-5783664,2,ORDER,Velour Cosmetics Satin Lip Colour 30 Fuchsia,MS4800958,MS4800958,MS4000958,96,EA,96,13.05,13.05,EUR,False,SUBSTITUTE,96
DOC-00082,BH-5783664,3,ORDER,Atelier Noor Oud Saffron Eau de Parfum 100 ml,MS3000278,MS3000278,,12,EA,12,119.64,119.64,EUR,False,FULL,12
DOC-00082,BH-5783664,4,ORDER,Mistral Hair Colour Guard Shampoo 250 ml,MS6050064,MS6050064,,36,EA,36,31.2,31.2,EUR,False,FULL,36
DOC-00082,BH-5783664,5,ORDER,Lune Rouge Precision Liquid Eyeliner Brown,MS7810115,MS7810115,MS7010115,12,EA,12,9.57,9.57,EUR,False,SUBSTITUTE,12
DOC-00082,BH-5783664,6,ORDER,Thornfield Grooming Post-Shave Balm 75 ml,MS5040079,MS5040079,,72,EA,72,17.3,17.3,EUR,False,FULL,72
DOC-00083,BH-8061209,1,ORDER,Lune Rouge Lip Gloss Mirror Pink Pearl,MS7840117,MS7840117,MS7040117,72,EA,72,8.14,8.14,EUR,False,SUBSTITUTE,72
DOC-00083,BH-8061209,2,ORDER,Atelier Noor Musc Blanc Eau de Parfum 50 ml,MS3040160,MS3040160,,24,EA,24,65.96,65.96,EUR,False,FULL,24
DOC-00083,BH-8061209,3,ORDER,Velour Cosmetics Brow Sculpt Pencil Blonde,MS4030052,MS4030052,,72,EA,72,10.22,10.22,EUR,False,FULL,72
DOC-00083,BH-8061209,4,ORDER,Velour Cosmetics Satin Lip Colour 15 Cerise,MS4000547,MS4000547,,24,EA,24,13.3,13.3,EUR,False,FULL,24
DOC-00084,BH-4485520,1,ORDER,Atelier Noor Rose Ambrée Eau de Parfum 100 ml,MS3010240,MS3010240,,36,EA,36,117.23,117.23,EUR,False,FULL,36
DOC-00084,BH-4485520,2,ORDER,Kōri Botanicals Rice Enzyme Polish 100 ml,MS2030164,MS2030164,,48,EA,48,21.23,21.23,EUR,False,FULL,48
DOC-00084,BH-4485520,3,ORDER,Lune Rouge Lacquer Nail Colour 120 Midnight,MS7000489,MS7000489,,72,EA,72,6.29,6.29,EUR,False,FULL,72
DOC-00084,BH-4485520,4,ORDER,Solenne Paris Lotion Essentielle Toner 250 ml,MS1070140,MS1070140,,12,EA,12,67.43,67.43,EUR,False,FULL,12
DOC-00084,BH-4485520,5,ORDER,Solenne Paris Crème Lumière Day Cream 50 ml,MS1010278,MS1010278,,48,EA,48,53.29,53.29,EUR,False,FULL,48
DOC-00084,BH-4485520,6,ORDER,Thornfield Grooming Cedar Shave Cream 150 ml,MS5000191,MS5000191,,12,EA,12,22.04,22.04,EUR,False,FULL,12
DOC-00084,BH-4485520,7,ORDER,Solenne Paris Eau Micellaire Cleansing Water 200 ml,MS1030011,MS1030011,,18,EA,18,44.81,44.81,EUR,False,FULL,18
DOC-00084,BH-4485520,8,ORDER,Velvet Body Mist,MS9510757,UNRESOLVABLE,,6,EA,6,55.65,,EUR,False,N/A,
DOC-00084,BH-4485520,9,ORDER,Velour Cosmetics Velvet Matte Foundation 30 ml 5N Amber,MS4810861,MS4810861,MS4010861,96,EA,96,17.95,17.95,EUR,False,SUBSTITUTE,96
DOC-00084,BH-4485520,10,ORDER,Lune Rouge Lacquer Nail Colour 135 Lilac,MS7800716,MS7800716,MS7000716,36,EA,36,6.23,6.23,EUR,False,SUBSTITUTE,36
DOC-00084,BH-4485520,11,ORDER,Velour Cosmetics Satin Lip Colour 18 Berry Noir,MS4000699,MS4000699,,12,EA,12,12.86,12.86,EUR,False,PARTIAL,6
DOC-00084,BH-4485520,12,ORDER,Velour Cosmetics Soft Focus Blush Peach,MS4020080,MS4020080,,36,EA,36,14.05,14.05,EUR,False,PARTIAL,2
DOC-00084,BH-4485520,13,ORDER,Atelier Noor Oud Saffron Eau de Parfum 50 ml,MS3800150,MS3800150,MS3000150,12,EA,12,90.57,82.34,EUR,False,SUBSTITUTE,12
DOC-00084,BH-4485520,14,ORDER,Thornfield Grooming Post-Shave Balm 150 ml,MS5040119,MS5040119,,12,EA,12,26.6,26.6,EUR,False,FULL,12
DOC-00084,BH-4485520,15,ORDER,Lune Rouge Lacquer Nail Colour 135 Lilac,MS7800716,MS7800716,MS7000716,24,EA,24,6.23,6.23,EUR,False,SUBSTITUTE,24
DOC-00084,BH-4485520,16,ORDER,Thornfield Grooming Charcoal Face Wash 150 ml,MS5010155,MS5010155,,12,EA,12,22.11,22.11,EUR,False,FULL,12
DOC-00084,BH-4485520,17,ORDER,Mistral Hair Colour Guard Shampoo 250 ml,MS6050064,MS6050064,,96,EA,96,31.2,31.2,EUR,False,FULL,96
DOC-00084,BH-4485520,18,ORDER,Holiday Vault Set Exclusive,MS9535427,UNRESOLVABLE,,6,EA,6,65.51,,EUR,False,N/A,
DOC-00084,BH-4485520,19,ORDER,Atelier Noor Oud Saffron Eau de Parfum 50 ml,MS3000150,MS3000150,,6,EA,6,82.34,82.34,EUR,False,FULL,6
DOC-00084,BH-4485520,20,ORDER,Mistral Hair Curl Define Cream 500 ml Salon,MS6040167,MS6040167,,6,EA,6,37.14,37.14,EUR,False,FULL,6
DOC-00084,BH-4485520,21,ORDER,Travel Exclusive Duo Set,MS9468239,UNRESOLVABLE,,6,EA,6,27.41,,EUR,False,N/A,
DOC-00084,BH-4485520,22,ORDER,Mistral Hair Colour Guard Shampoo 1 L Salon,MS6050191,MS6050191,,6,EA,6,32.81,32.81,EUR,False,FULL,6
DOC-00084,BH-4485520,23,ORDER,Kōri Botanicals Rice Enzyme Polish 50 ml,MS2030016,MS2030016,,60,EA,60,14.61,14.61,EUR,False,FULL,60
DOC-00084,BH-4485520,24,ORDER,Kōri Botanicals Green Tea Gel Cleanser 200 ml,MS2010137,MS2010137,,6,EA,6,24.25,24.25,EUR,False,FULL,6
DOC-00084,BH-4485520,25,ORDER,Lune Rouge Lacquer Nail Colour 115 Sable,MS7000371,MS7000371,,96,EA,96,5.87,5.87,EUR,False,FULL,96
DOC-00085,BH-2876737,1,ORDER,Solenne Paris Sérum Absolu Regenerating Serum 30 ml,MS1000137,MS1000137,,6,EA,6,42.7,42.7,EUR,False,FULL,6
DOC-00085,BH-2876737,2,ORDER,Argan Miracle Oil,MS9252076,UNRESOLVABLE,,6,EA,6,62.71,,EUR,False,N/A,
DOC-00085,BH-2876737,3,ORDER,Atelier Noor Rose Ambrée Eau de Parfum 30 ml,MS3010048,MS3010048,,48,EA,48,54.15,54.15,EUR,False,FULL,48
DOC-00085,BH-2876737,4,ORDER,Mistral Hair Bond Rebuild Mask 200 ml,MS6020068,MS6020068,,12,EA,12,39.91,39.91,EUR,False,FULL,12
DOC-00085,BH-2876737,5,ORDER,Lune Rouge Lash Lift Mascara Brown Black,MS7020177,MS7020177,,72,EA,72,10.27,10.27,EUR,False,FULL,72
DOC-00085,BH-2876737,6,ORDER,Velour Cosmetics Velvet Matte Foundation 30 ml 4W Caramel,MS4010798,MS4010798,,24,EA,24,18.03,18.03,EUR,False,FULL,24
DOC-00085,BH-2876737,7,ORDER,Lune Rouge Lip Gloss Mirror Clear,MS7840059,MS7840059,MS7040059,24,EA,24,8.49,8.49,EUR,False,SUBSTITUTE,24
DOC-00085,BH-2876737,8,ORDER,Atelier Noor Musc Blanc Eau de Parfum 50 ml,MS3040160,MS3040160,,6,EA,6,65.96,65.96,EUR,False,FULL,6
DOC-00085,BH-2876737,9,ORDER,Atelier Noor Iris Poudré Eau de Parfum 50 ml,MS3060057,MS3060057,,6,EA,6,79.29,68.95,EUR,False,FULL,6
DOC-00085,BH-2876737,10,ORDER,Kōri Botanicals Sakura Dew Sleeping Mask 50 ml,MS2050041,MS2050041,,12,EA,12,17.82,17.82,EUR,False,FULL,12
DOC-00085,BH-2876737,11,ORDER,Solenne Paris Lotion Essentielle Toner 250 ml,MS1070140,MS1070140,,6,EA,6,67.43,67.43,EUR,False,FULL,6
DOC-00085,BH-2876737,12,ORDER,Lune Rouge Precision Liquid Eyeliner Brown,MS7010115,MS7010115,,24,EA,24,9.57,9.57,EUR,False,FULL,24
DOC-00085,BH-2876737,13,ORDER,Solenne Paris Crème Lumière Day Cream 30 ml,MS1010158,MS1010158,,6,EA,6,39.65,39.65,EUR,False,PARTIAL,5
DOC-00086,BH-6971715,1,ORDER,Solenne Paris Crème Lumière Day Cream 50 ml,MS1010278,MS1010278,,6,EA,6,53.29,53.29,EUR,False,FULL,6
DOC-00086,BH-6971715,2,ORDER,Kōri Botanicals Green Tea Gel Cleanser 100 ml,MS2010060,MS2010060,,60,EA,60,15.89,15.89,EUR,False,FULL,60
DOC-00086,BH-6971715,3,ORDER,Velour Cosmetics Satin Lip Colour 15 Cerise,MS4000547,MS4000547,,12,EA,12,11.7,13.3,EUR,False,FULL,12
DOC-00086,BH-6971715,4,ORDER,Velour Cosmetics Satin Lip Colour 25 Prune,MS4000882,MS4000882,,36,EA,36,12.37,12.37,EUR,False,FULL,36
DOC-00086,BH-6971715,5,ORDER,Atelier Noor Rose Ambrée Eau de Parfum 50 ml,MS3010166,MS3010166,,24,EA,24,73.44,73.44,EUR,False,FULL,24
DOC-00086,BH-6971715,6,ORDER,Thornfield Grooming Post-Shave Balm 75 ml,MS5040079,MS5040079,,24,EA,24,17.3,17.3,EUR,False,FULL,24
DOC-00086,BH-6971715,7,ORDER,Kōri Botanicals Camellia Barrier Cream 100 ml,MS2020129,MS2020129,,12,EA,12,31.54,31.54,EUR,False,FULL,12
DOC-00086,BH-6971715,8,ORDER,Velour Cosmetics Velvet Matte Foundation 30 ml 3W Golden,MS4010583,MS4010583,,72,EA,72,19.54,19.54,EUR,False,FULL,72
DOC-00086,BH-6971715,9,ORDER,Atelier Noor Oud Saffron Eau de Parfum 100 ml,MS3000278,MS3000278,,12,EA,12,131.6,119.64,EUR,False,FULL,12
DOC-00086,BH-6971715,10,ORDER,Velour Cosmetics Soft Focus Blush Peach,MS4020080,MS4020080,,48,EA,48,14.05,14.05,EUR,False,PARTIAL,2
DOC-00086,BH-6971715,11,ORDER,Mistral Hair Bond Rebuild Mask 500 ml Salon,MS6020180,MS6020180,,36,EA,36,48.21,48.21,EUR,False,FULL,36
DOC-00086,BH-6971715,12,ORDER,Velour Cosmetics Satin Lip Colour 30 Fuchsia,MS4000958,MS4000958,,72,EA,72,13.05,13.05,EUR,False,FULL,72
DOC-00086,BH-6971715,13,ORDER,Kōri Botanicals Yuzu Brightening Essence 200 ml,MS2800215,MS2800215,MS2000215,6,EA,6,49.59,49.59,EUR,False,SUBSTITUTE,6
DOC-00086,BH-6971715,14,ORDER,Velvet Body Mist,MS9350996,UNRESOLVABLE,,6,EA,6,9.39,,EUR,False,N/A,
DOC-00086,BH-6971715,15,ORDER,Velour Cosmetics Satin Lip Colour 12 Rouge Velours,MS4000478,MS4000478,,96,EA,96,12.25,12.25,EUR,False,FULL,96
DOC-00086,BH-6971715,16,ORDER,Lune Rouge Lacquer Nail Colour 145 Bordeaux,MS7000986,MS7000986,,12,EA,12,6.05,6.05,EUR,False,FULL,12
DOC-00086,BH-6971715,17,ORDER,Atelier Noor Vétiver Nocturne Eau de Toilette 50 ml,MS3020038,MS3020038,,12,EA,12,59.02,59.02,EUR,False,FULL,12
DOC-00086,BH-6971715,18,ORDER,Velour Cosmetics Soft Focus Blush Mauve,MS4020252,MS4020252,,48,EA,48,14.3,14.3,EUR,False,FULL,48
DOC-00086,BH-6971715,19,ORDER,Solenne Paris Eau Micellaire Cleansing Water 200 ml,MS1030011,MS1030011,,48,EA,48,44.81,44.81,EUR,False,FULL,48
DOC-00086,BH-6971715,20,ORDER,Solenne Paris Contour des Yeux Eye Cream 15 ml,MS1040049,MS1040049,,6,EA,6,22.7,22.7,EUR,False,FULL,6
DOC-00086,BH-6971715,21,ORDER,Argan Miracle Oil,MS9138711,UNRESOLVABLE,,6,EA,6,70.09,,EUR,False,N/A,
DOC-00086,BH-6971715,22,ORDER,Atelier Noor Cuir Fumé Extrait de Parfum 50 ml,MS3050040,MS3050040,,60,EA,60,110.51,110.51,EUR,False,FULL,60
DOC-00086,BH-6971715,23,ORDER,Lune Rouge Lacquer Nail Colour 110 Ballet,MS7000295,MS7000295,,48,EA,48,6.1,6.1,EUR,False,PARTIAL,4
DOC-00086,BH-6971715,24,ORDER,Kōri Botanicals Camellia Barrier Cream 50 ml,MS2020048,MS2020048,,6,EA,6,21.18,21.18,EUR,False,FULL,6
DOC-00086,BH-6971715,25,ORDER,Velour Cosmetics Brow Sculpt Pencil Blonde,MS4030052,MS4030052,,72,EA,72,10.22,10.22,EUR,False,FULL,72
DOC-00086,BH-6971715,26,ORDER,Atelier Noor Oud Saffron Eau de Parfum 50 ml,MS3800150,MS3800150,MS3000150,18,EA,18,82.34,82.34,EUR,False,SUBSTITUTE,18
DOC-00086,BH-6971715,27,ORDER,Kōri Botanicals Yuzu Brightening Essence 100 ml,MS2000175,MS2000175,,36,EA,36,31.65,31.65,EUR,False,FULL,36
DOC-00086,BH-6971715,28,ORDER,Solenne Paris Huile Précieuse Face Oil 30 ml,MS1850061,MS1850061,MS1050061,6,EA,6,36.9,36.9,EUR,False,SUBSTITUTE,6
DOC-00086,BH-6971715,29,ORDER,Solenne Paris Contour des Yeux Eye Cream 15 ml,MS1840049,MS1840049,MS1040049,60,EA,60,22.7,22.7,EUR,False,SUBSTITUTE,60
DOC-00087,BH-5421254,1,ORDER,Holiday Vault Set Exclusive,MS9826768,UNRESOLVABLE,,6,EA,6,28.41,,EUR,False,N/A,
DOC-00087,BH-5421254,2,ORDER,Lune Rouge Lacquer Nail Colour 145 Bordeaux,MS7000986,MS7000986,,24,EA,24,6.05,6.05,EUR,False,FULL,24
DOC-00087,BH-5421254,3,ORDER,Mistral Hair Bond Rebuild Mask 200 ml,MS6020068,MS6020068,,48,EA,48,39.91,39.91,EUR,False,FULL,48
DOC-00087,BH-5421254,4,ORDER,Solenne Paris Huile Précieuse Face Oil 30 ml,MS1850061,MS1850061,MS1050061,24,EA,24,36.9,36.9,EUR,False,SUBSTITUTE,24
DOC-00087,BH-5421254,5,ORDER,Solenne Paris Lotion Essentielle Toner 250 ml,MS1070140,MS1070140,,36,EA,36,67.43,67.43,EUR,False,FULL,36
DOC-00087,BH-5421254,6,ORDER,Lune Rouge Lacquer Nail Colour 104 Cherry Gloss,MS7000122,MS7000122,,24,EA,24,5.94,5.94,EUR,False,FULL,24
DOC-00087,BH-5421254,7,ORDER,Velour Cosmetics Velvet Matte Foundation 30 ml 3W Golden,MS4010583,MS4010583,,48,EA,48,19.54,19.54,EUR,False,FULL,48
DOC-00087,BH-5421254,8,ORDER,Velour Cosmetics Satin Lip Colour 30 Fuchsia,MS4000958,MS4000958,,24,EA,24,13.05,13.05,EUR,False,FULL,24
DOC-00087,BH-5421254,9,ORDER,Lune Rouge Glow Highlighter Champagne,MS7830190,MS7830190,MS7030190,24,EA,24,11.94,11.94,EUR,False,SUBSTITUTE,24
DOC-00087,BH-5421254,10,ORDER,Atelier Noor Cuir Fumé Extrait de Parfum 50 ml,MS3050040,MS3050040,,18,EA,18,110.51,110.51,EUR,False,FULL,18
DOC-00087,BH-5421254,11,ORDER,Velour Cosmetics Satin Lip Colour 03 Petal,MS4000134,MS4000134,,120,EA,120,12.3,12.3,EUR,False,FULL,120
DOC-00088,BH-1432349,1,ORDER,Advent Calendar 2026,MS9259620,UNRESOLVABLE,,6,EA,6,26.75,,EUR,False,N/A,
DOC-00088,BH-1432349,2,ORDER,Atelier Noor Oud Saffron Eau de Parfum 100 ml,MS3000278,MS3000278,,6,EA,6,119.64,119.64,EUR,False,FULL,6
DOC-00088,BH-1432349,3,ORDER,Thornfield Grooming Beard Oil 30 ml,MS5030066,MS5030066,,48,EA,48,9.88,9.88,EUR,False,FULL,48
DOC-00088,BH-1432349,4,ORDER,Kōri Botanicals Yuzu Brightening Essence 200 ml,MS2000215,MS2000215,,24,EA,24,49.59,49.59,EUR,False,FULL,24
DOC-00088,BH-1432349,5,ORDER,Lune Rouge Lip Gloss Mirror Clear,MS7840059,MS7840059,MS7040059,96,EA,96,8.49,8.49,EUR,False,SUBSTITUTE,96
DOC-00088,BH-1432349,6,ORDER,Lune Rouge Lash Lift Mascara Black,MS7020061,MS7020061,,12,EA,12,10.42,10.42,EUR,False,FULL,12
DOC-00089,BH-3370791,1,ORDER,Kōri Botanicals Yuzu Brightening Essence 50 ml,MS2000084,MS2000084,,36,EA,36,22.91,22.91,EUR,False,FULL,36
DOC-00089,BH-3370791,2,ORDER,Velour Cosmetics Satin Lip Colour 30 Fuchsia,MS4000958,MS4000958,,12,EA,12,13.05,13.05,EUR,False,FULL,12
DOC-00089,BH-3370791,3,ORDER,Solenne Paris Masque Éclat Radiance Mask 75 ml,MS1060170,MS1060170,,60,EA,60,46.02,46.02,EUR,False,FULL,60
DOC-00089,BH-3370791,4,ORDER,Solenne Paris Sérum Absolu Regenerating Serum 50 ml,MS1000210,MS1000210,,12,EA,12,62.81,62.81,EUR,False,FULL,12
DOC-00089,BH-3370791,5,ORDER,Atelier Noor Cuir Fumé Extrait de Parfum 100 ml,MS3050124,MS3050124,,18,EA,18,161.82,161.82,EUR,False,FULL,18
DOC-00089,BH-3370791,6,ORDER,Atelier Noor Rose Ambrée Eau de Parfum 100 ml,MS3010240,MS3010240,,60,EA,60,117.23,117.23,EUR,False,FULL,60
DOC-00089,BH-3370791,7,ORDER,Lune Rouge Lacquer Nail Colour 110 Ballet,MS7000295,MS7000295,,96,EA,96,6.1,6.1,EUR,False,PARTIAL,4
DOC-00089,BH-3370791,8,ORDER,Thornfield Grooming Post-Shave Balm 75 ml,MS5040079,MS5040079,,36,EA,36,17.3,17.3,EUR,False,FULL,36
DOC-00089,BH-3370791,9,ORDER,Lune Rouge Lacquer Nail Colour 120 Midnight,MS7000489,MS7000489,,96,EA,96,6.29,6.29,EUR,False,FULL,96
DOC-00089,BH-3370791,10,ORDER,Lune Rouge Precision Liquid Eyeliner Navy,MS7010261,MS7010261,,12,EA,12,9.15,9.15,EUR,False,FULL,12
DOC-00089,BH-3370791,11,ORDER,Solenne Paris Crème Lumière Day Cream 30 ml,MS1010158,MS1010158,,48,EA,48,39.65,39.65,EUR,False,PARTIAL,5
DOC-00089,BH-3370791,12,ORDER,Kōri Botanicals Camellia Barrier Cream 50 ml,MS2020048,MS2020048,,18,EA,18,21.18,21.18,EUR,False,FULL,18
DOC-00089,BH-3370791,13,ORDER,Lune Rouge Lip Gloss Mirror Pink Pearl,MS7840117,MS7840117,MS7040117,36,EA,36,8.14,8.14,EUR,False,SUBSTITUTE,36
DOC-00089,BH-3370791,14,ORDER,Velour Cosmetics Velvet Matte Foundation 30 ml 1W Ivory,MS4810167,MS4810167,MS4010167,24,EA,24,17.19,17.19,EUR,False,SUBSTITUTE,24
DOC-00089,BH-3370791,15,ORDER,Mistral Hair Colour Guard Shampoo 1 L Salon,MS6050191,MS6050191,,12,EA,12,32.81,32.81,EUR,False,FULL,12
DOC-00089,BH-3370791,16,ORDER,Lune Rouge Precision Liquid Eyeliner Brown,MS7010115,MS7010115,,12,EA,12,9.57,9.57,EUR,False,FULL,12
DOC-00089,BH-3370791,17,ORDER,Kōri Botanicals Rice Enzyme Polish 50 ml,MS2030016,MS2030016,,12,EA,12,14.61,14.61,EUR,False,FULL,12
DOC-00090,BH-9775171,1,ORDER,Kōri Botanicals Sakura Dew Sleeping Mask 100 ml,MS2850139,MS2850139,MS2050139,60,EA,60,24.78,24.78,EUR,False,SUBSTITUTE,60
DOC-00090,BH-9775171,2,ORDER,Velour Cosmetics Velvet Matte Foundation 30 ml 5N Amber,MS4010861,MS4010861,,36,EA,36,17.95,17.95,EUR,False,FULL,36
DOC-00090,BH-9775171,3,ORDER,Lune Rouge Glow Highlighter Champagne,MS7030190,MS7030190,,12,EA,12,11.94,11.94,EUR,False,FULL,12
DOC-00090,BH-9775171,4,ORDER,Thornfield Grooming Charcoal Face Wash 150 ml,MS5010155,MS5010155,,120,EA,120,22.11,22.11,EUR,False,FULL,120
DOC-00090,BH-9775171,5,ORDER,Velour Cosmetics Velvet Matte Foundation 30 ml 1W Ivory,MS4010167,MS4010167,,72,EA,72,17.19,17.19,EUR,False,FULL,72
DOC-00090,BH-9775171,6,ORDER,Lune Rouge Lip Gloss Mirror Pink Pearl,MS7040117,MS7040117,,120,EA,120,8.14,8.14,EUR,False,FULL,120
DOC-00090,BH-9775171,7,ORDER,Lune Rouge Precision Liquid Eyeliner Brown,MS7810115,MS7810115,MS7010115,24,EA,24,8.42,9.57,EUR,False,SUBSTITUTE,24
DOC-00090,BH-9775171,8,ORDER,Kōri Botanicals Green Tea Gel Cleanser 200 ml,MS2010137,MS2010137,,6,EA,6,24.25,24.25,EUR,False,FULL,6
DOC-00090,BH-9775171,9,ORDER,Mistral Hair Bond Rebuild Mask 500 ml Salon,MS6020180,MS6020180,,48,EA,48,48.21,48.21,EUR,False,FULL,48
DOC-00090,BH-9775171,10,ORDER,Velour Cosmetics Velvet Matte Foundation 30 ml 5W Toffee,MS4810990,MS4810990,MS4010990,120,EA,120,18.76,18.76,EUR,False,SUBSTITUTE,120
DOC-00090,BH-9775171,11,ORDER,Kōri Botanicals Yuzu Brightening Essence 50 ml,MS2000084,MS2000084,,12,EA,12,22.91,22.91,EUR,False,FULL,12
DOC-00090,BH-9775171,12,ORDER,Mistral Hair Colour Guard Shampoo 250 ml,MS6050064,MS6050064,,24,EA,24,31.2,31.2,EUR,False,FULL,24
DOC-00090,BH-9775171,13,ORDER,Velour Cosmetics Satin Lip Colour 03 Petal,MS4000134,MS4000134,,36,EA,36,12.3,12.3,EUR,False,FULL,36
DOC-00090,BH-9775171,14,ORDER,Velour Cosmetics Satin Lip Colour 22 Corail,MS4000716,MS4000716,,24,EA,24,12.35,12.35,EUR,False,FULL,24
DOC-00090,BH-9775171,15,ORDER,Solenne Paris Contour des Yeux Eye Cream 15 ml,MS1840049,MS1840049,MS1040049,48,EA,48,22.7,22.7,EUR,False,SUBSTITUTE,48
DOC-00090,BH-9775171,16,ORDER,Velour Cosmetics Soft Focus Blush Mauve,MS4020252,MS4020252,,48,EA,48,15.3,14.3,EUR,False,FULL,48
DOC-00090,BH-9775171,17,ORDER,Lune Rouge Precision Liquid Eyeliner Black,MS7010065,MS7010065,,12,EA,12,8.71,8.71,EUR,False,FULL,12
DOC-00090,BH-9775171,18,ORDER,Mistral Hair Scalp Balance Serum 50 ml,MS6060099,MS6060099,,12,EA,12,18.75,18.75,EUR,False,FULL,12
DOC-00090,BH-9775171,19,ORDER,Velour Cosmetics Brow Sculpt Pencil Taupe,MS4030143,MS4030143,,72,EA,72,9.87,9.87,EUR,False,FULL,72
DOC-00090,BH-9775171,20,ORDER,Kōri Botanicals Sakura Dew Sleeping Mask 50 ml,MS2050041,MS2050041,,6,EA,6,17.82,17.82,EUR,False,FULL,6
DOC-00090,BH-9775171,21,ORDER,Velour Cosmetics Soft Focus Blush Apricot,MS4020362,MS4020362,,96,EA,96,14.44,14.44,EUR,False,FULL,96
DOC-00090,BH-9775171,22,ORDER,Atelier Noor Cuir Fumé Extrait de Parfum 50 ml,MS3050040,MS3050040,,36,EA,36,110.51,110.51,EUR,False,FULL,36
DOC-00090,BH-9775171,23,ORDER,Atelier Noor Rose Ambrée Eau de Parfum 30 ml,MS3010048,MS3010048,,96,EA,96,54.15,54.15,EUR,False,FULL,96
DOC-00090,BH-9775171,24,ORDER,Solenne Paris Huile Précieuse Face Oil 30 ml,MS1850061,MS1850061,MS1050061,18,EA,18,36.9,36.9,EUR,False,SUBSTITUTE,18
DOC-00090,BH-9775171,25,ORDER,Thornfield Grooming Beard Oil 30 ml,MS5030066,MS5030066,,12,EA,12,9.88,9.88,EUR,False,FULL,12
DOC-00090,BH-9775171,26,ORDER,Solenne Paris Crème Lumière Day Cream 50 ml,MS1010278,MS1010278,,24,EA,24,53.29,53.29,EUR,False,FULL,24
DOC-00090,BH-9775171,27,ORDER,Thornfield Grooming Daily Moisturiser SPF 20 75 ml,MS5020046,MS5020046,,120,EA,120,21.5,21.5,EUR,False,FULL,120
DOC-00090,BH-9775171,28,ORDER,Thornfield Grooming Sport Deodorant Stick 75 g,MS5050057,MS5050057,,36,EA,36,11.47,11.47,EUR,False,FULL,36
DOC-00090,BH-9775171,29,ORDER,Atelier Noor Néroli Soleil Eau de Toilette 100 ml,MS3030152,MS3030152,,6,EA,6,79.57,79.57,EUR,False,BACKORDER,0
DOC-00090,BH-9775171,30,ORDER,Atelier Noor Néroli Soleil Eau de Toilette 50 ml,MS3030052,MS3030052,,24,EA,24,51.76,51.76,EUR,False,FULL,24
DOC-00091,ANT/PO/26/0500,1,ORDER,Sérum Absolu Regenerating Serum - 30ml,,MS1000137,,36,EA,36,166.67,166.67,AED,False,FULL,36
DOC-00091,ANT/PO/26/0500,2,ORDER,Soft Focus Blush - Mauve,,MS4020252,,72,EA,72,53.71,53.71,AED,False,FULL,72
DOC-00091,ANT/PO/26/0500,3,ORDER,Velvet Matte Foundation 30 ml - 2W Sand,,MS4010349,,96,EA,96,67.36,67.36,AED,False,FULL,96
DOC-00091,ANT/PO/26/0500,4,ORDER,Crème Lumière Day Cream 15ml (EAN 2995931034133),,MS1010090,,48,EA,48,101.13,101.13,AED,False,FULL,48
DOC-00091,ANT/PO/26/0500,5,ORDER,Brow Sculpt Pencil Blonde,,MS4030052,,72,EA,72,39.22,39.22,AED,False,PARTIAL,8
DOC-00091,ANT/PO/26/0500,6,ORDER,Velvet Matte Foundation 30 ml 5W Toffee (EAN 2970348247710),,MS4010990,,24,EA,24,73.98,73.98,AED,False,FULL,24
DOC-00091,ANT/PO/26/0500,7,ORDER,Velour Cosmetics Brow Sculpt Pencil Taupe,,MS4030143,,48,EA,48,38.19,38.19,AED,False,FULL,48
DOC-00092,ANT/PO/26/0683,1,ORDER,Vétiver Nocturne EDT - 100ml (EAN 2995798687275),,MS3020181,,72,EA,72,339.08,339.08,AED,False,FULL,72
DOC-00092,ANT/PO/26/0683,2,ORDER,Velour Cosmetics Velvet Matte Foundation 30 ml 3W Golden,,MS4010583,,144,EA,144,74.72,74.72,AED,False,FULL,144
DOC-00092,ANT/PO/26/0683,3,ORDER,Atelier Noor Oud Saffron EDP 30ml,,MS3000078,,48,EA,48,231.64,231.64,AED,False,FULL,48
DOC-00092,ANT/PO/26/0683,4,ORDER,Rose Ambrée EDP 100ml,,MS3010240,,12,EA,12,437.92,437.92,AED,False,PARTIAL,2
DOC-00092,ANT/PO/26/0683,5,ORDER,Velvet Matte Foundation 30 ml - 1N Porcelain (EAN 2933412328128),,MS4010022,,144,EA,144,73.32,73.32,AED,False,FULL,144
DOC-00092,ANT/PO/26/0683,6,ORDER,Velvet Matte Foundation 30 ml - 5W Toffee,,MS4010990,,24,EA,24,73.98,73.98,AED,False,FULL,24
DOC-00092,ANT/PO/26/0683,7,ORDER,Brow Sculpt Pencil Taupe (EAN 2959615865789),,MS4030143,,144,EA,144,38.19,38.19,AED,False,FULL,144
DOC-00092,ANT/PO/26/0683,8,ORDER,Sérum Absolu Regenerating Serum - 15ml (EAN 2943321819600),,MS1000013,,72,EA,72,122.42,122.42,AED,False,FULL,72
DOC-00092,ANT/PO/26/0683,9,ORDER,Lotion Essentielle Toner 150ml,,MS1070033,,48,EA,48,179.27,179.27,AED,False,FULL,48
DOC-00092,ANT/PO/26/0683,10,ORDER,Velvet Matte Foundation 30 ml - 4N Honey,,MS4010684,,72,EA,72,68.18,68.18,AED,False,FULL,72
DOC-00093,ANT/PO/26/0662,1,ORDER,Soft Focus Blush - Mauve,,MS4020252,,144,EA,144,53.71,53.71,AED,False,FULL,144
DOC-00093,ANT/PO/26/0662,2,ORDER,Mini Lip Trio Gift,,UNRESOLVABLE,,24,EA,24,149.91,,AED,False,N/A,
DOC-00093,ANT/PO/26/0662,3,ORDER,Atelier Noor Oud Saffron EDP 30ml,,MS3000078,,72,EA,72,231.64,231.64,AED,False,FULL,72
DOC-00093,ANT/PO/26/0662,4,ORDER,Velvet Matte Foundation 30 ml 5W Toffee,,MS4010990,,96,EA,96,73.98,73.98,AED,False,FULL,96
DOC-00093,ANT/PO/26/0662,5,ORDER,Soft Focus Blush - Rosewood (EAN 2940449972781),,MS4020174,,96,EA,96,56.95,56.95,AED,False,FULL,96
DOC-00093,ANT/PO/26/0662,6,ORDER,Satin Lip Colour 03 Petal (EAN 2913678377702),,MS4000134,,24,EA,24,47.09,47.09,AED,False,FULL,24
DOC-00093,ANT/PO/26/0662,7,ORDER,Velvet Matte Foundation 30 ml 3W Golden,,MS4010583,,48,EA,48,74.72,74.72,AED,False,FULL,48
DOC-00093,ANT/PO/26/0662,8,ORDER,Solenne Paris Sérum Absolu Regenerating Serum 15ml (EAN 2943321819600),,MS1000013,,72,EA,72,122.42,122.42,AED,False,FULL,72
DOC-00093,ANT/PO/26/0662,9,ORDER,Advent Calendar 2026,,UNRESOLVABLE,,24,EA,24,301.95,,AED,False,N/A,
DOC-00093,ANT/PO/26/0662,10,ORDER,Velvet Matte Foundation 30 ml 1W Ivory,,MS4010167,,24,EA,24,66.83,66.83,AED,False,FULL,24
DOC-00093,ANT/PO/26/0662,11,ORDER,Musc Blanc EDP - 50ml,,MS3040160,,48,EA,48,255.4,255.4,AED,False,FULL,48
DOC-00093,ANT/PO/26/0662,12,ORDER,Iris Poudré EDP - 100ml,,MS3060165,,72,EA,72,417.55,417.55,AED,False,PARTIAL,2
DOC-00094,ANT/PO/26/0241,1,ORDER,Atelier Noor Oud Saffron EDP 30ml,,MS3000078,,144,EA,144,231.64,231.64,AED,False,FULL,144
DOC-00094,ANT/PO/26/0241,2,ORDER,Atelier Noor Iris Poudré EDP 50ml,,MS3060057,,48,EA,48,264.83,264.83,AED,False,FULL,48
DOC-00094,ANT/PO/26/0241,3,ORDER,Néroli Soleil EDT - 100ml (EAN 2987603669095),,MS3030152,,72,EA,72,309.38,309.38,AED,False,FULL,72
DOC-00094,ANT/PO/26/0241,4,ORDER,Velour Cosmetics Satin Lip Colour 25 Prune,,MS4000882,,72,EA,72,48.26,48.26,AED,False,FULL,72
DOC-00094,ANT/PO/26/0241,5,ORDER,Velour Cosmetics Brow Sculpt Pencil Soft Black,,MS4030315,,144,EA,144,39.66,39.66,AED,False,FULL,144
DOC-00095,ANT/PO/26/0344,1,ORDER,Velour Cosmetics Brow Sculpt Pencil Brunette,,MS4030218,,48,EA,48,35.69,35.69,AED,False,FULL,48
DOC-00095,ANT/PO/26/0344,2,ORDER,Solenne Paris Crème Lumière Day Cream 30ml,,MS1010158,,36,EA,36,153.75,153.75,AED,False,FULL,36
DOC-00095,ANT/PO/26/0344,3,ORDER,Vétiver Nocturne EDT 50ml,,MS3020038,,48,EA,48,230.98,230.98,AED,False,FULL,48
DOC-00095,ANT/PO/26/0344,4,ORDER,Velour Cosmetics Soft Focus Blush Rosewood (EAN 2940449972781),,MS4020174,,144,EA,144,56.95,56.95,AED,False,FULL,144
DOC-00096,ANT/PO/26/0301,1,ORDER,Brow Sculpt Pencil - Brunette (EAN 2934316117245),,MS4030218,,48,EA,48,,35.69,AED,False,FULL,48
DOC-00096,ANT/PO/26/0301,2,ORDER,Vétiver Nocturne EDT 100ml,,MS3020181,,36,EA,36,,339.08,AED,False,FULL,36
DOC-00096,ANT/PO/26/0301,3,ORDER,Solenne Paris Lotion Essentielle Toner 250ml (EAN 2926773602600),,MS1070140,,72,EA,72,,259.95,AED,False,FULL,72
DOC-00096,ANT/PO/26/0301,4,ORDER,Brow Sculpt Pencil Taupe,,MS4030143,,144,EA,144,,38.19,AED,False,FULL,144
DOC-00096,ANT/PO/26/0301,5,ORDER,Velvet Matte Foundation 30 ml 1W Ivory (EAN 2997403447137),,MS4010167,,96,EA,96,,66.83,AED,False,FULL,96
DOC-00096,ANT/PO/26/0301,6,ORDER,Velour Cosmetics Velvet Matte Foundation 30 ml 3C Beige,,MS4010466,,96,EA,96,,71.39,AED,False,FULL,96
DOC-00097,ANT/PO/26/0291,1,ORDER,Vétiver Nocturne EDT - 100ml,,MS3020181,,48,EA,48,339.08,339.08,AED,False,FULL,48
DOC-00097,ANT/PO/26/0291,2,ORDER,Néroli Soleil EDT 50ml (EAN 2958122362316),,MS3030052,,24,EA,24,203.11,203.11,AED,False,FULL,24
DOC-00097,ANT/PO/26/0291,3,ORDER,Velvet Matte Foundation 30 ml 5N Amber,,MS4010861,,72,EA,72,67.16,67.16,AED,False,FULL,72
DOC-00097,ANT/PO/26/0291,4,ORDER,Velour Cosmetics Soft Focus Blush Apricot,,MS4020362,,144,EA,144,55.4,55.4,AED,False,FULL,144
DOC-00097,ANT/PO/26/0291,5,ORDER,Soft Focus Blush Peach,,MS4020080,,48,EA,48,54.11,54.11,AED,False,FULL,48
DOC-00097,ANT/PO/26/0291,6,ORDER,Solenne Paris Masque Éclat Radiance Mask 50ml,,MS1060019,,72,EA,72,149.08,149.08,AED,False,FULL,72
DOC-00097,ANT/PO/26/0291,7,ORDER,Velvet Matte Foundation 30 ml - 4W Caramel (EAN 2974680715456),,MS4010798,,24,EA,24,69.83,69.83,AED,False,FULL,24
DOC-00098,ANT/PO/26/0728,1,ORDER,Atelier Noor Rose Ambrée EDP 100ml (EAN 2943320037913),,MS3010240,,24,EA,24,437.92,437.92,AED,False,PARTIAL,2
DOC-00098,ANT/PO/26/0728,2,ORDER,Overnight Peel Pads,,UNRESOLVABLE,,24,EA,24,74.81,,AED,False,N/A,
DOC-00098,ANT/PO/26/0728,3,ORDER,Musc Blanc EDP - 50ml,,MS3040160,,72,EA,72,255.4,255.4,AED,False,FULL,72
DOC-00098,ANT/PO/26/0728,4,ORDER,Velour Cosmetics Satin Lip Colour 15 Cerise,,MS4000547,,24,EA,24,51.65,51.65,AED,False,PARTIAL,4
DOC-00098,ANT/PO/26/0728,5,ORDER,Satin Lip Colour 30 Fuchsia,,MS4000958,,72,EA,72,49.74,49.74,AED,False,FULL,72
DOC-00098,ANT/PO/26/0728,6,ORDER,Atelier Noor Cuir Fumé Extrait de Parfum 100ml,,MS3050124,,48,EA,48,625.13,625.13,AED,False,BACKORDER,0
DOC-00098,ANT/PO/26/0728,7,ORDER,Velour Cosmetics Satin Lip Colour 03 Petal,,MS4000134,,144,EA,144,42.38,47.09,AED,False,FULL,144
DOC-00098,ANT/PO/26/0728,8,ORDER,Contour des Yeux Eye Cream - 15ml,,MS1040049,,12,EA,12,90.66,84.73,AED,False,FULL,12
DOC-00098,ANT/PO/26/0728,9,ORDER,Velour Cosmetics Brow Sculpt Pencil Brunette,,MS4030218,,96,EA,96,35.69,35.69,AED,False,FULL,96
DOC-00098,ANT/PO/26/0728,10,ORDER,Satin Lip Colour 08 Terracotta (EAN 2955744431352),,MS4000380,,24,EA,24,52.41,52.41,AED,False,FULL,24
DOC-00098,ANT/PO/26/0728,11,ORDER,Satin Lip Colour 12 Rouge Velours (EAN 2923374989413),,MS4000478,,24,EA,24,47.33,47.33,AED,False,FULL,24
DOC-00098,ANT/PO/26/0728,12,ORDER,Velvet Matte Foundation 30 ml 3C Beige (EAN 2919065940139),,MS4010466,,24,EA,24,71.39,71.39,AED,False,FULL,24
DOC-00098,ANT/PO/26/0728,13,ORDER,Solenne Paris Masque Éclat Radiance Mask 75ml,,MS1060170,,72,EA,72,177.17,177.17,AED,False,FULL,72
DOC-00099,ANT/PO/26/0736,1,ORDER,Atelier Noor Musc Blanc EDP 30ml,,MS3040044,,96,EA,96,213.23,185.42,AED,False,BACKORDER,0
DOC-00099,ANT/PO/26/0736,2,ORDER,Atelier Noor Rose Ambrée EDP 50ml (EAN 2938721489515),,MS3010166,,48,EA,48,285.49,285.49,AED,False,FULL,48
DOC-00099,ANT/PO/26/0736,3,ORDER,Velvet Matte Foundation 30 ml 1W Ivory (EAN 2997403447137),,MS4010167,,48,EA,48,66.83,66.83,AED,False,FULL,48
DOC-00099,ANT/PO/26/0736,4,ORDER,Satin Lip Colour 08 Terracotta,,MS4000380,,48,EA,48,52.41,52.41,AED,False,FULL,48
DOC-00099,ANT/PO/26/0736,5,ORDER,Eau Micellaire Cleansing Water 200ml (EAN 2918451462705),,MS1030011,,36,EA,36,173.18,173.18,AED,False,PARTIAL,1
DOC-00099,ANT/PO/26/0736,6,ORDER,Solenne Paris Sérum Absolu Regenerating Serum 30ml,,MS1000137,,72,EA,72,166.67,166.67,AED,False,FULL,72
DOC-00099,ANT/PO/26/0736,7,ORDER,Velour Cosmetics Velvet Matte Foundation 30 ml 6N Espresso,,MS4011090,,24,EA,24,68.43,68.43,AED,False,FULL,24
DOC-00099,ANT/PO/26/0736,8,ORDER,Velvet Matte Foundation 30 ml 5W Toffee,,MS4010990,,96,EA,96,73.98,73.98,AED,False,FULL,96
DOC-00099,ANT/PO/26/0736,9,ORDER,Vétiver Nocturne EDT - 100ml,,MS3020181,,72,EA,72,339.08,339.08,AED,False,FULL,72
DOC-00099,ANT/PO/26/0736,10,ORDER,Brow Sculpt Pencil - Blonde,,MS4030052,,144,EA,144,41.97,39.22,AED,False,PARTIAL,8
DOC-00099,ANT/PO/26/0736,11,ORDER,Rose Ambrée EDP - 30ml,,MS3010048,,72,EA,72,208.44,208.44,AED,False,FULL,72
DOC-00099,ANT/PO/26/0736,12,ORDER,Satin Lip Colour - 03 Petal,,MS4000134,,24,EA,24,47.09,47.09,AED,False,FULL,24
DOC-00099,ANT/PO/26/0736,13,ORDER,Satin Lip Colour - 22 Corail,,MS4000716,,72,EA,72,51.71,48.33,AED,False,FULL,72
DOC-00100,ANT/PO/26/0679,1,ORDER,Velvet Matte Foundation 30 ml - 4N Honey,,MS4010684,,72,EA,72,68.18,68.18,AED,False,FULL,72
DOC-00100,ANT/PO/26/0679,2,ORDER,Satin Lip Colour 12 Rouge Velours,,MS4000478,,144,EA,144,47.33,47.33,AED,False,FULL,144
DOC-00100,ANT/PO/26/0679,3,ORDER,Solenne Paris Crème Lumière Day Cream 30ml,,MS1010158,,36,EA,36,153.75,153.75,AED,False,FULL,36
DOC-00100,ANT/PO/26/0679,4,ORDER,Velvet Matte Foundation 30 ml - 1W Ivory,,MS4010167,,24,EA,24,76.85,66.83,AED,False,FULL,24
DOC-00100,ANT/PO/26/0679,5,ORDER,Néroli Soleil EDT - 100ml,,MS3030152,,24,EA,24,309.38,309.38,AED,False,FULL,24
DOC-00100,ANT/PO/26/0679,6,ORDER,Velvet Matte Foundation 30 ml - 5W Toffee,,MS4010990,,144,EA,144,73.98,73.98,AED,False,FULL,144
DOC-00100,ANT/PO/26/0679,7,ORDER,Velour Cosmetics Brow Sculpt Pencil Soft Black (EAN 2950455623867),,MS4030315,,24,EA,24,39.66,39.66,AED,False,FULL,24
DOC-00100,ANT/PO/26/0679,8,ORDER,Soft Focus Blush Apricot,,MS4020362,,24,EA,24,55.4,55.4,AED,False,FULL,24
DOC-00100,ANT/PO/26/0679,9,ORDER,Iris Poudré EDP - 50ml,,MS3060057,,48,EA,48,264.83,264.83,AED,False,FULL,48
DOC-00100,ANT/PO/26/0679,10,ORDER,Musc Blanc EDP - 100ml,,MS3040237,,12,EA,12,375.79,375.79,AED,False,FULL,12
DOC-00100,ANT/PO/26/0679,11,ORDER,Velour Cosmetics Velvet Matte Foundation 30 ml 1N Porcelain,,MS4010022,,48,EA,48,73.32,73.32,AED,False,FULL,48
DOC-00100,ANT/PO/26/0679,12,ORDER,Solenne Paris Sérum Absolu Regenerating Serum 30ml,,MS1000137,,12,EA,12,166.67,166.67,AED,False,FULL,12
DOC-00100,ANT/PO/26/0679,13,ORDER,Satin Lip Colour - 18 Berry Noir,,MS4000699,,144,EA,144,49.09,49.09,AED,False,FULL,144
DOC-00101,ANT/PO/26/0627,1,ORDER,Satin Lip Colour 30 Fuchsia (EAN 2977496499091),,MS4000958,,144,EA,144,49.74,49.74,AED,False,FULL,144
DOC-00101,ANT/PO/26/0627,2,ORDER,Oud Saffron EDP 30ml (EAN 2950142940192),,MS3000078,,48,EA,48,231.64,231.64,AED,False,FULL,48
DOC-00101,ANT/PO/26/0627,3,ORDER,Iris Poudré EDP 100ml (EAN 2928498776949),,MS3060165,,48,EA,48,417.55,417.55,AED,False,PARTIAL,2
DOC-00101,ANT/PO/26/0627,4,ORDER,Velour Cosmetics Brow Sculpt Pencil Blonde (EAN 2917187026212),,MS4030052,,144,EA,144,39.22,39.22,AED,False,PARTIAL,8
DOC-00101,ANT/PO/26/0627,5,ORDER,Solenne Paris Baume Nuit Night Balm 30ml (EAN 2972423884964),,MS1020092,,72,EA,72,157.74,157.74,AED,False,FULL,72
DOC-00101,ANT/PO/26/0627,6,ORDER,Sérum Absolu Regenerating Serum 15ml (EAN 2943321819600),,MS1000013,,36,EA,36,122.42,122.42,AED,False,FULL,36
DOC-00102,ANT/PO/26/0868,1,ORDER,Atelier Noor Musc Blanc EDP 30ml,,MS3040044,,24,EA,24,163.17,185.42,AED,False,BACKORDER,0
DOC-00102,ANT/PO/26/0868,2,ORDER,Velvet Matte Foundation 30 ml 5W Toffee,,MS4010990,,24,EA,24,73.98,73.98,AED,False,FULL,24
DOC-00102,ANT/PO/26/0868,3,ORDER,Crème Lumière Day Cream 30ml,,MS1010158,,36,EA,36,153.75,153.75,AED,False,FULL,36
DOC-00102,ANT/PO/26/0868,4,ORDER,Eau Micellaire Cleansing Water - 200ml,,MS1030011,,24,EA,24,173.18,173.18,AED,False,PARTIAL,1
DOC-00102,ANT/PO/26/0868,5,ORDER,Baume Nuit Night Balm 50ml (EAN 2953287101220),,MS1020161,,24,EA,24,220.32,220.32,AED,False,PARTIAL,1
DOC-00102,ANT/PO/26/0868,6,ORDER,Atelier Noor Néroli Soleil EDT 50ml (EAN 2958122362316),,MS3030052,,36,EA,36,203.11,203.11,AED,False,FULL,36
DOC-00102,ANT/PO/26/0868,7,ORDER,Brow Sculpt Pencil - Brunette,,MS4030218,,96,EA,96,35.69,35.69,AED,False,FULL,96
DOC-00102,ANT/PO/26/0868,8,ORDER,Velvet Matte Foundation 30 ml - 4W Caramel,,MS4010798,,48,EA,48,69.83,69.83,AED,False,FULL,48
DOC-00102,ANT/PO/26/0868,9,ORDER,Brow Sculpt Pencil Soft Black (EAN 2950455623867),,MS4030315,,72,EA,72,39.66,39.66,AED,False,FULL,72
DOC-00102,ANT/PO/26/0868,10,ORDER,Velvet Matte Foundation 30 ml - 2N Linen (EAN 2993618324218),,MS4010290,,72,EA,72,74.57,74.57,AED,False,FULL,72
DOC-00102,ANT/PO/26/0868,11,ORDER,Satin Lip Colour 08 Terracotta,,MS4000380,,96,EA,96,52.41,52.41,AED,False,FULL,96
DOC-00102,ANT/PO/26/0868,12,ORDER,Rose Ambrée EDP 30ml (EAN 2968044369959),,MS3010048,,144,EA,144,208.44,208.44,AED,False,FULL,144
DOC-00102,ANT/PO/26/0868,13,ORDER,Satin Lip Colour 01 Nude Silk,,MS4000051,,24,EA,24,47.28,47.28,AED,False,FULL,24
DOC-00103,,1,ORDER,daily moisturiser spf 20 in the 75 mil,,MS5020046,,12,EA,12,,18.69,GBP,False,FULL,12
DOC-00103,,2,ORDER,scalp balance serum in the 50 mil,,MS6060099,,24,EA,24,,16.14,GBP,False,FULL,24
DOC-00103,,3,ORDER,charcoal face wash in the 150 mil,,MS5010155,,6,EA,6,,19.21,GBP,False,BACKORDER,0
DOC-00103,,4,ORDER,sea salt texture spray in the 150 mil,,MS6030079,,12,EA,12,,19.68,GBP,False,FULL,12
DOC-00103,,5,ORDER,post-shave balm in the 75 mil,,MS5040079,,6,EA,6,,15.17,GBP,False,BACKORDER,0
DOC-00103,,6,ORDER,the mini lip trio gift,,UNRESOLVABLE,,12,EA,12,,,GBP,False,N/A,
DOC-00103,,7,ORDER,sport deodorant stick in the 75 g,,MS5050057,,6,EA,6,,9.89,GBP,False,FULL,6
DOC-00104,,1,ORDER,charcoal face wash in the 75 mil,,MS5010085,,6,EA,6,,13.49,GBP,False,FULL,6
DOC-00104,,2,ORDER,the hydra shampoo in the 250 mil,,MS6000088,,48,EA,48,,23.4,GBP,False,FULL,48
DOC-00104,,3,ORDER,bond rebuild mask in the 200 mil,,MS6020068,,18,EA,18,,34.31,GBP,False,FULL,18
DOC-00104,,4,ORDER,colour guard shampoo the litres,,MS6050191,,6,EA,6,,29.37,GBP,False,FULL,6
DOC-00104,,5,ORDER,curl defining cream in the 500 mil,,MS6040167,,24,EA,24,,32.82,GBP,False,FULL,24
DOC-00105,KSS7231,1,ORDER,post-shave balm in the 75 mil,,MS5040079,,6,EA,6,,15.17,GBP,False,BACKORDER,0
DOC-00105,KSS7231,2,ORDER,scalp serum serum in the 50 mil,,MS6060099,,6,EA,6,,16.14,GBP,False,FULL,6
DOC-00105,KSS7231,3,ORDER,the glitter fantasy palette,,UNRESOLVABLE,,6,EA,6,,,GBP,False,N/A,
DOC-00105,KSS7231,4,ORDER,bond rebuilder mask in the 200 mil,,MS6020068,,36,EA,36,,34.31,GBP,False,FULL,36
DOC-00105,KSS7231,5,ORDER,curl define cream in the 150 mil,,MS6040043,,6,EA,6,,20.04,GBP,False,PARTIAL,5
DOC-00105,KSS7231,6,ORDER,cedar shave cream in the 75 mil,,MS5000033,,18,EA,18,,12.98,GBP,False,PARTIAL,1
DOC-00105,KSS7231,7,ORDER,sea salt texture spray in the 150 mil,,MS6030079,,18,EA,18,,19.68,GBP,False,FULL,18
DOC-00105,KSS7231,8,ORDER,post-shave balm in the 150 mil,,MS5040119,,12,EA,12,,23.54,GBP,False,FULL,12
DOC-00106,KSS7842,1,ORDER,the hydra conditioner in the 250 mil,,MS6010029,,48,EA,48,,24.11,GBP,False,FULL,48
DOC-00106,KSS7842,2,ORDER,daily moisturiser spf 20 in the 75 mil,,MS5020046,,18,EA,18,,18.69,GBP,False,FULL,18
DOC-00106,KSS7842,3,ORDER,bond rebuilder mask the big ones,,MS6020180,,36,EA,36,,40.83,GBP,False,FULL,36
DOC-00106,KSS7842,4,ORDER,post-shave balm in the 150 mil,,MS5040119,,18,EA,18,,23.54,GBP,False,FULL,18
DOC-00106,KSS7842,5,ORDER,curl define cream in the 500 mil,,MS6040167,,12,EA,12,,32.82,GBP,False,FULL,12
DOC-00106,KSS7842,6,ORDER,charcoal face wash in the 150 mil,,MS5010155,,12,EA,12,,19.21,GBP,False,BACKORDER,0
DOC-00107,KSS7257,1,ORDER,cedar shave cream in the 150 mil,,MS5000191,,6,EA,6,,19.17,GBP,False,FULL,6
DOC-00107,KSS7257,2,ORDER,hydro repair conditioner in the 250 mil,,MS6010029,,12,EA,12,,24.11,GBP,False,FULL,12
DOC-00107,KSS7257,3,ORDER,color guard shampoo the big ones,,MS6050191,,12,EA,12,,29.37,GBP,False,FULL,12
DOC-00107,KSS7257,4,ORDER,hydra repair shampoo the big ones,,MS6000124,,12,EA,12,,28.72,GBP,False,FULL,12
DOC-00107,KSS7257,5,ORDER,beard oil in the 30 mil,,MS5030066,,18,EA,18,,8.8,GBP,False,FULL,18
DOC-00107,KSS7257,6,ORDER,curl define cream in the 500 mil,,MS6040167,,12,EA,12,,32.82,GBP,False,FULL,12
DOC-00108,,1,ORDER,the holiday vault set exclusive,,UNRESOLVABLE,,12,EA,12,,,GBP,False,N/A,
DOC-00108,,2,ORDER,color guard shampoo in the 1 litre,,MS6050191,,12,EA,12,,29.37,GBP,False,FULL,12
DOC-00108,,3,ORDER,post-shave balm in the 75 mil,,MS5040079,,18,EA,18,,15.17,GBP,False,BACKORDER,0
DOC-00108,,4,ORDER,beard oil in the 30 mil,,MS5030066,,12,EA,12,,8.8,GBP,False,FULL,12
DOC-00108,,5,ORDER,cedar shave cream in the 150 mil,,MS5000191,,30,EA,30,,19.17,GBP,False,FULL,30
DOC-00108,,6,ORDER,the mini lip trio gift,,UNRESOLVABLE,,12,EA,12,,,GBP,False,N/A,
DOC-00108,,7,ORDER,sea salt spray texture spray in the 150 mil,,MS6030079,,12,EA,12,,19.68,GBP,False,FULL,12
DOC-00109,KSS7680,1,ORDER,hydra repair conditioner in the 250 mil,,MS6010029,,12,EA,12,,24.11,GBP,False,FULL,12
DOC-00109,KSS7680,2,ORDER,post-shave balm in the 150 mil,,MS5040119,,36,EA,36,,23.54,GBP,False,FULL,36
DOC-00109,KSS7680,3,ORDER,charcoal face wash in the 75 mil,,MS5010085,,6,EA,6,,13.49,GBP,False,FULL,6
DOC-00109,KSS7680,4,ORDER,sport deodorant stick in the 75 g,,MS5050057,,18,EA,18,,9.89,GBP,False,FULL,18
DOC-00109,KSS7680,5,ORDER,post-shave balm in the 75 mil,,MS5040079,,12,EA,12,,15.17,GBP,False,BACKORDER,0
DOC-00109,KSS7680,6,ORDER,curl define cream the big ones,,MS6040167,,12,EA,12,,32.82,GBP,False,FULL,12
DOC-00109,KSS7680,7,ORDER,bond rebuilder mask in the 500 mil,,MS6020180,,18,EA,18,,40.83,GBP,False,FULL,18
DOC-00109,KSS7680,8,ORDER,colour guard shampoo in the 250 mil,,MS6050064,,12,EA,12,,27.3,GBP,False,FULL,12
DOC-00110,KSS7513,1,ORDER,sport deodorant stick in the 75 g,,MS5050057,,18,EA,18,,9.89,GBP,False,FULL,18
DOC-00110,KSS7513,2,ORDER,scalp serum serum in the 50 mil,,MS6060099,,12,EA,12,,16.14,GBP,False,FULL,12
DOC-00110,KSS7513,3,ORDER,curl define cream the litres,,MS6040167,,18,EA,18,,32.82,GBP,False,FULL,18
DOC-00110,KSS7513,4,ORDER,the hydra conditioner the litres,,MS6010140,,12,EA,12,,27.12,GBP,False,FULL,12
DOC-00111,KSS7642,1,ORDER,daily moisturiser spf 20 in the 75 mil,,MS5020046,,24,EA,24,,18.69,GBP,False,FULL,24
DOC-00111,KSS7642,2,ORDER,color guard shampoo the big ones,,MS6050191,,12,EA,12,,29.37,GBP,False,FULL,12
DOC-00111,KSS7642,3,ORDER,scalp serum serum in the 50 mil,,MS6060099,,24,EA,24,,16.14,GBP,False,FULL,24
DOC-00111,KSS7642,4,ORDER,the hydra conditioner in the 250 mil,,MS6010029,,36,EA,36,,24.11,GBP,False,FULL,36
DOC-00112,,1,ORDER,hydra repair conditioner,,MS6010140,,18,EA,18,,27.12,GBP,False,FULL,18
DOC-00112,,2,ORDER,bond rebuild mask in the 200 mil,,MS6020068,,12,EA,12,,34.31,GBP,False,FULL,12
DOC-00112,,3,ORDER,curl defining cream in the 150 mil,,MS6040043,,18,EA,18,,20.04,GBP,False,PARTIAL,5
DOC-00112,,4,ORDER,scalp serum serum in the 50 mil,,MS6060099,,6,EA,6,,16.14,GBP,False,FULL,6
DOC-00113,KSS4730,1,ORDER,bond rebuilder mask in the 200 mil,,MS6020068,,12,EA,12,,34.31,GBP,False,FULL,12
DOC-00113,KSS4730,2,ORDER,curl define cream in the 150 mil,,MS6040043,,24,EA,24,,20.04,GBP,False,PARTIAL,5
DOC-00113,KSS4730,3,ORDER,sport deodorant stick in the 75 g,,MS5050057,,24,EA,24,,9.89,GBP,False,FULL,24
DOC-00113,KSS4730,4,ORDER,hydra repair shampoo in the 1 litre,,MS6000124,,18,EA,18,,28.72,GBP,False,FULL,18
DOC-00114,,1,ORDER,sport deodorant stick in the 75 g,,MS5050057,,12,EA,12,,9.89,GBP,False,FULL,12
DOC-00114,,2,ORDER,hydra repair shampoo in the 250 mil,,MS6000088,,6,EA,6,,23.4,GBP,False,FULL,6
DOC-00114,,3,ORDER,hydra repair shampoo in the 1 litre,,MS6000124,,6,EA,6,,28.72,GBP,False,FULL,6
DOC-00114,,4,ORDER,daily moisturiser spf 20 in the 75 mil,,MS5020046,,6,EA,6,,18.69,GBP,False,FULL,6
DOC-00115,KSS2122,1,ORDER,beard oil in the 30 mil,,MS5030066,,36,EA,36,,8.8,GBP,False,FULL,36
DOC-00115,KSS2122,2,ORDER,hydra repair shampoo in the 250 mil,,MS6000088,,12,EA,12,,23.4,GBP,False,FULL,12
DOC-00115,KSS2122,3,ORDER,color guard shampoo in the 250 mil,,MS6050064,,6,EA,6,,27.3,GBP,False,FULL,6
DOC-00115,KSS2122,4,ORDER,hydra repair shampoo in the 1 litre,,MS6000124,,6,EA,6,,28.72,GBP,False,FULL,6
DOC-00115,KSS2122,5,ORDER,charcoal face wash in the 150 mil,,MS5010155,,6,EA,6,,19.21,GBP,False,BACKORDER,0
DOC-00115,KSS2122,6,ORDER,post-shave balm in the 150 mil,,MS5040119,,12,EA,12,,23.54,GBP,False,FULL,12
DOC-00115,KSS2122,7,ORDER,curl defining cream in the 150 mil,,MS6040043,,36,EA,36,,20.04,GBP,False,PARTIAL,5
DOC-00115,KSS2122,8,ORDER,color guard shampoo in the 1 litre,,MS6050191,,24,EA,24,,29.37,GBP,False,FULL,24
DOC-00116,,1,ORDER,the hydra conditioner in the 250 mil,,MS6010029,,24,EA,24,,24.11,GBP,False,FULL,24
DOC-00116,,2,ORDER,sport deodorant stick in the 75 g,,MS5050057,,6,EA,6,,9.89,GBP,False,FULL,6
DOC-00116,,3,ORDER,post-shave balm in the 75 mil,,MS5040079,,6,EA,6,,15.17,GBP,False,BACKORDER,0
DOC-00117,KSS2638,1,ORDER,bond rebuild mask in the 200 mil,,MS6020068,,30,EA,30,,34.31,GBP,False,FULL,30
DOC-00117,KSS2638,2,ORDER,beard oil in the 30 mil,,MS5030066,,12,EA,12,,8.8,GBP,False,FULL,12
DOC-00117,KSS2638,3,ORDER,hydro repair conditioner in the 250 mil,,MS6010029,,24,EA,24,,24.11,GBP,False,FULL,24
DOC-00118,,1,ORDER,sea salt spray texture spray in the 150 mil,,MS6030079,,36,EA,36,,19.68,GBP,False,FULL,36
DOC-00118,,2,ORDER,charcoal face wash in the 75 mil,,MS5010085,,12,EA,12,,13.49,GBP,False,FULL,12
DOC-00118,,3,ORDER,daily moisturiser spf 20 in the 75 mil,,MS5020046,,24,EA,24,,18.69,GBP,False,FULL,24
DOC-00118,,4,ORDER,scalp serum serum in the 50 mil,,MS6060099,,18,EA,18,,16.14,GBP,False,FULL,18
DOC-00118,,5,ORDER,sport deodorant stick in the 75 g,,MS5050057,,24,EA,24,,9.89,GBP,False,FULL,24
DOC-00118,,6,ORDER,curl define cream in the 500 mil,,MS6040167,,6,EA,6,,32.82,GBP,False,FULL,6
DOC-00118,,7,ORDER,cedar shave cream in the 75 mil,,MS5000033,,24,EA,24,,12.98,GBP,False,PARTIAL,1
DOC-00118,,8,ORDER,post-shave balm in the 75 mil,,MS5040079,,12,EA,12,,15.17,GBP,False,BACKORDER,0
DOC-00119,NB-575058,1,ORDER,Ember & Oak Linen Breeze Reed Diffuser 200 ml,MS8020058,MS8020058,,16,EA,16,72.69,72.69,USD,False,FULL,16
DOC-00119,NB-575058,2,ORDER,Kōri Botanicals Green Tea Gel Cleanser 100 ml,MS2010060,MS2010060,,6,EA,6,17.92,17.92,USD,False,FULL,6
DOC-00119,NB-575058,3,ORDER,Kōri Botanicals Rice Enzyme Polish 50 ml,MS2030016,MS2030016,,18,EA,18,16.2,16.2,USD,False,FULL,18
DOC-00119,NB-575058,4,ORDER,Lune Rouge Lacquer Nail Colour 101 Opera,MS7000022,MS7000022,,48,EA,48,6.78,6.78,USD,False,FULL,48
DOC-00119,NB-575058,5,ORDER,Lune Rouge Lacquer Nail Colour 120 Midnight,MS7000489,MS7000489,,36,EA,36,7.21,7.21,USD,False,BACKORDER,0
DOC-00119,NB-575058,6,ORDER,Lune Rouge Lip Gloss Mirror Bronze,MS7040288,MS7040288,,12,EA,12,9.19,9.19,USD,False,FULL,12
DOC-00119,NB-575058,7,ORDER,Lune Rouge Precision Liquid Eyeliner Brown,MS7010115,MS7010115,,48,EA,48,10.84,10.84,USD,False,FULL,48
DOC-00119,NB-575058,8,ORDER,Lune Rouge Precision Liquid Eyeliner Navy,MS7010261,MS7010261,,24,EA,24,10.22,10.22,USD,False,FULL,24
DOC-00119,NB-575058,9,ORDER,Thornfield Grooming Beard Oil 30 ml,MS5030066,MS5030066,,48,EA,48,11.2,11.2,USD,False,PARTIAL,5
DOC-00119,NB-575058,10,ORDER,Thornfield Grooming Cedar Shave Cream 150 ml,MS5000191,MS5000191,,36,EA,36,24.5,24.5,USD,False,FULL,36
DOC-00119,NB-575058,11,ORDER,Thornfield Grooming Daily Moisturiser SPF 20 75 ml,MS5020046,MS5020046,,36,EA,36,23.41,23.41,USD,False,FULL,36
DOC-00120,NB-329993,1,ORDER,Ember & Oak Amber Woods Candle 400 g,MS8010127,MS8010127,,16,EA,16,69.74,69.74,USD,False,FULL,16
DOC-00120,NB-329993,2,ORDER,Ember & Oak Fig & Cedar Candle 190 g,MS8000022,MS8000022,,16,EA,16,52.2,52.2,USD,False,FULL,16
DOC-00120,NB-329993,3,ORDER,Kōri Botanicals Green Tea Gel Cleanser 200 ml,MS2010137,MS2010137,,12,EA,12,26.43,26.43,USD,False,FULL,12
DOC-00120,NB-329993,4,ORDER,Kōri Botanicals Hinoki Calming Toner 200 ml,MS2040162,MS2040162,,24,EA,24,33.59,33.59,USD,False,BACKORDER,0
DOC-00120,NB-329993,5,ORDER,Kōri Botanicals Yuzu Brightening Essence 200 ml,MS2000215,MS2000215,,18,EA,18,56.27,56.27,USD,False,FULL,18
DOC-00120,NB-329993,6,ORDER,Lune Rouge Precision Liquid Eyeliner Navy,MS7010261,MS7010261,,12,EA,12,10.22,10.22,USD,False,FULL,12
DOC-00120,NB-329993,7,ORDER,Mistral Hair Hydra Repair Shampoo 250 ml,MS6000088,MS6000088,,24,EA,24,29.54,29.54,USD,False,FULL,24
DOC-00120,NB-329993,8,ORDER,Thornfield Grooming Charcoal Face Wash 150 ml,MS5010155,MS5010155,,36,EA,36,24.46,24.46,USD,False,FULL,36
DOC-00120,NB-329993,9,ORDER,Thornfield Grooming Post-Shave Balm 75 ml,MS5040079,MS5040079,,12,EA,12,18.93,18.93,USD,False,FULL,12
DOC-00121,NB-534506,1,ORDER,Ember & Oak Black Tea Room Spray 100 ml,MS8030088,MS8030088,,8,EA,8,28.96,28.96,USD,False,FULL,8
DOC-00121,NB-534506,2,ORDER,Ember & Oak Wild Mint Candle 190 g,MS8040069,MS8040069,,8,EA,8,57.8,57.8,USD,False,FULL,8
DOC-00121,NB-534506,3,ORDER,Kōri Botanicals Camellia Barrier Cream 50 ml,MS2020048,MS2020048,,6,EA,6,23.29,23.29,USD,False,FULL,6
DOC-00121,NB-534506,4,ORDER,Kōri Botanicals Green Tea Gel Cleanser 100 ml,MS2010060,MS2010060,,24,EA,24,17.92,17.92,USD,False,FULL,24
DOC-00121,NB-534506,5,ORDER,Kōri Botanicals Rice Enzyme Polish 100 ml,MS2030164,MS2030164,,12,EA,12,23.74,23.74,USD,False,FULL,12
DOC-00121,NB-534506,6,ORDER,Kōri Botanicals Rice Enzyme Polish 50 ml,MS2030016,MS2030016,,6,EA,6,16.2,16.2,USD,False,FULL,6
DOC-00121,NB-534506,7,ORDER,Kōri Botanicals Sakura Dew Sleeping Mask 100 ml,MS2050139,MS2050139,,12,EA,12,28.74,28.74,USD,False,FULL,12
DOC-00121,NB-534506,8,ORDER,Kōri Botanicals Yuzu Brightening Essence 200 ml,MS2000215,MS2000215,,6,EA,6,56.27,56.27,USD,False,FULL,6
DOC-00121,NB-534506,9,ORDER,Lune Rouge Glow Highlighter Champagne,MS7030190,MS7030190,,24,EA,24,13.4,13.4,USD,False,FULL,24
DOC-00121,NB-534506,10,ORDER,Lune Rouge Lacquer Nail Colour 104 Cherry Gloss,MS7000122,MS7000122,,12,EA,12,6.63,6.63,USD,False,FULL,12
DOC-00121,NB-534506,11,ORDER,Mistral Hair Bond Rebuild Mask 500 ml Salon,MS6020180,MS6020180,,12,EA,12,54.31,54.31,USD,False,FULL,12
DOC-00121,NB-534506,12,ORDER,Thornfield Grooming Beard Oil 30 ml,MS5030066,MS5030066,,48,EA,48,11.2,11.2,USD,False,PARTIAL,5
DOC-00121,NB-534506,13,ORDER,Thornfield Grooming Cedar Shave Cream 75 ml,MS5000033,MS5000033,,24,EA,24,16.57,16.57,USD,False,FULL,24
DOC-00122,NB-745622,1,ORDER,Ember & Oak Black Tea Room Spray 100 ml,MS8030088,MS8030088,,8,EA,8,28.96,28.96,USD,False,FULL,8
DOC-00122,NB-745622,2,ORDER,Ember & Oak Fig & Cedar Candle 400 g,MS8000149,MS8000149,,12,EA,12,77.58,77.58,USD,False,FULL,12
DOC-00122,NB-745622,3,ORDER,Kōri Botanicals Camellia Barrier Cream 50 ml,MS2020048,MS2020048,,12,EA,12,23.29,23.29,USD,False,FULL,12
DOC-00122,NB-745622,4,ORDER,Kōri Botanicals Sakura Dew Sleeping Mask 50 ml,MS2050041,MS2050041,,18,EA,18,19.78,19.78,USD,False,PARTIAL,1
DOC-00122,NB-745622,5,ORDER,Kōri Botanicals Yuzu Brightening Essence 100 ml,MS2000175,MS2000175,,18,EA,18,34.65,34.65,USD,False,FULL,18
DOC-00122,NB-745622,6,ORDER,Lune Rouge Glow Highlighter Champagne,MS7030190,MS7030190,,36,EA,36,13.4,13.4,USD,False,FULL,36
DOC-00122,NB-745622,7,ORDER,Lune Rouge Lip Gloss Mirror Bronze,MS7040288,MS7040288,,24,EA,24,9.19,9.19,USD,False,FULL,24
DOC-00122,NB-745622,8,ORDER,Lune Rouge Lip Gloss Mirror Clear,MS7040059,MS7040059,,24,EA,24,9.36,9.36,USD,False,FULL,24
DOC-00122,NB-745622,9,ORDER,Lune Rouge Lip Gloss Mirror Pink Pearl,MS7040117,MS7040117,,24,EA,24,9.13,9.13,USD,False,FULL,24
DOC-00122,NB-745622,10,ORDER,Lune Rouge Precision Liquid Eyeliner Brown,MS7010115,MS7010115,,48,EA,48,10.84,10.84,USD,False,FULL,48
DOC-00122,NB-745622,11,ORDER,Mistral Hair Curl Define Cream 500 ml Salon,MS6040167,MS6040167,,18,EA,18,42.03,42.03,USD,False,FULL,18
DOC-00122,NB-745622,12,ORDER,Mistral Hair Hydra Repair Conditioner 250 ml,MS6010029,MS6010029,,24,EA,24,31.76,31.76,USD,False,FULL,24
DOC-00122,NB-745622,13,ORDER,Mistral Hair Scalp Balance Serum 50 ml,MS6060099,MS6060099,,12,EA,12,20.68,20.68,USD,False,FULL,12
DOC-00122,NB-745622,14,ORDER,Thornfield Grooming Cedar Shave Cream 150 ml,MS5000191,MS5000191,,24,EA,24,24.5,24.5,USD,False,FULL,24
DOC-00122,NB-745622,15,ORDER,Thornfield Grooming Cedar Shave Cream 75 ml,MS5000033,MS5000033,,36,EA,36,16.57,16.57,USD,False,FULL,36
DOC-00123,NB-705137,1,ORDER,Ember & Oak Amber Woods Candle 190 g,MS8010095,MS8010095,,16,EA,16,52.01,52.01,USD,False,FULL,16
DOC-00123,NB-705137,2,ORDER,Ember & Oak Linen Breeze Reed Diffuser 200 ml,MS8020058,MS8020058,,16,EA,16,72.69,72.69,USD,False,FULL,16
DOC-00123,NB-705137,3,ORDER,Ember & Oak Wild Mint Candle 190 g,MS8040069,MS8040069,,12,EA,12,57.8,57.8,USD,False,FULL,12
DOC-00123,NB-705137,4,ORDER,Ember & Oak Wild Mint Candle 400 g,MS8040171,MS8040171,,12,EA,12,69.15,69.15,USD,False,FULL,12
DOC-00123,NB-705137,5,ORDER,Kōri Botanicals Green Tea Gel Cleanser 200 ml,MS2010137,MS2010137,,24,EA,24,26.43,26.43,USD,False,FULL,24
DOC-00123,NB-705137,6,ORDER,Kōri Botanicals Hinoki Calming Toner 200 ml,MS2040162,MS2040162,,24,EA,24,33.59,33.59,USD,False,BACKORDER,0
DOC-00123,NB-705137,7,ORDER,Lune Rouge Lacquer Nail Colour 115 Sable,MS7000371,MS7000371,,36,EA,36,6.7,6.7,USD,False,FULL,36
DOC-00123,NB-705137,8,ORDER,Lune Rouge Lacquer Nail Colour 120 Midnight,MS7000489,MS7000489,,12,EA,12,7.21,7.21,USD,False,BACKORDER,0
DOC-00123,NB-705137,9,ORDER,Mistral Hair Hydra Repair Conditioner 1 L Salon,MS6010140,MS6010140,,24,EA,24,35.27,35.27,USD,False,FULL,24
DOC-00123,NB-705137,10,ORDER,Mistral Hair Hydra Repair Shampoo 250 ml,MS6000088,MS6000088,,24,EA,24,29.54,29.54,USD,False,FULL,24
DOC-00124,NB-853862,1,ORDER,Kōri Botanicals Camellia Barrier Cream 100 ml,MS2020129,MS2020129,,24,EA,24,35.66,35.66,USD,False,FULL,24
DOC-00124,NB-853862,2,ORDER,Kōri Botanicals Camellia Barrier Cream 50 ml,MS2020048,MS2020048,,18,EA,18,23.29,23.29,USD,False,FULL,18
DOC-00124,NB-853862,3,ORDER,Kōri Botanicals Rice Enzyme Polish 100 ml,MS2030164,MS2030164,,18,EA,18,23.74,23.74,USD,False,FULL,18
DOC-00124,NB-853862,4,ORDER,Lune Rouge Lacquer Nail Colour 115 Sable,MS7000371,MS7000371,,12,EA,12,6.7,6.7,USD,False,FULL,12
DOC-00124,NB-853862,5,ORDER,Lune Rouge Lacquer Nail Colour 130 Coral Reef,MS7000653,MS7000653,,12,EA,12,6.91,6.91,USD,False,FULL,12
DOC-00124,NB-853862,6,ORDER,Lune Rouge Lacquer Nail Colour 140 Gunmetal,MS7000824,MS7000824,,36,EA,36,7.08,7.08,USD,False,FULL,36
DOC-00124,NB-853862,7,ORDER,Lune Rouge Lip Gloss Mirror Bronze,MS7040288,MS7040288,,12,EA,12,9.19,9.19,USD,False,FULL,12
DOC-00124,NB-853862,8,ORDER,Mistral Hair Curl Define Cream 500 ml Salon,MS6040167,MS6040167,,6,EA,6,42.03,42.03,USD,False,FULL,6
DOC-00124,NB-853862,9,ORDER,Thornfield Grooming Post-Shave Balm 150 ml,MS5040119,MS5040119,,36,EA,36,29.99,29.99,USD,False,FULL,36
DOC-00125,NB-315022,1,ORDER,Ember & Oak Wild Mint Candle 400 g,MS8040171,MS8040171,,12,EA,12,69.15,69.15,USD,False,FULL,12
DOC-00125,NB-315022,2,ORDER,Lune Rouge Glow Highlighter Champagne,MS7030190,MS7030190,,12,EA,12,13.4,13.4,USD,False,FULL,12
DOC-00125,NB-315022,3,ORDER,Lune Rouge Lip Gloss Mirror Bronze,MS7040288,MS7040288,,48,EA,48,9.19,9.19,USD,False,FULL,48
DOC-00125,NB-315022,4,ORDER,Lune Rouge Lip Gloss Mirror Pink Pearl,MS7040117,MS7040117,,12,EA,12,9.13,9.13,USD,False,FULL,12
DOC-00125,NB-315022,5,ORDER,Mistral Hair Sea Salt Texture Spray 150 ml,MS6030079,MS6030079,,48,EA,48,26.27,26.27,USD,False,FULL,48
DOC-00126,NB-185498,1,ORDER,Ember & Oak Wild Mint Candle 190 g,MS8040069,MS8040069,,12,EA,12,57.8,57.8,USD,False,FULL,12
DOC-00126,NB-185498,2,ORDER,Kōri Botanicals Hinoki Calming Toner 100 ml,MS2040026,MS2040026,,18,EA,18,20.63,20.63,USD,False,FULL,18
DOC-00126,NB-185498,3,ORDER,Lune Rouge Glow Highlighter Moonstone,MS7030029,MS7030029,,36,EA,36,12.14,12.14,USD,False,FULL,36
DOC-00126,NB-185498,4,ORDER,Lune Rouge Lacquer Nail Colour 120 Midnight,MS7000489,MS7000489,,36,EA,36,7.21,7.21,USD,False,BACKORDER,0
DOC-00126,NB-185498,5,ORDER,Mistral Hair Colour Guard Shampoo 1 L Salon,MS6050191,MS6050191,,6,EA,6,37.58,37.58,USD,False,FULL,6
DOC-00126,NB-185498,6,ORDER,Mistral Hair Colour Guard Shampoo 250 ml,MS6050064,MS6050064,,24,EA,24,34.89,34.89,USD,False,FULL,24
DOC-00127,NB-767645,1,ORDER,Ember & Oak Fig & Cedar Candle 400 g,MS8000149,MS8000149,,12,EA,12,77.58,77.58,USD,False,FULL,12
DOC-00127,NB-767645,2,ORDER,Kōri Botanicals Rice Enzyme Polish 50 ml,MS2030016,MS2030016,,18,EA,18,16.2,16.2,USD,False,FULL,18
DOC-00127,NB-767645,3,ORDER,Lune Rouge Lash Lift Mascara Brown Black,MS7020177,MS7020177,,12,EA,12,11.52,11.52,USD,False,FULL,12
DOC-00127,NB-767645,4,ORDER,Lune Rouge Precision Liquid Eyeliner Black,MS7010065,MS7010065,,12,EA,12,9.88,9.88,USD,False,FULL,12
DOC-00127,NB-767645,5,ORDER,Lune Rouge Precision Liquid Eyeliner Navy,MS7010261,MS7010261,,36,EA,36,10.22,10.22,USD,False,FULL,36
DOC-00127,NB-767645,6,ORDER,Thornfield Grooming Charcoal Face Wash 75 ml,MS5010085,MS5010085,,48,EA,48,17.59,17.59,USD,False,FULL,48
DOC-00127,NB-767645,7,ORDER,Thornfield Grooming Sport Deodorant Stick 75 g,MS5050057,MS5050057,,12,EA,12,13.01,13.01,USD,False,FULL,12
DOC-00128,NB-652657,1,ORDER,Ember & Oak Fig & Cedar Candle 190 g,MS8000022,MS8000022,,16,EA,16,52.2,52.2,USD,False,FULL,16
DOC-00128,NB-652657,2,ORDER,Kōri Botanicals Hinoki Calming Toner 100 ml,MS2040026,MS2040026,,18,EA,18,20.63,20.63,USD,False,FULL,18
DOC-00128,NB-652657,3,ORDER,Kōri Botanicals Sakura Dew Sleeping Mask 50 ml,MS2050041,MS2050041,,18,EA,18,19.78,19.78,USD,False,PARTIAL,1
DOC-00128,NB-652657,4,ORDER,Kōri Botanicals Yuzu Brightening Essence 200 ml,MS2000215,MS2000215,,12,EA,12,56.27,56.27,USD,False,FULL,12
DOC-00128,NB-652657,5,ORDER,Lune Rouge Lip Gloss Mirror Bronze,MS7040288,MS7040288,,12,EA,12,9.19,9.19,USD,False,FULL,12
DOC-00128,NB-652657,6,ORDER,Mistral Hair Curl Define Cream 150 ml,MS6040043,MS6040043,,48,EA,48,25.82,25.82,USD,False,FULL,48
DOC-00128,NB-652657,7,ORDER,Thornfield Grooming Cedar Shave Cream 150 ml,MS5000191,MS5000191,,48,EA,48,24.5,24.5,USD,False,FULL,48
DOC-00129,NB-603443,1,ORDER,Ember & Oak Amber Woods Candle 190 g,MS8010095,MS8010095,,8,EA,8,52.01,52.01,USD,False,FULL,8
DOC-00129,NB-603443,2,ORDER,Ember & Oak Amber Woods Candle 400 g,MS8010127,MS8010127,,12,EA,12,69.74,69.74,USD,False,FULL,12
DOC-00129,NB-603443,3,ORDER,Ember & Oak Wild Mint Candle 400 g,MS8040171,MS8040171,,4,EA,4,69.15,69.15,USD,False,FULL,4
DOC-00129,NB-603443,4,ORDER,Kōri Botanicals Camellia Barrier Cream 50 ml,MS2020048,MS2020048,,24,EA,24,23.29,23.29,USD,False,FULL,24
DOC-00129,NB-603443,5,ORDER,Kōri Botanicals Hinoki Calming Toner 200 ml,MS2040162,MS2040162,,6,EA,6,33.59,33.59,USD,False,BACKORDER,0
DOC-00129,NB-603443,6,ORDER,Kōri Botanicals Rice Enzyme Polish 100 ml,MS2030164,MS2030164,,18,EA,18,23.74,23.74,USD,False,FULL,18
DOC-00130,NB-480558,1,ORDER,Ember & Oak Amber Woods Candle 190 g,MS8010095,MS8010095,,16,EA,16,52.01,52.01,USD,False,FULL,16
DOC-00130,NB-480558,2,ORDER,Ember & Oak Fig & Cedar Candle 190 g,MS8000022,MS8000022,,12,EA,12,52.2,52.2,USD,False,FULL,12
DOC-00130,NB-480558,3,ORDER,Ember & Oak Linen Breeze Reed Diffuser 200 ml,MS8020058,MS8020058,,12,EA,12,72.69,72.69,USD,False,FULL,12
DOC-00130,NB-480558,4,ORDER,Kōri Botanicals Hinoki Calming Toner 100 ml,MS2040026,MS2040026,,24,EA,24,20.63,20.63,USD,False,FULL,24
DOC-00130,NB-480558,5,ORDER,Kōri Botanicals Hinoki Calming Toner 200 ml,MS2040162,MS2040162,,24,EA,24,33.59,33.59,USD,False,BACKORDER,0
DOC-00130,NB-480558,6,ORDER,Kōri Botanicals Sakura Dew Sleeping Mask 50 ml,MS2050041,MS2050041,,12,EA,12,19.78,19.78,USD,False,PARTIAL,1
DOC-00130,NB-480558,7,ORDER,Lune Rouge Lacquer Nail Colour 110 Ballet,MS7000295,MS7000295,,48,EA,48,6.99,6.99,USD,False,FULL,48
DOC-00130,NB-480558,8,ORDER,Lune Rouge Lacquer Nail Colour 145 Bordeaux,MS7000986,MS7000986,,24,EA,24,6.77,6.77,USD,False,FULL,24
DOC-00130,NB-480558,9,ORDER,Lune Rouge Precision Liquid Eyeliner Navy,MS7010261,MS7010261,,48,EA,48,10.22,10.22,USD,False,FULL,48
DOC-00130,NB-480558,10,ORDER,Mistral Hair Hydra Repair Conditioner 1 L Salon,MS6010140,MS6010140,,6,EA,6,35.27,35.27,USD,False,FULL,6
DOC-00130,NB-480558,11,ORDER,Mistral Hair Hydra Repair Shampoo 250 ml,MS6000088,MS6000088,,24,EA,24,29.54,29.54,USD,False,FULL,24
DOC-00130,NB-480558,12,ORDER,Thornfield Grooming Beard Oil 30 ml,MS5030066,MS5030066,,12,EA,12,11.2,11.2,USD,False,PARTIAL,5
DOC-00130,NB-480558,13,ORDER,Thornfield Grooming Post-Shave Balm 150 ml,MS5040119,MS5040119,,36,EA,36,29.99,29.99,USD,False,FULL,36
DOC-00131,NB-776218,1,ORDER,Ember & Oak Amber Woods Candle 400 g,MS8010127,MS8010127,,12,EA,12,69.74,69.74,USD,False,FULL,12
DOC-00131,NB-776218,2,ORDER,Ember & Oak Wild Mint Candle 190 g,MS8040069,MS8040069,,12,EA,12,57.8,57.8,USD,False,FULL,12
DOC-00131,NB-776218,3,ORDER,Kōri Botanicals Rice Enzyme Polish 100 ml,MS2030164,MS2030164,,12,EA,12,23.74,23.74,USD,False,FULL,12
DOC-00131,NB-776218,4,ORDER,Lune Rouge Glow Highlighter Moonstone,MS7030029,MS7030029,,12,EA,12,12.14,12.14,USD,False,FULL,12
DOC-00131,NB-776218,5,ORDER,Lune Rouge Lacquer Nail Colour 110 Ballet,MS7000295,MS7000295,,36,EA,36,6.99,6.99,USD,False,FULL,36
DOC-00131,NB-776218,6,ORDER,Lune Rouge Lacquer Nail Colour 123 Mint Chip,MS7000533,MS7000533,,12,EA,12,6.97,6.97,USD,False,FULL,12
DOC-00131,NB-776218,7,ORDER,Lune Rouge Lash Lift Mascara Brown Black,MS7020177,MS7020177,,48,EA,48,11.52,11.52,USD,False,FULL,48
DOC-00131,NB-776218,8,ORDER,Lune Rouge Precision Liquid Eyeliner Brown,MS7010115,MS7010115,,24,EA,24,10.84,10.84,USD,False,FULL,24
DOC-00131,NB-776218,9,ORDER,Mistral Hair Curl Define Cream 500 ml Salon,MS6040167,MS6040167,,6,EA,6,42.03,42.03,USD,False,FULL,6
DOC-00131,NB-776218,10,ORDER,Mistral Hair Hydra Repair Shampoo 1 L Salon,MS6000124,MS6000124,,12,EA,12,35.91,35.91,USD,False,BACKORDER,0
DOC-00131,NB-776218,11,ORDER,Mistral Hair Sea Salt Texture Spray 150 ml,MS6030079,MS6030079,,36,EA,36,26.27,26.27,USD,False,FULL,36
DOC-00131,NB-776218,12,ORDER,Thornfield Grooming Charcoal Face Wash 150 ml,MS5010155,MS5010155,,12,EA,12,24.46,24.46,USD,False,FULL,12
DOC-00132,NB-181383,1,ORDER,Ember & Oak Black Tea Room Spray 100 ml,MS8030088,MS8030088,,4,EA,4,28.96,28.96,USD,False,FULL,4
DOC-00132,NB-181383,2,ORDER,Kōri Botanicals Camellia Barrier Cream 100 ml,MS2020129,MS2020129,,24,EA,24,35.66,35.66,USD,False,FULL,24
DOC-00132,NB-181383,3,ORDER,Kōri Botanicals Green Tea Gel Cleanser 100 ml,MS2010060,MS2010060,,18,EA,18,17.92,17.92,USD,False,FULL,18
DOC-00132,NB-181383,4,ORDER,Kōri Botanicals Yuzu Brightening Essence 100 ml,MS2000175,MS2000175,,12,EA,12,34.65,34.65,USD,False,FULL,12
DOC-00132,NB-181383,5,ORDER,Lune Rouge Lacquer Nail Colour 104 Cherry Gloss,MS7000122,MS7000122,,48,EA,48,6.63,6.63,USD,False,FULL,48
DOC-00132,NB-181383,6,ORDER,Lune Rouge Lacquer Nail Colour 115 Sable,MS7000371,MS7000371,,12,EA,12,6.7,6.7,USD,False,FULL,12
DOC-00132,NB-181383,7,ORDER,Lune Rouge Lacquer Nail Colour 123 Mint Chip,MS7000533,MS7000533,,12,EA,12,6.97,6.97,USD,False,FULL,12
DOC-00132,NB-181383,8,ORDER,Lune Rouge Lip Gloss Mirror Pink Pearl,MS7040117,MS7040117,,12,EA,12,9.13,9.13,USD,False,FULL,12
DOC-00132,NB-181383,9,ORDER,Mistral Hair Bond Rebuild Mask 200 ml,MS6020068,MS6020068,,12,EA,12,44.27,44.27,USD,False,BACKORDER,0
DOC-00132,NB-181383,10,ORDER,Mistral Hair Curl Define Cream 150 ml,MS6040043,MS6040043,,24,EA,24,25.82,25.82,USD,False,FULL,24
DOC-00132,NB-181383,11,ORDER,Mistral Hair Scalp Balance Serum 50 ml,MS6060099,MS6060099,,24,EA,24,20.68,20.68,USD,False,FULL,24
DOC-00132,NB-181383,12,ORDER,Thornfield Grooming Charcoal Face Wash 150 ml,MS5010155,MS5010155,,48,EA,48,24.46,24.46,USD,False,FULL,48
DOC-00133,NB-442633,1,ORDER,Ember & Oak Linen Breeze Reed Diffuser 200 ml,MS8020058,MS8020058,,12,EA,12,72.69,72.69,USD,False,FULL,12
DOC-00133,NB-442633,2,ORDER,Ember & Oak Wild Mint Candle 400 g,MS8040171,MS8040171,,8,EA,8,69.15,69.15,USD,False,FULL,8
DOC-00133,NB-442633,3,ORDER,Kōri Botanicals Hinoki Calming Toner 200 ml,MS2040162,MS2040162,,12,EA,12,33.59,33.59,USD,False,BACKORDER,0
DOC-00133,NB-442633,4,ORDER,Lune Rouge Precision Liquid Eyeliner Brown,MS7010115,MS7010115,,48,EA,48,10.84,10.84,USD,False,FULL,48
DOC-00133,NB-442633,5,ORDER,Thornfield Grooming Daily Moisturiser SPF 20 75 ml,MS5020046,MS5020046,,12,EA,12,23.41,23.41,USD,False,FULL,12
DOC-00134,NB-367037,1,ORDER,Ember & Oak Amber Woods Candle 400 g,MS8010127,MS8010127,,4,EA,4,69.74,69.74,USD,False,FULL,4
DOC-00134,NB-367037,2,ORDER,Ember & Oak Black Tea Room Spray 100 ml,MS8030088,MS8030088,,8,EA,8,28.96,28.96,USD,False,FULL,8
DOC-00134,NB-367037,3,ORDER,Ember & Oak Fig & Cedar Candle 190 g,MS8000022,MS8000022,,4,EA,4,52.2,52.2,USD,False,FULL,4
DOC-00134,NB-367037,4,ORDER,Ember & Oak Linen Breeze Reed Diffuser 200 ml,MS8020058,MS8020058,,4,EA,4,72.69,72.69,USD,False,FULL,4
DOC-00134,NB-367037,5,ORDER,Kōri Botanicals Hinoki Calming Toner 100 ml,MS2040026,MS2040026,,24,EA,24,20.63,20.63,USD,False,FULL,24
DOC-00134,NB-367037,6,ORDER,Kōri Botanicals Sakura Dew Sleeping Mask 50 ml,MS2050041,MS2050041,,12,EA,12,19.78,19.78,USD,False,PARTIAL,1
DOC-00134,NB-367037,7,ORDER,Lune Rouge Glow Highlighter Champagne,MS7030190,MS7030190,,24,EA,24,13.4,13.4,USD,False,FULL,24
DOC-00134,NB-367037,8,ORDER,Lune Rouge Glow Highlighter Moonstone,MS7030029,MS7030029,,24,EA,24,12.14,12.14,USD,False,FULL,24
DOC-00134,NB-367037,9,ORDER,Lune Rouge Glow Highlighter Rose Gold,MS7030219,MS7030219,,24,EA,24,12.63,12.63,USD,False,FULL,24
DOC-00134,NB-367037,10,ORDER,Lune Rouge Lip Gloss Mirror Bronze,MS7040288,MS7040288,,48,EA,48,9.19,9.19,USD,False,FULL,48
DOC-00134,NB-367037,11,ORDER,Mistral Hair Curl Define Cream 150 ml,MS6040043,MS6040043,,12,EA,12,25.82,25.82,USD,False,FULL,12
DOC-00134,NB-367037,12,ORDER,Mistral Hair Hydra Repair Conditioner 250 ml,MS6010029,MS6010029,,12,EA,12,31.76,31.76,USD,False,FULL,12
DOC-00134,NB-367037,13,ORDER,Thornfield Grooming Cedar Shave Cream 75 ml,MS5000033,MS5000033,,12,EA,12,16.57,16.57,USD,False,FULL,12
DOC-00135,HV-706336,1,ORDER,Kōri Botanicals Sakura Dew Sleeping Mask 100 ml,657772,MS2050139,,6,EA,6,20.79,20.79,GBP,False,FULL,6
DOC-00135,HV-706336,2,ORDER,Kōri Botanicals Yuzu Brightening Essence 100 ml,501058,MS2000175,,36,EA,36,25.18,25.18,GBP,False,FULL,36
DOC-00135,HV-706336,3,ORDER,Mistral Hair Scalp Balance Serum 50 ml,147936,MS6060099,,24,EA,24,14.77,14.77,GBP,False,FULL,24
DOC-00135,HV-706336,4,ORDER,Solenne Paris Sérum Absolu Regenerating Serum 30 ml,638179,MS1000137,,12,EA,12,35.86,35.86,GBP,False,FULL,12
DOC-00135,HV-706336,5,ORDER,Mistral Hair Hydra Repair Shampoo 1 L Salon,350956,MS6000124,,2,CS,12,26.39,26.39,GBP,False,FULL,12
DOC-00135,HV-706336,6,ORDER,Velour Cosmetics Satin Lip Colour 05 Rose Thé,348411,MS4000238,,48,EA,48,10.09,10.09,GBP,False,FULL,48
DOC-00135,HV-706336,7,ORDER,Atelier Noor Cuir Fumé Extrait de Parfum 50 ml,891030,MS3050040,,36,EA,36,88.44,88.44,GBP,False,FULL,36
DOC-00135,HV-706336,8,ORDER,Velour Cosmetics Satin Lip Colour 12 Rouge Velours,646571,MS4000478,,24,EA,24,10.12,10.12,GBP,False,FULL,24
DOC-00135,HV-706336,9,ORDER,Velour Cosmetics Brow Sculpt Pencil Blonde,969695,MS4030052,,4,CS,48,8.5,8.5,GBP,False,PARTIAL,4
DOC-00135,HV-706336,10,ORDER,Atelier Noor Néroli Soleil Eau de Toilette 50 ml,135207,MS3030052,,6,EA,6,42.54,42.54,GBP,False,FULL,6
DOC-00135,HV-706336,11,ORDER,Kōri Botanicals Yuzu Brightening Essence 200 ml,495833,MS2000215,,6,EA,6,40.22,40.22,GBP,False,FULL,6
DOC-00135,HV-706336,12,ORDER,Velour Cosmetics Velvet Matte Foundation 30 ml 1W Ivory,803953,MS4010167,,2,CS,24,14.29,14.29,GBP,False,FULL,24
DOC-00135,HV-706336,13,ORDER,Thornfield Grooming Post-Shave Balm 75 ml,223014,MS5040079,,3,CS,36,13.86,13.86,GBP,False,BACKORDER,0
DOC-00135,HV-706336,14,ORDER,Velour Cosmetics Satin Lip Colour 18 Berry Noir,683761,MS4000699,,1,CS,12,10.48,10.48,GBP,False,FULL,12
DOC-00135,HV-706336,15,ORDER,Thornfield Grooming Daily Moisturiser SPF 20 75 ml,116078,MS5020046,,10,CS,120,17.31,17.31,GBP,False,FULL,120
DOC-00135,HV-706336,16,ORDER,Kōri Botanicals Rice Enzyme Polish 100 ml,333507,MS2030164,,1,CS,6,16.98,16.98,GBP,False,FULL,6
DOC-00135,HV-706336,17,ORDER,Velour Cosmetics Soft Focus Blush Mauve,571635,MS4020252,,24,EA,24,11.66,11.66,GBP,False,FULL,24
DOC-00135,HV-706336,18,ORDER,Ember & Oak Linen Breeze Reed Diffuser 200 ml,799143,MS8020058,,4,EA,4,52.62,52.62,GBP,False,FULL,4
DOC-00135,HV-706336,19,ORDER,Lune Rouge Lacquer Nail Colour 145 Bordeaux,961501,MS7000986,,36,EA,36,4.95,4.95,GBP,False,FULL,36
DOC-00135,HV-706336,20,ORDER,Thornfield Grooming Beard Oil 30 ml,299254,MS5030066,,48,EA,48,8.03,8.03,GBP,False,FULL,48
DOC-00135,HV-706336,21,ORDER,Velour Cosmetics Velvet Matte Foundation 30 ml 7N Ebony,240606,MS4011124,,6,CS,72,15.6,15.6,GBP,False,FULL,72
DOC-00135,HV-706336,22,ORDER,Kōri Botanicals Camellia Barrier Cream 100 ml,663356,MS2020129,,6,EA,6,25.05,25.05,GBP,False,FULL,6
DOC-00135,HV-706336,23,ORDER,Ember & Oak Amber Woods Candle 190 g,630299,MS8010095,,2,CS,8,36.87,36.87,GBP,False,FULL,8
DOC-00135,HV-706336,24,ORDER,Kōri Botanicals Hinoki Calming Toner 100 ml,892911,MS2040026,,48,EA,48,14.75,14.75,GBP,False,FULL,48
DOC-00135,HV-706336,25,ORDER,Kōri Botanicals Camellia Barrier Cream 50 ml,464663,MS2020048,,48,EA,48,17.0,17.0,GBP,False,FULL,48
DOC-00135,HV-706336,26,ORDER,Ember & Oak Fig & Cedar Candle 190 g,342675,MS8000022,,8,CS,32,37.97,37.97,GBP,False,FULL,32
DOC-00135,HV-706336,27,ORDER,Velour Cosmetics Velvet Matte Foundation 30 ml 1N Porcelain,461145,MS4010022,,48,EA,48,15.59,15.59,GBP,False,FULL,48
DOC-00135,HV-706336,28,ORDER,Velour Cosmetics Satin Lip Colour 22 Corail,870925,MS4000716,,12,EA,12,10.07,10.07,GBP,False,FULL,12
DOC-00135,HV-706336,29,ORDER,Mistral Hair Colour Guard Shampoo 250 ml,435788,MS6050064,,120,EA,120,25.06,25.06,GBP,False,FULL,120
DOC-00135,HV-706336,30,ORDER,Ember & Oak Wild Mint Candle 400 g,678440,MS8040171,,4,CS,16,49.83,49.83,GBP,False,FULL,16
DOC-00135,HV-706336,31,ORDER,Mistral Hair Hydra Repair Conditioner 1 L Salon,588899,MS6010140,,3,CS,18,24.54,24.54,GBP,False,FULL,18
DOC-00135,HV-706336,32,ORDER,Lune Rouge Glow Highlighter Champagne,161585,MS7030190,,1,CS,12,9.54,9.54,GBP,False,FULL,12
DOC-00135,HV-706336,33,ORDER,Solenne Paris Masque Éclat Radiance Mask 50 ml,595002,MS1060019,,60,EA,60,30.79,30.79,GBP,False,PARTIAL,6
DOC-00135,HV-706336,34,ORDER,Solenne Paris Huile Précieuse Face Oil 30 ml,172371,MS1050061,,2,CS,12,30.8,30.8,GBP,False,FULL,12
DOC-00135,HV-706336,35,ORDER,Atelier Noor Musc Blanc Eau de Parfum 30 ml,151040,MS3040044,,12,EA,12,38.79,38.79,GBP,False,FULL,12
DOC-00135,HV-706336,36,ORDER,Atelier Noor Oud Saffron Eau de Parfum 100 ml,297636,MS3000278,,2,CS,12,96.68,96.68,GBP,False,FULL,12
DOC-00135,HV-706336,37,ORDER,Solenne Paris Contour des Yeux Eye Cream 15 ml,163182,MS1040049,,4,CS,24,18.3,18.3,GBP,False,FULL,24
DOC-00135,HV-706336,38,ORDER,Solenne Paris Baume Nuit Night Balm 50 ml,706403,MS1020161,,36,EA,36,46.14,46.14,GBP,False,FULL,36
DOC-00135,HV-706336,39,ORDER,Velour Cosmetics Velvet Matte Foundation 30 ml 2N Linen,649939,MS4010290,,1,CS,12,15.72,15.72,GBP,False,FULL,12
DOC-00135,HV-706336,40,ORDER,Atelier Noor Cuir Fumé Extrait de Parfum 100 ml,159185,MS3050124,,10,CS,60,135.9,135.9,GBP,False,FULL,60
DOC-00135,HV-706336,41,ORDER,Atelier Noor Oud Saffron Eau de Parfum 30 ml,340820,MS3000078,,120,EA,120,48.01,48.01,GBP,False,BACKORDER,0
DOC-00135,HV-706336,42,ORDER,Thornfield Grooming Cedar Shave Cream 75 ml,898696,MS5000033,,2,CS,24,13.43,12.21,GBP,False,PARTIAL,1
DOC-00135,HV-706336,43,ORDER,Velour Cosmetics Velvet Matte Foundation 30 ml 5N Amber,251363,MS4010861,,96,EA,96,14.38,14.38,GBP,False,FULL,96
DOC-00135,HV-706336,44,ORDER,Velour Cosmetics Velvet Matte Foundation 30 ml 3C Beige,414455,MS4010466,,3,CS,36,14.96,14.96,GBP,False,FULL,36
DOC-00135,HV-706336,45,ORDER,Mistral Hair Bond Rebuild Mask 200 ml,476710,MS6020068,,48,EA,48,32.54,32.54,GBP,False,FULL,48
DOC-00135,HV-706336,46,ORDER,Atelier Noor Vétiver Nocturne Eau de Toilette 50 ml,116405,MS3020038,,2,CS,12,47.26,47.26,GBP,False,FULL,12
DOC-00135,HV-706336,47,ORDER,Solenne Paris Masque Éclat Radiance Mask 75 ml,528728,MS1060170,,2,CS,12,38.13,38.13,GBP,False,FULL,12
DOC-00135,HV-706336,48,ORDER,Atelier Noor Rose Ambrée Eau de Parfum 100 ml,539605,MS3010240,,4,CS,24,95.87,95.87,GBP,False,FULL,24
DOC-00135,HV-706336,49,ORDER,Kōri Botanicals Rice Enzyme Polish 50 ml,233533,MS2030016,,1,CS,6,11.91,11.91,GBP,False,FULL,6
DOC-00135,HV-706336,50,ORDER,Velour Cosmetics Satin Lip Colour 30 Fuchsia,682851,MS4000958,,48,EA,48,11.56,10.51,GBP,False,FULL,48
DOC-00135,HV-706336,51,ORDER,Lune Rouge Lip Gloss Mirror Pink Pearl,901467,MS7040117,,6,CS,72,6.79,6.79,GBP,False,FULL,72
DOC-00135,HV-706336,52,ORDER,Ember & Oak Wild Mint Candle 190 g,116495,MS8040069,,4,CS,16,40.61,40.61,GBP,False,FULL,16
DOC-00135,HV-706336,53,ORDER,Ember & Oak Black Tea Room Spray 100 ml,606676,MS8030088,,24,EA,24,21.17,21.17,GBP,False,FULL,24
DOC-00135,HV-706336,54,ORDER,Solenne Paris Crème Lumière Day Cream 15 ml,584838,MS1010090,,2,CS,12,21.24,21.24,GBP,False,FULL,12
DOC-00135,HV-706336,55,ORDER,Lune Rouge Lacquer Nail Colour 130 Coral Reef,357666,MS7000653,,3,CS,36,4.92,4.92,GBP,False,FULL,36
DOC-00135,HV-706336,56,ORDER,Atelier Noor Rose Ambrée Eau de Parfum 30 ml,860242,MS3010048,,2,CS,24,45.53,45.53,GBP,False,FULL,24
DOC-00135,HV-706336,57,ORDER,Crema Mani Rosa,889114,UNRESOLVABLE,,6,EA,6,18.98,,GBP,False,N/A,
DOC-00135,HV-706336,58,ORDER,Solenne Paris Lotion Essentielle Toner 150 ml,242007,MS1070033,,2,CS,12,37.38,37.38,GBP,False,FULL,12
DOC-00135,HV-706336,59,ORDER,Atelier Noor Vétiver Nocturne Eau de Toilette 100 ml,170559,MS3020181,,1,CS,6,64.11,72.85,GBP,False,FULL,6
DOC-00135,HV-706336,60,ORDER,Lune Rouge Lacquer Nail Colour 123 Mint Chip,498290,MS7000533,,12,EA,12,4.92,4.92,GBP,False,FULL,12
DOC-00135,HV-706336,61,ORDER,Thornfield Grooming Post-Shave Balm 150 ml,890973,MS5040119,,2,CS,24,22.15,22.15,GBP,False,FULL,24
DOC-00135,HV-706336,62,ORDER,Velour Cosmetics Velvet Matte Foundation 30 ml 6N Espresso,536740,MS4011090,,24,EA,24,14.19,14.19,GBP,False,FULL,24
DOC-00135,HV-706336,63,ORDER,Solenne Paris Eau Micellaire Cleansing Water 200 ml,544278,MS1030011,,12,EA,12,35.98,35.98,GBP,False,FULL,12
DOC-00135,HV-706336,64,ORDER,Kōri Botanicals Hinoki Calming Toner 200 ml,412856,MS2040162,,60,EA,60,23.8,23.8,GBP,False,FULL,60
DOC-00135,HV-706336,65,ORDER,Mistral Hair Bond Rebuild Mask 500 ml Salon,477114,MS6020180,,4,CS,24,43.46,37.79,GBP,False,FULL,24
DOC-00135,HV-706336,66,ORDER,Kōri Botanicals Green Tea Gel Cleanser 100 ml,815894,MS2010060,,4,CS,24,12.74,12.74,GBP,False,FULL,24
DOC-00135,HV-706336,67,ORDER,Atelier Noor Iris Poudré Eau de Parfum 100 ml,867051,MS3060165,,1,CS,6,86.71,86.71,GBP,False,FULL,6
DOC-00135,HV-706336,68,ORDER,Velour Cosmetics Satin Lip Colour 01 Nude Silk,705526,MS4000051,,4,CS,48,9.98,9.98,GBP,False,FULL,48
DOC-00135,HV-706336,69,ORDER,Velour Cosmetics Velvet Matte Foundation 30 ml 4W Caramel,415344,MS4010798,,1,CS,12,14.45,14.45,GBP,False,FULL,12
DOC-00135,HV-706336,70,ORDER,Atelier Noor Iris Poudré Eau de Parfum 50 ml,403314,MS3060057,,12,EA,12,55.63,55.63,GBP,False,FULL,12
DOC-00135,HV-706336,71,ORDER,Thornfield Grooming Charcoal Face Wash 75 ml,602681,MS5010085,,72,EA,72,12.46,12.46,GBP,False,FULL,72
DOC-00135,HV-706336,72,ORDER,Mistral Hair Hydra Repair Conditioner 250 ml,913185,MS6010029,,96,EA,96,22.41,22.41,GBP,False,FULL,96
DOC-00135,HV-706336,73,ORDER,Atelier Noor Néroli Soleil Eau de Toilette 100 ml,804667,MS3030152,,8,CS,48,66.18,66.18,GBP,False,FULL,48
DOC-00135,HV-706336,74,ORDER,Kōri Botanicals Green Tea Gel Cleanser 200 ml,665497,MS2010137,,4,CS,24,19.01,19.01,GBP,False,FULL,24
DOC-00135,HV-706336,75,ORDER,Lune Rouge Lacquer Nail Colour 101 Opera,332022,MS7000022,,72,EA,72,5.06,5.06,GBP,False,PARTIAL,15
DOC-00135,HV-706336,76,ORDER,Lune Rouge Lip Gloss Mirror Bronze,244170,MS7040288,,2,CS,24,6.65,6.65,GBP,False,FULL,24
DOC-00135,HV-706336,77,ORDER,Lune Rouge Lacquer Nail Colour 135 Lilac,786406,MS7000716,,1,CS,12,5.13,5.13,GBP,False,FULL,12
DOC-00135,HV-706336,78,ORDER,Thornfield Grooming Sport Deodorant Stick 75 g,354377,MS5050057,,6,CS,72,9.21,9.21,GBP,False,FULL,72
DOC-00135,HV-706336,79,ORDER,Lune Rouge Lip Gloss Mirror Clear,957730,MS7040059,,1,CS,12,6.72,6.72,GBP,False,FULL,12
DOC-00135,HV-706336,80,ORDER,Ember & Oak Fig & Cedar Candle 400 g,258366,MS8000149,,12,EA,12,54.05,54.05,GBP,False,BACKORDER,0
DOC-00135,HV-706336,81,ORDER,Atelier Noor Oud Saffron Eau de Parfum 50 ml,462974,MS3000150,,1,CS,6,66.7,66.7,GBP,False,FULL,6
DOC-00135,HV-706336,82,ORDER,Kōri Botanicals Yuzu Brightening Essence 50 ml,540781,MS2000084,,1,CS,6,18.17,18.17,GBP,False,FULL,6
DOC-00135,HV-706336,83,ORDER,Solenne Paris Lotion Essentielle Toner 250 ml,864715,MS1070140,,3,CS,18,56.26,56.26,GBP,False,FULL,18
DOC-00135,HV-706336,84,ORDER,Lune Rouge Lash Lift Mascara Brown Black,673095,MS7020177,,6,CS,72,8.47,8.47,GBP,False,FULL,72
DOC-00135,HV-706336,85,ORDER,Velour Cosmetics Brow Sculpt Pencil Soft Black,176319,MS4030315,,8,CS,96,8.32,8.32,GBP,False,FULL,96
DOC-00135,HV-706336,86,ORDER,Velour Cosmetics Satin Lip Colour 03 Petal,805200,MS4000134,,4,CS,48,9.97,9.97,GBP,False,FULL,48
DOC-00135,HV-706336,87,ORDER,Velour Cosmetics Velvet Matte Foundation 30 ml 3W Golden,891062,MS4010583,,10,CS,120,15.9,15.9,GBP,False,FULL,120
DOC-00135,HV-706336,88,ORDER,Lune Rouge Lacquer Nail Colour 120 Midnight,305721,MS7000489,,10,CS,120,5.1,5.1,GBP,False,FULL,120
DOC-00135,HV-706336,89,ORDER,Lune Rouge Glow Highlighter Rose Gold,979827,MS7030219,,4,CS,48,9.09,9.09,GBP,False,FULL,48
DOC-00135,HV-706336,90,ORDER,Lune Rouge Precision Liquid Eyeliner Navy,868367,MS7010261,,96,EA,96,7.3,7.3,GBP,False,FULL,96
DOC-00135,HV-706336,91,ORDER,Argan Miracle Oil,916833,UNRESOLVABLE,,6,EA,6,10.08,,GBP,False,N/A,
DOC-00135,HV-706336,92,ORDER,Lune Rouge Precision Liquid Eyeliner Black,858705,MS7010065,,2,CS,24,7.29,7.29,GBP,False,FULL,24
DOC-00135,HV-706336,93,ORDER,Velour Cosmetics Satin Lip Colour 15 Cerise,415098,MS4000547,,10,CS,120,10.61,10.61,GBP,False,FULL,120
DOC-00135,HV-706336,94,ORDER,Lune Rouge Lacquer Nail Colour 104 Cherry Gloss,117007,MS7000122,,72,EA,72,4.76,4.76,GBP,False,BACKORDER,0
DOC-00135,HV-706336,95,ORDER,Mistral Hair Hydra Repair Shampoo 250 ml,837954,MS6000088,,3,CS,36,21.6,21.6,GBP,False,FULL,36
DOC-00135,HV-706336,96,ORDER,Mistral Hair Sea Salt Texture Spray 150 ml,621433,MS6030079,,3,CS,36,18.83,18.83,GBP,False,FULL,36
DOC-00135,HV-706336,97,ORDER,Atelier Noor Musc Blanc Eau de Parfum 50 ml,146385,MS3040160,,10,CS,60,53.02,53.02,GBP,False,FULL,60
DOC-00135,HV-706336,98,ORDER,Velour Cosmetics Brow Sculpt Pencil Brunette,734356,MS4030218,,24,EA,24,7.6,7.6,GBP,False,FULL,24
DOC-00135,HV-706336,99,ORDER,Velour Cosmetics Satin Lip Colour 25 Prune,756401,MS4000882,,4,CS,48,9.99,9.99,GBP,False,FULL,48
DOC-00135,HV-706336,100,ORDER,Velour Cosmetics Brow Sculpt Pencil Taupe,381502,MS4030143,,8,CS,96,8.19,8.19,GBP,False,FULL,96
DOC-00135,HV-706336,101,ORDER,Solenne Paris Crème Lumière Day Cream 50 ml,515182,MS1010278,,2,CS,12,43.1,43.1,GBP,False,FULL,12
DOC-00135,HV-706336,102,ORDER,Velour Cosmetics Velvet Matte Foundation 30 ml 5W Toffee,160423,MS4010990,,96,EA,96,15.21,15.21,GBP,False,FULL,96
DOC-00135,HV-706336,103,ORDER,Solenne Paris Eau Micellaire Cleansing Water 400 ml,166857,MS1030143,,12,EA,12,47.3,47.3,GBP,False,FULL,12
DOC-00135,HV-706336,104,ORDER,Velour Cosmetics Soft Focus Blush Rosewood,778120,MS4020174,,96,EA,96,11.92,11.92,GBP,False,FULL,96
DOC-00135,HV-706336,105,ORDER,Mistral Hair Curl Define Cream 150 ml,941814,MS6040043,,10,CS,120,18.41,18.41,GBP,False,PARTIAL,5
DOC-00135,HV-706336,106,ORDER,Thornfield Grooming Cedar Shave Cream 150 ml,804066,MS5000191,,12,EA,12,17.92,17.92,GBP,False,FULL,12
DOC-00135,HV-706336,107,ORDER,Solenne Paris Sérum Absolu Regenerating Serum 15 ml,158338,MS1000013,,1,CS,6,25.66,25.66,GBP,False,FULL,6
DOC-00135,HV-706336,108,ORDER,Atelier Noor Musc Blanc Eau de Parfum 100 ml,345722,MS3040237,,2,CS,12,80.47,80.47,GBP,False,FULL,12
DOC-00135,HV-706336,109,ORDER,Solenne Paris Crème Lumière Day Cream 30 ml,423139,MS1010158,,1,CS,6,32.33,32.33,GBP,False,FULL,6
DOC-00135,HV-706336,110,ORDER,Lune Rouge Lacquer Nail Colour 115 Sable,537862,MS7000371,,24,EA,24,4.76,4.76,GBP,False,FULL,24
DOC-00135,HV-706336,111,ORDER,Atelier Noor Rose Ambrée Eau de Parfum 50 ml,133782,MS3010166,,1,CS,6,60.13,60.13,GBP,False,FULL,6
DOC-00135,HV-706336,112,ORDER,Ember & Oak Amber Woods Candle 400 g,163386,MS8010127,,16,EA,16,50.21,50.21,GBP,False,FULL,16
DOC-00135,HV-706336,113,ORDER,Lune Rouge Precision Liquid Eyeliner Brown,614426,MS7010115,,96,EA,96,7.87,7.87,GBP,False,FULL,96
DOC-00135,HV-706336,114,ORDER,Velour Cosmetics Velvet Matte Foundation 30 ml 4N Honey,352673,MS4010684,,96,EA,96,14.6,14.6,GBP,False,FULL,96
DOC-00135,HV-706336,115,CANCEL,Velour Cosmetics Satin Lip Colour 08 Terracotta,250219,MS4000380,,10,CS,0,11.04,11.04,GBP,False,N/A,
DOC-00135,HV-706336,116,ORDER,Lune Rouge Glow Highlighter Moonstone,668471,MS7030029,,48,EA,48,9.07,9.07,GBP,False,BACKORDER,0
DOC-00135,HV-706336,117,ORDER,Lune Rouge Lacquer Nail Colour 140 Gunmetal,453961,MS7000824,,3,CS,36,5.15,5.15,GBP,False,FULL,36
DOC-00135,HV-706336,118,ORDER,Solenne Paris Baume Nuit Night Balm 30 ml,103161,MS1020092,,18,EA,18,33.4,33.4,GBP,False,FULL,18
DOC-00135,HV-706336,119,ORDER,Thornfield Grooming Charcoal Face Wash 150 ml,449138,MS5010155,,72,EA,72,18.16,18.16,GBP,False,BACKORDER,0
DOC-00135,HV-706336,120,ORDER,Velour Cosmetics Soft Focus Blush Peach,367382,MS4020080,,2,CS,24,11.35,11.35,GBP,False,BACKORDER,0
DOC-00135,HV-706336,121,ORDER,Lune Rouge Lacquer Nail Colour 110 Ballet,712401,MS7000295,,1,CS,12,4.86,4.86,GBP,False,FULL,12
DOC-00135,HV-706336,122,ORDER,Lune Rouge Lash Lift Mascara Black,277487,MS7020061,,24,EA,24,8.32,8.32,GBP,False,FULL,24
DOC-00135,HV-706336,123,ORDER,Solenne Paris Sérum Absolu Regenerating Serum 50 ml,691303,MS1000210,,36,EA,36,50.84,50.84,GBP,False,FULL,36
DOC-00135,HV-706336,124,ORDER,Mistral Hair Colour Guard Shampoo 1 L Salon,488712,MS6050191,,60,EA,60,27.09,27.09,GBP,False,FULL,60
DOC-00135,HV-706336,125,ORDER,Glitter Fantasy Palette,340099,UNRESOLVABLE,,6,EA,6,67.35,,GBP,False,N/A,
DOC-00135,HV-706336,126,ORDER,Kōri Botanicals Sakura Dew Sleeping Mask 50 ml,854024,MS2050041,,2,CS,12,14.37,14.37,GBP,False,FULL,12
DOC-00136,HV-178493,1,ORDER,Lune Rouge Lacquer Nail Colour 135 Lilac,786406,MS7000716,,96,EA,96,5.13,5.13,GBP,False,FULL,96
DOC-00136,HV-178493,2,ORDER,Mistral Hair Curl Define Cream 500 ml Salon,592296,MS6040167,,2,CS,12,30.77,30.77,GBP,False,FULL,12
DOC-00136,HV-178493,3,ORDER,Ember & Oak Wild Mint Candle 190 g,116495,MS8040069,,12,EA,12,40.61,40.61,GBP,False,FULL,12
DOC-00136,HV-178493,4,ORDER,Ember & Oak Amber Woods Candle 400 g,163386,MS8010127,,24,EA,24,50.21,50.21,GBP,False,FULL,24
DOC-00136,HV-178493,5,ORDER,Atelier Noor Néroli Soleil Eau de Toilette 50 ml,135207,MS3030052,,6,CS,36,42.54,42.54,GBP,False,FULL,36
DOC-00136,HV-178493,6,ORDER,Ember & Oak Black Tea Room Spray 100 ml,606676,MS8030088,,8,CS,32,21.17,21.17,GBP,False,FULL,32
DOC-00136,HV-178493,7,ORDER,Kōri Botanicals Yuzu Brightening Essence 200 ml,495833,MS2000215,,60,EA,60,40.22,40.22,GBP,False,FULL,60
DOC-00136,HV-178493,8,ORDER,Thornfield Grooming Post-Shave Balm 75 ml,223014,MS5040079,,24,EA,24,13.86,13.86,GBP,False,BACKORDER,0
DOC-00136,HV-178493,9,ORDER,Thornfield Grooming Charcoal Face Wash 75 ml,602681,MS5010085,,10,CS,120,12.46,12.46,GBP,False,FULL,120
DOC-00136,HV-178493,10,CANCEL,Kōri Botanicals Camellia Barrier Cream 100 ml,663356,MS2020129,,8,CS,0,25.05,25.05,GBP,False,N/A,
DOC-00136,HV-178493,11,ORDER,Solenne Paris Masque Éclat Radiance Mask 50 ml,595002,MS1060019,,12,EA,12,30.79,0.0,GBP,True,PARTIAL,6
DOC-00136,HV-178493,12,ORDER,Solenne Paris Crème Lumière Day Cream 30 ml,423139,MS1010158,,6,EA,6,32.33,32.33,GBP,False,FULL,6
DOC-00136,HV-178493,13,ORDER,Ember & Oak Wild Mint Candle 400 g,678440,MS8040171,,8,CS,32,49.83,49.83,GBP,False,FULL,32
DOC-00136,HV-178493,14,ORDER,Mini Lip Trio Gift,279582,UNRESOLVABLE,,6,EA,6,43.73,,GBP,False,N/A,
DOC-00136,HV-178493,15,ORDER,Velour Cosmetics Velvet Matte Foundation 30 ml 4W Caramel,415344,MS4010798,,3,CS,36,14.45,14.45,GBP,False,FULL,36
DOC-00136,HV-178493,16,ORDER,Kōri Botanicals Yuzu Brightening Essence 100 ml,501058,MS2000175,,18,EA,18,25.18,25.18,GBP,False,FULL,18
DOC-00136,HV-178493,17,ORDER,Advent Calendar 2026,111144,UNRESOLVABLE,,6,EA,6,45.6,,GBP,False,N/A,
DOC-00136,HV-178493,18,CHANGE,Atelier Noor Rose Ambrée Eau de Parfum 100 ml,539605,MS3010240,,6,EA,18,95.87,95.87,GBP,False,FULL,18
DOC-00136,HV-178493,19,ORDER,Velour Cosmetics Soft Focus Blush Rosewood,778120,MS4020174,,4,CS,48,11.92,11.92,GBP,False,FULL,48
DOC-00136,HV-178493,20,ORDER,Lune Rouge Lacquer Nail Colour 104 Cherry Gloss,117007,MS7000122,,120,EA,120,4.76,4.76,GBP,False,BACKORDER,0
DOC-00136,HV-178493,21,ORDER,Lune Rouge Lash Lift Mascara Black,277487,MS7020061,,36,EA,36,8.32,8.32,GBP,False,FULL,36
DOC-00136,HV-178493,22,ORDER,Solenne Paris Contour des Yeux Eye Cream 15 ml,163182,MS1040049,,12,EA,12,18.3,18.3,GBP,False,FULL,12
DOC-00136,HV-178493,23,ORDER,Velvet Body Mist,856755,UNRESOLVABLE,,6,EA,6,15.47,,GBP,False,N/A,
DOC-00136,HV-178493,24,ORDER,Atelier Noor Cuir Fumé Extrait de Parfum 100 ml,159185,MS3050124,,36,EA,36,135.9,135.9,GBP,False,FULL,36
DOC-00136,HV-178493,25,ORDER,Advent Calendar 2026,818326,UNRESOLVABLE,,6,EA,6,36.79,,GBP,False,N/A,
DOC-00136,HV-178493,26,ORDER,Velour Cosmetics Velvet Matte Foundation 30 ml 3W Golden,891062,MS4010583,,96,EA,96,15.9,15.9,GBP,False,FULL,96
DOC-00137,HV-831522,1,CANCEL,Mistral Hair Scalp Balance Serum 50 ml,147936,MS6060099,,8,CS,0,14.77,14.77,GBP,False,N/A,
DOC-00137,HV-831522,2,ORDER,Atelier Noor Musc Blanc Eau de Parfum 100 ml,345722,MS3040237,,48,EA,48,80.47,80.47,GBP,False,FULL,48
DOC-00137,HV-831522,3,ORDER,Ember & Oak Fig & Cedar Candle 400 g,258366,MS8000149,,32,EA,32,54.05,54.05,GBP,False,BACKORDER,0
DOC-00137,HV-831522,4,CHANGE,Atelier Noor Oud Saffron Eau de Parfum 50 ml,462974,MS3000150,,12,EA,24,66.7,66.7,GBP,False,FULL,24
DOC-00137,HV-831522,5,ORDER,Ember & Oak Amber Woods Candle 400 g,163386,MS8010127,,4,EA,4,50.21,50.21,GBP,False,FULL,4
DOC-00137,HV-831522,6,ORDER,Solenne Paris Crème Lumière Day Cream 30 ml,423139,MS1010158,,6,EA,6,32.33,32.33,GBP,False,FULL,6
DOC-00137,HV-831522,7,ORDER,Solenne Paris Sérum Absolu Regenerating Serum 30 ml,638179,MS1000137,,6,EA,6,35.86,35.86,GBP,False,FULL,6
DOC-00138,HV-510346,1,ORDER,Lune Rouge Lip Gloss Mirror Bronze,244170,MS7040288,,12,EA,12,6.65,6.65,GBP,False,FULL,12
DOC-00138,HV-510346,2,ORDER,Atelier Noor Cuir Fumé Extrait de Parfum 50 ml,891030,MS3050040,,24,EA,24,88.44,88.44,GBP,False,FULL,24
DOC-00138,HV-510346,3,ORDER,Solenne Paris Baume Nuit Night Balm 30 ml,103161,MS1020092,,8,CS,48,33.4,0.0,GBP,True,FULL,48
DOC-00138,HV-510346,4,CHANGE,Velour Cosmetics Satin Lip Colour 22 Corail,870925,MS4000716,,96,EA,120,10.07,10.07,GBP,False,FULL,120
DOC-00138,HV-510346,5,ORDER,Velour Cosmetics Satin Lip Colour 12 Rouge Velours,646571,MS4000478,,36,EA,36,10.12,10.12,GBP,False,FULL,36
DOC-00138,HV-510346,6,ORDER,Thornfield Grooming Daily Moisturiser SPF 20 75 ml,116078,MS5020046,,1,CS,12,17.31,17.31,GBP,False,FULL,12
DOC-00138,HV-510346,7,ORDER,Velour Cosmetics Satin Lip Colour 03 Petal,805200,MS4000134,,6,CS,72,9.97,9.97,GBP,False,FULL,72
DOC-00138,HV-510346,8,ORDER,Holiday Vault Set Exclusive,230809,UNRESOLVABLE,,6,EA,6,15.27,,GBP,False,N/A,
DOC-00138,HV-510346,9,ORDER,Velour Cosmetics Satin Lip Colour 05 Rose Thé,348411,MS4000238,,96,EA,96,10.09,10.09,GBP,False,FULL,96
DOC-00138,HV-510346,10,ORDER,Velour Cosmetics Satin Lip Colour 30 Fuchsia,682851,MS4000958,,24,EA,24,10.51,10.51,GBP,False,FULL,24
DOC-00138,HV-510346,11,ORDER,Lune Rouge Precision Liquid Eyeliner Black,858705,MS7010065,,1,CS,12,7.29,7.29,GBP,False,FULL,12
DOC-00138,HV-510346,12,CANCEL,Solenne Paris Baume Nuit Night Balm 50 ml,706403,MS1020161,,6,CS,0,46.14,46.14,GBP,False,N/A,
DOC-00139,HV-818150,1,CANCEL,Kōri Botanicals Rice Enzyme Polish 100 ml,333507,MS2030164,,60,EA,0,16.98,16.98,GBP,False,N/A,
DOC-00139,HV-818150,2,ORDER,Velour Cosmetics Velvet Matte Foundation 30 ml 3C Beige,414455,MS4010466,,4,CS,48,14.96,14.96,GBP,False,FULL,48
DOC-00139,HV-818150,3,ORDER,Velour Cosmetics Satin Lip Colour 25 Prune,756401,MS4000882,,48,EA,48,9.99,9.99,GBP,False,FULL,48
DOC-00139,HV-818150,4,ORDER,Lune Rouge Glow Highlighter Rose Gold,979827,MS7030219,,4,CS,48,9.09,0.0,GBP,True,FULL,48
DOC-00139,HV-818150,5,ORDER,Ember & Oak Wild Mint Candle 190 g,116495,MS8040069,,8,EA,8,40.61,40.61,GBP,False,FULL,8
DOC-00139,HV-818150,6,ORDER,Glitter Fantasy Palette,589684,UNRESOLVABLE,,6,EA,6,44.85,,GBP,False,N/A,
DOC-00139,HV-818150,7,CHANGE,Atelier Noor Rose Ambrée Eau de Parfum 100 ml,539605,MS3010240,,10,CS,72,95.87,95.87,GBP,False,FULL,72
DOC-00139,HV-818150,8,ORDER,Solenne Paris Sérum Absolu Regenerating Serum 15 ml,158338,MS1000013,,60,EA,60,25.66,25.66,GBP,False,FULL,60
DOC-00139,HV-818150,9,ORDER,Mistral Hair Curl Define Cream 150 ml,941814,MS6040043,,120,EA,120,18.41,18.41,GBP,False,PARTIAL,5
DOC-00139,HV-818150,10,ORDER,Thornfield Grooming Charcoal Face Wash 150 ml,449138,MS5010155,,2,CS,24,18.16,18.16,GBP,False,BACKORDER,0
DOC-00139,HV-818150,11,ORDER,Velvet Body Mist,723393,UNRESOLVABLE,,6,EA,6,8.36,,GBP,False,N/A,
DOC-00139,HV-818150,12,ORDER,Kōri Botanicals Hinoki Calming Toner 100 ml,892911,MS2040026,,36,EA,36,14.75,14.75,GBP,False,FULL,36
DOC-00140,HV-624331,1,CANCEL,Atelier Noor Iris Poudré Eau de Parfum 100 ml,867051,MS3060165,,2,CS,0,86.71,86.71,GBP,False,N/A,
DOC-00140,HV-624331,2,ORDER,Lune Rouge Lacquer Nail Colour 101 Opera,332022,MS7000022,,96,EA,96,5.06,5.06,GBP,False,PARTIAL,15
DOC-00140,HV-624331,3,CHANGE,Thornfield Grooming Cedar Shave Cream 150 ml,804066,MS5000191,,10,CS,144,17.92,17.92,GBP,False,FULL,144
DOC-00140,HV-624331,4,ORDER,Solenne Paris Masque Éclat Radiance Mask 50 ml,595002,MS1060019,,8,CS,48,30.79,30.79,GBP,False,PARTIAL,6
DOC-00140,HV-624331,5,ORDER,Kōri Botanicals Hinoki Calming Toner 200 ml,412856,MS2040162,,36,EA,36,23.8,23.8,GBP,False,FULL,36
DOC-00140,HV-624331,6,ORDER,Kōri Botanicals Camellia Barrier Cream 100 ml,663356,MS2020129,,2,CS,12,25.05,25.05,GBP,False,FULL,12
DOC-00140,HV-624331,7,ORDER,Velour Cosmetics Satin Lip Colour 25 Prune,756401,MS4000882,,2,CS,24,11.49,9.99,GBP,False,FULL,24
DOC-00140,HV-624331,8,ORDER,Velour Cosmetics Soft Focus Blush Peach,367382,MS4020080,,120,EA,120,11.35,11.35,GBP,False,BACKORDER,0
DOC-00140,HV-624331,9,ORDER,Atelier Noor Néroli Soleil Eau de Toilette 100 ml,804667,MS3030152,,6,EA,6,66.18,66.18,GBP,False,FULL,6
DOC-00140,HV-624331,10,ORDER,Kōri Botanicals Rice Enzyme Polish 50 ml,233533,MS2030016,,6,CS,36,11.91,11.91,GBP,False,FULL,36
DOC-00140,HV-624331,11,ORDER,Kōri Botanicals Hinoki Calming Toner 100 ml,892911,MS2040026,,10,CS,60,14.75,0.0,GBP,True,FULL,60
DOC-00140,HV-624331,12,ORDER,Ember & Oak Amber Woods Candle 190 g,630299,MS8010095,,4,EA,4,36.87,36.87,GBP,False,FULL,4
DOC-00140,HV-624331,13,ORDER,Mistral Hair Bond Rebuild Mask 500 ml Salon,477114,MS6020180,,8,CS,48,37.79,37.79,GBP,False,FULL,48
DOC-00140,HV-624331,14,ORDER,Mistral Hair Hydra Repair Conditioner 250 ml,913185,MS6010029,,1,CS,12,22.41,22.41,GBP,False,FULL,12
DOC-00140,HV-624331,15,ORDER,Velour Cosmetics Satin Lip Colour 12 Rouge Velours,646571,MS4000478,,3,CS,36,10.12,10.12,GBP,False,FULL,36
DOC-00140,HV-624331,16,ORDER,Kōri Botanicals Rice Enzyme Polish 100 ml,333507,MS2030164,,4,CS,24,16.98,16.98,GBP,False,FULL,24
DOC-00140,HV-624331,17,ORDER,Atelier Noor Cuir Fumé Extrait de Parfum 100 ml,159185,MS3050124,,8,CS,48,135.9,135.9,GBP,False,FULL,48
DOC-00140,HV-624331,18,ORDER,Ember & Oak Wild Mint Candle 400 g,678440,MS8040171,,8,CS,32,57.3,49.83,GBP,False,FULL,32
DOC-00140,HV-624331,19,ORDER,Lune Rouge Lacquer Nail Colour 120 Midnight,305721,MS7000489,,72,EA,72,5.1,5.1,GBP,False,FULL,72
DOC-00140,HV-624331,20,ORDER,Atelier Noor Rose Ambrée Eau de Parfum 100 ml,539605,MS3010240,,10,CS,60,95.87,95.87,GBP,False,FULL,60
DOC-00140,HV-624331,21,ORDER,Velour Cosmetics Satin Lip Colour 22 Corail,870925,MS4000716,,24,EA,24,10.07,10.07,GBP,False,FULL,24
DOC-00140,HV-624331,22,ORDER,Thornfield Grooming Charcoal Face Wash 75 ml,602681,MS5010085,,12,EA,12,12.46,12.46,GBP,False,FULL,12
DOC-00140,HV-624331,23,ORDER,Lune Rouge Glow Highlighter Moonstone,668471,MS7030029,,1,CS,12,9.07,9.07,GBP,False,BACKORDER,0
DOC-00140,HV-624331,24,ORDER,Solenne Paris Crème Lumière Day Cream 50 ml,515182,MS1010278,,12,EA,12,43.1,43.1,GBP,False,FULL,12
DOC-00140,HV-624331,25,ORDER,Ember & Oak Amber Woods Candle 400 g,163386,MS8010127,,12,EA,12,50.21,50.21,GBP,False,FULL,12
DOC-00141,HV-554261,1,ORDER,Solenne Paris Eau Micellaire Cleansing Water 400 ml,166857,MS1030143,,1,CS,6,47.3,47.3,GBP,False,FULL,6
DOC-00141,HV-554261,2,ORDER,Atelier Noor Musc Blanc Eau de Parfum 100 ml,345722,MS3040237,,36,EA,36,80.47,80.47,GBP,False,FULL,36
DOC-00141,HV-554261,3,ORDER,Atelier Noor Vétiver Nocturne Eau de Toilette 50 ml,116405,MS3020038,,12,EA,12,47.26,47.26,GBP,False,FULL,12
DOC-00141,HV-554261,4,ORDER,Solenne Paris Crème Lumière Day Cream 50 ml,515182,MS1010278,,6,CS,36,43.1,43.1,GBP,False,FULL,36
DOC-00141,HV-554261,5,ORDER,Kōri Botanicals Green Tea Gel Cleanser 100 ml,815894,MS2010060,,3,CS,18,12.74,12.74,GBP,False,FULL,18
DOC-00141,HV-554261,6,ORDER,Atelier Noor Musc Blanc Eau de Parfum 30 ml,151040,MS3040044,,96,EA,96,38.79,38.79,GBP,False,FULL,96
DOC-00141,HV-554261,7,ORDER,Atelier Noor Rose Ambrée Eau de Parfum 50 ml,133782,MS3010166,,36,EA,36,60.13,60.13,GBP,False,FULL,36
DOC-00141,HV-554261,8,ORDER,Velour Cosmetics Velvet Matte Foundation 30 ml 2N Linen,649939,MS4010290,,10,CS,120,15.72,15.72,GBP,False,FULL,120
DOC-00141,HV-554261,9,ORDER,Velour Cosmetics Velvet Matte Foundation 30 ml 5N Amber,251363,MS4010861,,12,EA,12,14.38,14.38,GBP,False,FULL,12
DOC-00141,HV-554261,10,ORDER,Kōri Botanicals Hinoki Calming Toner 200 ml,412856,MS2040162,,10,CS,60,23.8,23.8,GBP,False,FULL,60
DOC-00141,HV-554261,11,ORDER,Solenne Paris Sérum Absolu Regenerating Serum 30 ml,638179,MS1000137,,12,EA,12,35.86,35.86,GBP,False,FULL,12
DOC-00141,HV-554261,12,ORDER,Lune Rouge Glow Highlighter Champagne,161585,MS7030190,,6,CS,72,9.54,9.54,GBP,False,FULL,72
DOC-00141,HV-554261,13,ORDER,Velour Cosmetics Velvet Matte Foundation 30 ml 1W Ivory,803953,MS4010167,,72,EA,72,14.29,14.29,GBP,False,FULL,72
DOC-00141,HV-554261,14,ORDER,Atelier Noor Cuir Fumé Extrait de Parfum 50 ml,891030,MS3050040,,1,CS,6,88.44,88.44,GBP,False,FULL,6
DOC-00141,HV-554261,15,ORDER,Lune Rouge Lip Gloss Mirror Clear,957730,MS7040059,,8,CS,96,6.72,6.72,GBP,False,FULL,96
DOC-00141,HV-554261,16,ORDER,Solenne Paris Masque Éclat Radiance Mask 75 ml,528728,MS1060170,,6,EA,6,38.13,38.13,GBP,False,FULL,6
DOC-00141,HV-554261,17,ORDER,Velour Cosmetics Satin Lip Colour 15 Cerise,415098,MS4000547,,48,EA,48,10.61,10.61,GBP,False,FULL,48
DOC-00141,HV-554261,18,ORDER,Kōri Botanicals Hinoki Calming Toner 100 ml,892911,MS2040026,,6,CS,36,14.75,14.75,GBP,False,FULL,36
DOC-00141,HV-554261,19,ORDER,Kōri Botanicals Yuzu Brightening Essence 200 ml,495833,MS2000215,,10,CS,60,40.22,40.22,GBP,False,FULL,60
DOC-00141,HV-554261,20,ORDER,Velour Cosmetics Velvet Matte Foundation 30 ml 4W Caramel,415344,MS4010798,,3,CS,36,14.45,14.45,GBP,False,FULL,36
DOC-00141,HV-554261,21,ORDER,Thornfield Grooming Beard Oil 30 ml,299254,MS5030066,,72,EA,72,8.03,8.03,GBP,False,FULL,72
DOC-00141,HV-554261,22,ORDER,Solenne Paris Sérum Absolu Regenerating Serum 50 ml,691303,MS1000210,,2,CS,12,50.84,50.84,GBP,False,FULL,12
DOC-00141,HV-554261,23,ORDER,Kōri Botanicals Rice Enzyme Polish 100 ml,333507,MS2030164,,48,EA,48,16.98,16.98,GBP,False,FULL,48
DOC-00141,HV-554261,24,ORDER,Thornfield Grooming Post-Shave Balm 150 ml,890973,MS5040119,,48,EA,48,22.15,22.15,GBP,False,FULL,48
DOC-00141,HV-554261,25,ORDER,Atelier Noor Rose Ambrée Eau de Parfum 100 ml,539605,MS3010240,,12,EA,12,95.87,95.87,GBP,False,FULL,12
DOC-00142,HV-701128,1,ORDER,Velour Cosmetics Brow Sculpt Pencil Soft Black,176319,MS4030315,,4,CS,48,8.32,8.32,GBP,False,FULL,48
DOC-00142,HV-701128,2,ORDER,Thornfield Grooming Daily Moisturiser SPF 20 75 ml,116078,MS5020046,,10,CS,120,17.31,17.31,GBP,False,FULL,120
DOC-00142,HV-701128,3,ORDER,Kōri Botanicals Green Tea Gel Cleanser 100 ml,815894,MS2010060,,1,CS,6,12.74,12.74,GBP,False,FULL,6
DOC-00142,HV-701128,4,ORDER,Ember & Oak Wild Mint Candle 400 g,678440,MS8040171,,32,EA,32,49.83,49.83,GBP,False,FULL,32
DOC-00142,HV-701128,5,ORDER,Ember & Oak Amber Woods Candle 400 g,163386,MS8010127,,40,EA,40,50.21,50.21,GBP,False,FULL,40
DOC-00142,HV-701128,6,CHANGE,Solenne Paris Crème Lumière Day Cream 30 ml,423139,MS1010158,,10,CS,72,32.33,32.33,GBP,False,FULL,72
DOC-00142,HV-701128,7,ORDER,Velour Cosmetics Velvet Matte Foundation 30 ml 2W Sand,536548,MS4010349,,10,CS,120,14.25,0.0,GBP,True,FULL,120
DOC-00142,HV-701128,8,ORDER,Kōri Botanicals Yuzu Brightening Essence 200 ml,495833,MS2000215,,10,CS,60,40.22,40.22,GBP,False,FULL,60
DOC-00142,HV-701128,9,ORDER,Kōri Botanicals Hinoki Calming Toner 100 ml,892911,MS2040026,,36,EA,36,14.75,14.75,GBP,False,FULL,36
DOC-00143,HV-354103,1,ORDER,Solenne Paris Baume Nuit Night Balm 30 ml,103161,MS1020092,,60,EA,60,33.4,33.4,GBP,False,FULL,60
DOC-00143,HV-354103,2,ORDER,Kōri Botanicals Yuzu Brightening Essence 200 ml,495833,MS2000215,,60,EA,60,40.22,40.22,GBP,False,FULL,60
DOC-00143,HV-354103,3,ORDER,Velour Cosmetics Velvet Matte Foundation 30 ml 1W Ivory,803953,MS4010167,,12,EA,12,14.29,14.29,GBP,False,FULL,12
DOC-00143,HV-354103,4,ORDER,Solenne Paris Masque Éclat Radiance Mask 50 ml,595002,MS1060019,,18,EA,18,30.79,30.79,GBP,False,PARTIAL,6
DOC-00143,HV-354103,5,ORDER,Velour Cosmetics Satin Lip Colour 12 Rouge Velours,646571,MS4000478,,120,EA,120,11.64,10.12,GBP,False,FULL,120
DOC-00143,HV-354103,6,ORDER,Velour Cosmetics Soft Focus Blush Apricot,196955,MS4020362,,1,CS,12,12.1,12.1,GBP,False,PARTIAL,6
DOC-00143,HV-354103,7,CANCEL,Velour Cosmetics Brow Sculpt Pencil Brunette,734356,MS4030218,,24,EA,0,7.6,7.6,GBP,False,N/A,
DOC-00143,HV-354103,8,ORDER,Kōri Botanicals Rice Enzyme Polish 50 ml,233533,MS2030016,,3,CS,18,11.91,11.91,GBP,False,FULL,18
DOC-00143,HV-354103,9,ORDER,Crema Mani Rosa,897174,UNRESOLVABLE,,6,EA,6,26.35,,GBP,False,N/A,
DOC-00143,HV-354103,10,ORDER,Velour Cosmetics Velvet Matte Foundation 30 ml 7N Ebony,240606,MS4011124,,36,EA,36,15.6,0.0,GBP,True,FULL,36
DOC-00143,HV-354103,11,ORDER,Lune Rouge Glow Highlighter Rose Gold,979827,MS7030219,,3,CS,36,9.09,9.09,GBP,False,FULL,36
DOC-00143,HV-354103,12,ORDER,Thornfield Grooming Beard Oil 30 ml,299254,MS5030066,,1,CS,12,8.03,8.03,GBP,False,FULL,12
DOC-00143,HV-354103,13,CHANGE,Atelier Noor Vétiver Nocturne Eau de Toilette 50 ml,116405,MS3020038,,2,CS,24,47.26,47.26,GBP,False,FULL,24
DOC-00143,HV-354103,14,ORDER,Lune Rouge Lash Lift Mascara Brown Black,673095,MS7020177,,1,CS,12,8.47,8.47,GBP,False,FULL,12
DOC-00143,HV-354103,15,ORDER,Velour Cosmetics Velvet Matte Foundation 30 ml 5W Toffee,160423,MS4010990,,1,CS,12,15.21,15.21,GBP,False,FULL,12
DOC-00143,HV-354103,16,ORDER,Lune Rouge Lacquer Nail Colour 104 Cherry Gloss,117007,MS7000122,,6,CS,72,4.76,4.76,GBP,False,BACKORDER,0
DOC-00143,HV-354103,17,ORDER,Travel Exclusive Duo Set,836982,UNRESOLVABLE,,6,EA,6,31.44,,GBP,False,N/A,
DOC-00144,HV-550842,1,CANCEL,Velour Cosmetics Soft Focus Blush Peach,367382,MS4020080,,12,EA,0,11.35,11.35,GBP,False,N/A,
DOC-00144,HV-550842,2,ORDER,Thornfield Grooming Sport Deodorant Stick 75 g,354377,MS5050057,,3,CS,36,9.21,9.21,GBP,False,FULL,36
DOC-00144,HV-550842,3,ORDER,Lune Rouge Lacquer Nail Colour 140 Gunmetal,453961,MS7000824,,36,EA,36,5.15,5.15,GBP,False,FULL,36
DOC-00144,HV-550842,4,ORDER,Lune Rouge Lip Gloss Mirror Bronze,244170,MS7040288,,120,EA,120,6.65,6.65,GBP,False,FULL,120
DOC-00144,HV-550842,5,ORDER,Velour Cosmetics Satin Lip Colour 08 Terracotta,250219,MS4000380,,36,EA,36,12.14,11.04,GBP,False,FULL,36
DOC-00144,HV-550842,6,ORDER,Velour Cosmetics Velvet Matte Foundation 30 ml 1N Porcelain,461145,MS4010022,,6,CS,72,15.59,15.59,GBP,False,FULL,72
DOC-00144,HV-550842,7,ORDER,Velour Cosmetics Velvet Matte Foundation 30 ml 6N Espresso,536740,MS4011090,,8,CS,96,14.19,14.19,GBP,False,FULL,96
DOC-00144,HV-550842,8,ORDER,Velour Cosmetics Brow Sculpt Pencil Soft Black,176319,MS4030315,,2,CS,24,8.32,8.32,GBP,False,FULL,24
DOC-00144,HV-550842,9,ORDER,Mistral Hair Sea Salt Texture Spray 150 ml,621433,MS6030079,,1,CS,12,18.83,18.83,GBP,False,FULL,12
DOC-00144,HV-550842,10,ORDER,Velour Cosmetics Satin Lip Colour 03 Petal,805200,MS4000134,,6,CS,72,9.97,9.97,GBP,False,FULL,72
DOC-00144,HV-550842,11,ORDER,Lune Rouge Lash Lift Mascara Black,277487,MS7020061,,24,EA,24,8.32,8.32,GBP,False,FULL,24
DOC-00144,HV-550842,12,ORDER,Solenne Paris Crème Lumière Day Cream 15 ml,584838,MS1010090,,6,EA,6,21.24,0.0,GBP,True,FULL,6
DOC-00144,HV-550842,13,ORDER,Solenne Paris Masque Éclat Radiance Mask 50 ml,595002,MS1060019,,6,CS,36,30.79,30.79,GBP,False,PARTIAL,6
DOC-00144,HV-550842,14,ORDER,Kōri Botanicals Sakura Dew Sleeping Mask 100 ml,657772,MS2050139,,2,CS,12,20.79,20.79,GBP,False,FULL,12
DOC-00144,HV-550842,15,ORDER,Velour Cosmetics Brow Sculpt Pencil Taupe,381502,MS4030143,,12,EA,12,8.19,8.19,GBP,False,FULL,12
DOC-00144,HV-550842,16,ORDER,Solenne Paris Lotion Essentielle Toner 150 ml,242007,MS1070033,,60,EA,60,37.38,37.38,GBP,False,FULL,60
DOC-00144,HV-550842,17,ORDER,Lune Rouge Lash Lift Mascara Brown Black,673095,MS7020177,,72,EA,72,8.47,8.47,GBP,False,FULL,72
DOC-00144,HV-550842,18,ORDER,Kōri Botanicals Hinoki Calming Toner 100 ml,892911,MS2040026,,4,CS,24,14.75,14.75,GBP,False,FULL,24
DOC-00144,HV-550842,19,ORDER,Velour Cosmetics Velvet Matte Foundation 30 ml 7N Ebony,240606,MS4011124,,4,CS,48,15.6,15.6,GBP,False,FULL,48
DOC-00144,HV-550842,20,ORDER,Velour Cosmetics Velvet Matte Foundation 30 ml 2W Sand,536548,MS4010349,,6,CS,72,14.25,14.25,GBP,False,FULL,72
DOC-00144,HV-550842,21,ORDER,Solenne Paris Baume Nuit Night Balm 50 ml,706403,MS1020161,,6,EA,6,46.14,46.14,GBP,False,FULL,6
DOC-00144,HV-550842,22,ORDER,Velvet Body Mist,575667,UNRESOLVABLE,,6,EA,6,69.41,,GBP,False,N/A,
DOC-00145,HV-451113,1,ORDER,Velour Cosmetics Velvet Matte Foundation 30 ml 1W Ivory,803953,MS4010167,,12,EA,12,14.29,14.29,GBP,False,FULL,12
DOC-00145,HV-451113,2,ORDER,Ember & Oak Black Tea Room Spray 100 ml,606676,MS8030088,,4,EA,4,24.35,0.0,GBP,True,FULL,4
DOC-00145,HV-451113,3,ORDER,Lune Rouge Lacquer Nail Colour 120 Midnight,305721,MS7000489,,48,EA,48,5.1,5.1,GBP,False,FULL,48
DOC-00145,HV-451113,4,ORDER,Ember & Oak Fig & Cedar Candle 400 g,258366,MS8000149,,8,CS,32,54.05,54.05,GBP,False,BACKORDER,0
DOC-00145,HV-451113,5,ORDER,Kōri Botanicals Hinoki Calming Toner 100 ml,892911,MS2040026,,10,CS,60,14.75,14.75,GBP,False,FULL,60
DOC-00145,HV-451113,6,CHANGE,Lune Rouge Lip Gloss Mirror Bronze,244170,MS7040288,,2,CS,48,6.65,6.65,GBP,False,FULL,48
DOC-00145,HV-451113,7,ORDER,Atelier Noor Musc Blanc Eau de Parfum 50 ml,146385,MS3040160,,2,CS,12,53.02,53.02,GBP,False,FULL,12
DOC-00145,HV-451113,8,ORDER,Solenne Paris Lotion Essentielle Toner 150 ml,242007,MS1070033,,18,EA,18,37.38,37.38,GBP,False,FULL,18
DOC-00145,HV-451113,9,ORDER,Velour Cosmetics Satin Lip Colour 05 Rose Thé,348411,MS4000238,,12,EA,12,10.09,10.09,GBP,False,FULL,12
DOC-00145,HV-451113,10,ORDER,Velour Cosmetics Soft Focus Blush Rosewood,778120,MS4020174,,96,EA,96,11.92,11.92,GBP,False,FULL,96
DOC-00145,HV-451113,11,ORDER,Atelier Noor Oud Saffron Eau de Parfum 50 ml,462974,MS3000150,,24,EA,24,66.7,66.7,GBP,False,FULL,24
DOC-00145,HV-451113,12,ORDER,Kōri Botanicals Yuzu Brightening Essence 100 ml,501058,MS2000175,,8,CS,48,25.18,25.18,GBP,False,FULL,48
DOC-00145,HV-451113,13,ORDER,Solenne Paris Sérum Absolu Regenerating Serum 15 ml,158338,MS1000013,,2,CS,12,25.66,25.66,GBP,False,FULL,12
DOC-00145,HV-451113,14,ORDER,Lune Rouge Lacquer Nail Colour 135 Lilac,786406,MS7000716,,120,EA,120,5.13,5.13,GBP,False,FULL,120
DOC-00145,HV-451113,15,ORDER,Kōri Botanicals Rice Enzyme Polish 50 ml,233533,MS2030016,,6,EA,6,11.91,11.91,GBP,False,FULL,6
DOC-00145,HV-451113,16,ORDER,Kōri Botanicals Green Tea Gel Cleanser 200 ml,665497,MS2010137,,6,EA,6,19.01,19.01,GBP,False,FULL,6
DOC-00145,HV-451113,17,ORDER,Lune Rouge Lacquer Nail Colour 123 Mint Chip,498290,MS7000533,,1,CS,12,4.92,4.92,GBP,False,FULL,12
DOC-00145,HV-451113,18,ORDER,Velour Cosmetics Velvet Matte Foundation 30 ml 2W Sand,536548,MS4010349,,36,EA,36,14.25,14.25,GBP,False,FULL,36
DOC-00145,HV-451113,19,CANCEL,Mistral Hair Sea Salt Texture Spray 150 ml,621433,MS6030079,,120,EA,0,18.83,18.83,GBP,False,N/A,
DOC-00145,HV-451113,20,ORDER,Solenne Paris Lotion Essentielle Toner 250 ml,864715,MS1070140,,3,CS,18,56.26,56.26,GBP,False,FULL,18
DOC-00145,HV-451113,21,ORDER,Solenne Paris Contour des Yeux Eye Cream 15 ml,163182,MS1040049,,12,EA,12,18.3,18.3,GBP,False,FULL,12
DOC-00145,HV-451113,22,ORDER,Kōri Botanicals Sakura Dew Sleeping Mask 50 ml,854024,MS2050041,,12,EA,12,14.37,14.37,GBP,False,FULL,12
DOC-00146,HV-871981,1,ORDER,Velour Cosmetics Velvet Matte Foundation 30 ml 2W Sand,536548,MS4010349,,48,EA,48,12.83,0.0,GBP,True,FULL,48
DOC-00146,HV-871981,2,ORDER,Mistral Hair Sea Salt Texture Spray 150 ml,621433,MS6030079,,1,CS,12,18.83,18.83,GBP,False,FULL,12
DOC-00146,HV-871981,3,ORDER,Velour Cosmetics Satin Lip Colour 25 Prune,756401,MS4000882,,3,CS,36,9.99,9.99,GBP,False,FULL,36
DOC-00146,HV-871981,4,ORDER,Lune Rouge Lacquer Nail Colour 110 Ballet,712401,MS7000295,,36,EA,36,4.86,4.86,GBP,False,FULL,36
DOC-00146,HV-871981,5,ORDER,Solenne Paris Crème Lumière Day Cream 30 ml,423139,MS1010158,,3,CS,18,32.33,32.33,GBP,False,FULL,18
DOC-00146,HV-871981,6,ORDER,Kōri Botanicals Rice Enzyme Polish 50 ml,233533,MS2030016,,3,CS,18,11.91,11.91,GBP,False,FULL,18
DOC-00146,HV-871981,7,ORDER,Ember & Oak Amber Woods Candle 400 g,163386,MS8010127,,2,CS,8,50.21,50.21,GBP,False,FULL,8
DOC-00146,HV-871981,8,ORDER,Lune Rouge Lip Gloss Mirror Bronze,244170,MS7040288,,1,CS,12,6.65,6.65,GBP,False,FULL,12
DOC-00146,HV-871981,9,ORDER,Kōri Botanicals Hinoki Calming Toner 100 ml,892911,MS2040026,,48,EA,48,14.75,14.75,GBP,False,FULL,48
DOC-00146,HV-871981,10,ORDER,Solenne Paris Lotion Essentielle Toner 250 ml,864715,MS1070140,,1,CS,6,61.89,56.26,GBP,False,FULL,6
DOC-00146,HV-871981,11,ORDER,Solenne Paris Sérum Absolu Regenerating Serum 50 ml,691303,MS1000210,,12,EA,12,50.84,50.84,GBP,False,FULL,12
DOC-00146,HV-871981,12,ORDER,Atelier Noor Oud Saffron Eau de Parfum 50 ml,462974,MS3000150,,60,EA,60,66.7,66.7,GBP,False,FULL,60
DOC-00146,HV-871981,13,ORDER,Lune Rouge Lacquer Nail Colour 145 Bordeaux,961501,MS7000986,,2,CS,24,4.95,4.95,GBP,False,FULL,24
DOC-00146,HV-871981,14,CANCEL,Atelier Noor Iris Poudré Eau de Parfum 50 ml,403314,MS3060057,,12,EA,0,55.63,55.63,GBP,False,N/A,
DOC-00146,HV-871981,15,ORDER,Solenne Paris Baume Nuit Night Balm 30 ml,103161,MS1020092,,1,CS,6,33.4,33.4,GBP,False,FULL,6
DOC-00146,HV-871981,16,ORDER,Kōri Botanicals Green Tea Gel Cleanser 100 ml,815894,MS2010060,,6,CS,36,12.74,12.74,GBP,False,FULL,36
DOC-00147,HV-626326,1,ORDER,Holiday Vault Set Exclusive,398309,UNRESOLVABLE,,6,EA,6,17.62,,GBP,False,N/A,
DOC-00147,HV-626326,2,CHANGE,Ember & Oak Wild Mint Candle 190 g,116495,MS8040069,,2,CS,16,40.61,40.61,GBP,False,FULL,16
DOC-00147,HV-626326,3,ORDER,Velour Cosmetics Velvet Matte Foundation 30 ml 4N Honey,352673,MS4010684,,3,CS,36,14.6,14.6,GBP,False,FULL,36
DOC-00147,HV-626326,4,CANCEL,Velour Cosmetics Velvet Matte Foundation 30 ml 1W Ivory,803953,MS4010167,,3,CS,0,14.29,14.29,GBP,False,N/A,
DOC-00147,HV-626326,5,ORDER,Holiday Vault Set Exclusive,930892,UNRESOLVABLE,,6,EA,6,8.15,,GBP,False,N/A,
DOC-00147,HV-626326,6,ORDER,Travel Exclusive Duo Set,966295,UNRESOLVABLE,,6,EA,6,21.07,,GBP,False,N/A,
DOC-00147,HV-626326,7,ORDER,Solenne Paris Lotion Essentielle Toner 250 ml,864715,MS1070140,,12,EA,12,56.26,0.0,GBP,True,FULL,12
DOC-00148,HV-280852,1,ORDER,Solenne Paris Crème Lumière Day Cream 30 ml,423139,MS1010158,,1,CS,6,32.33,32.33,GBP,False,FULL,6
DOC-00148,HV-280852,2,ORDER,Atelier Noor Musc Blanc Eau de Parfum 50 ml,146385,MS3040160,,3,CS,18,53.02,53.02,GBP,False,FULL,18
DOC-00148,HV-280852,3,ORDER,Kōri Botanicals Rice Enzyme Polish 100 ml,333507,MS2030164,,2,CS,12,16.98,16.98,GBP,False,FULL,12
DOC-00148,HV-280852,4,ORDER,Lune Rouge Lip Gloss Mirror Bronze,244170,MS7040288,,1,CS,12,6.65,6.65,GBP,False,FULL,12
DOC-00148,HV-280852,5,ORDER,Atelier Noor Musc Blanc Eau de Parfum 30 ml,151040,MS3040044,,1,CS,12,38.79,38.79,GBP,False,FULL,12
DOC-00148,HV-280852,6,CANCEL,Velour Cosmetics Satin Lip Colour 08 Terracotta,250219,MS4000380,,2,CS,0,11.04,11.04,GBP,False,N/A,
DOC-00148,HV-280852,7,ORDER,Solenne Paris Masque Éclat Radiance Mask 75 ml,528728,MS1060170,,3,CS,18,38.13,38.13,GBP,False,FULL,18
DOC-00148,HV-280852,8,ORDER,Lune Rouge Lash Lift Mascara Brown Black,673095,MS7020177,,3,CS,36,8.47,8.47,GBP,False,FULL,36
DOC-00148,HV-280852,9,ORDER,Ember & Oak Fig & Cedar Candle 190 g,342675,MS8000022,,16,EA,16,37.97,37.97,GBP,False,FULL,16
DOC-00148,HV-280852,10,ORDER,Travel Exclusive Duo Set,694184,UNRESOLVABLE,,6,EA,6,33.09,,GBP,False,N/A,
DOC-00148,HV-280852,11,ORDER,Solenne Paris Huile Précieuse Face Oil 30 ml,172371,MS1050061,,1,CS,6,30.8,30.8,GBP,False,FULL,6
DOC-00148,HV-280852,12,ORDER,Velour Cosmetics Velvet Matte Foundation 30 ml 3C Beige,414455,MS4010466,,96,EA,96,14.96,14.96,GBP,False,FULL,96
DOC-00148,HV-280852,13,ORDER,Atelier Noor Oud Saffron Eau de Parfum 50 ml,462974,MS3000150,,12,EA,12,66.7,66.7,GBP,False,FULL,12
DOC-00148,HV-280852,14,ORDER,Atelier Noor Néroli Soleil Eau de Toilette 50 ml,135207,MS3030052,,3,CS,18,42.54,42.54,GBP,False,FULL,18
DOC-00148,HV-280852,15,ORDER,Ember & Oak Amber Woods Candle 190 g,630299,MS8010095,,12,EA,12,36.87,36.87,GBP,False,FULL,12
DOC-00148,HV-280852,16,ORDER,Ember & Oak Wild Mint Candle 190 g,116495,MS8040069,,8,EA,8,40.61,40.61,GBP,False,FULL,8
DOC-00148,HV-280852,17,ORDER,Crema Mani Rosa,118151,UNRESOLVABLE,,6,EA,6,19.04,,GBP,False,N/A,
DOC-00149,HV-316277,1,ORDER,Lune Rouge Precision Liquid Eyeliner Navy,868367,MS7010261,,6,CS,72,7.3,0.0,GBP,True,FULL,72
DOC-00149,HV-316277,2,ORDER,Velour Cosmetics Velvet Matte Foundation 30 ml 2N Linen,649939,MS4010290,,24,EA,24,15.72,15.72,GBP,False,FULL,24
DOC-00149,HV-316277,3,ORDER,Mistral Hair Curl Define Cream 150 ml,941814,MS6040043,,6,CS,72,18.41,18.41,GBP,False,PARTIAL,5
DOC-00149,HV-316277,4,ORDER,Kōri Botanicals Yuzu Brightening Essence 100 ml,501058,MS2000175,,2,CS,12,25.18,25.18,GBP,False,FULL,12
DOC-00149,HV-316277,5,ORDER,Mistral Hair Sea Salt Texture Spray 150 ml,621433,MS6030079,,10,CS,120,18.83,18.83,GBP,False,FULL,120
DOC-00149,HV-316277,6,ORDER,Atelier Noor Musc Blanc Eau de Parfum 30 ml,151040,MS3040044,,96,EA,96,38.79,38.79,GBP,False,FULL,96
DOC-00149,HV-316277,7,ORDER,Atelier Noor Iris Poudré Eau de Parfum 100 ml,867051,MS3060165,,12,EA,12,86.71,86.71,GBP,False,FULL,12
DOC-00149,HV-316277,8,ORDER,Mistral Hair Bond Rebuild Mask 200 ml,476710,MS6020068,,6,CS,72,32.54,32.54,GBP,False,FULL,72
DOC-00149,HV-316277,9,ORDER,Lune Rouge Lacquer Nail Colour 145 Bordeaux,961501,MS7000986,,24,EA,24,4.95,4.95,GBP,False,FULL,24
DOC-00149,HV-316277,10,ORDER,Thornfield Grooming Beard Oil 30 ml,299254,MS5030066,,3,CS,36,8.03,8.03,GBP,False,FULL,36
DOC-00149,HV-316277,11,ORDER,Solenne Paris Sérum Absolu Regenerating Serum 50 ml,691303,MS1000210,,10,CS,60,50.84,50.84,GBP,False,FULL,60
DOC-00149,HV-316277,12,ORDER,Lune Rouge Lacquer Nail Colour 104 Cherry Gloss,117007,MS7000122,,96,EA,96,4.76,4.76,GBP,False,BACKORDER,0
DOC-00149,HV-316277,13,ORDER,Mini Lip Trio Gift,370704,UNRESOLVABLE,,6,EA,6,24.65,,GBP,False,N/A,
DOC-00149,HV-316277,14,ORDER,Ember & Oak Amber Woods Candle 400 g,163386,MS8010127,,2,CS,8,50.21,50.21,GBP,False,FULL,8
DOC-00149,HV-316277,15,CANCEL,Mistral Hair Hydra Repair Conditioner 1 L Salon,588899,MS6010140,,3,CS,0,24.54,24.54,GBP,False,N/A,
DOC-00149,HV-316277,16,ORDER,Argan Miracle Oil,824983,UNRESOLVABLE,,6,EA,6,18.14,,GBP,False,N/A,
DOC-00149,HV-316277,17,ORDER,Velour Cosmetics Brow Sculpt Pencil Taupe,381502,MS4030143,,2,CS,24,8.19,8.19,GBP,False,FULL,24
DOC-00149,HV-316277,18,ORDER,Atelier Noor Rose Ambrée Eau de Parfum 30 ml,860242,MS3010048,,120,EA,120,45.53,45.53,GBP,False,FULL,120
DOC-00149,HV-316277,19,ORDER,Solenne Paris Masque Éclat Radiance Mask 75 ml,528728,MS1060170,,4,CS,24,38.13,38.13,GBP,False,FULL,24
DOC-00149,HV-316277,20,ORDER,Velvet Body Mist,676852,UNRESOLVABLE,,6,EA,6,35.44,,GBP,False,N/A,
DOC-00149,HV-316277,21,CHANGE,Lune Rouge Lacquer Nail Colour 120 Midnight,305721,MS7000489,,96,EA,120,5.1,5.1,GBP,False,FULL,120
DOC-00149,HV-316277,22,ORDER,Velour Cosmetics Velvet Matte Foundation 30 ml 1W Ivory,803953,MS4010167,,4,CS,48,14.29,14.29,GBP,False,FULL,48
DOC-00150,HV-572437,1,ORDER,Velour Cosmetics Soft Focus Blush Rosewood,778120,MS4020174,,10,CS,120,11.92,11.92,GBP,False,FULL,120
DOC-00150,HV-572437,2,ORDER,Solenne Paris Baume Nuit Night Balm 50 ml,706403,MS1020161,,8,CS,48,46.14,46.14,GBP,False,FULL,48
DOC-00150,HV-572437,3,ORDER,Lune Rouge Glow Highlighter Champagne,161585,MS7030190,,12,EA,12,9.54,9.54,GBP,False,FULL,12
DOC-00150,HV-572437,4,ORDER,Solenne Paris Lotion Essentielle Toner 150 ml,242007,MS1070033,,2,CS,12,37.38,37.38,GBP,False,FULL,12
DOC-00150,HV-572437,5,ORDER,Lune Rouge Lacquer Nail Colour 140 Gunmetal,453961,MS7000824,,24,EA,24,5.15,5.15,GBP,False,FULL,24
DOC-00150,HV-572437,6,ORDER,Solenne Paris Masque Éclat Radiance Mask 75 ml,528728,MS1060170,,2,CS,12,40.8,38.13,GBP,False,FULL,12
DOC-00150,HV-572437,7,ORDER,Solenne Paris Sérum Absolu Regenerating Serum 15 ml,158338,MS1000013,,1,CS,6,25.66,25.66,GBP,False,FULL,6
DOC-00150,HV-572437,8,ORDER,Lune Rouge Glow Highlighter Rose Gold,979827,MS7030219,,72,EA,72,9.09,9.09,GBP,False,FULL,72
DOC-00150,HV-572437,9,ORDER,Velour Cosmetics Satin Lip Colour 18 Berry Noir,683761,MS4000699,,120,EA,120,10.48,10.48,GBP,False,FULL,120
DOC-00150,HV-572437,10,ORDER,Atelier Noor Oud Saffron Eau de Parfum 100 ml,297636,MS3000278,,12,EA,12,96.68,96.68,GBP,False,FULL,12
DOC-00150,HV-572437,11,ORDER,Velour Cosmetics Soft Focus Blush Apricot,196955,MS4020362,,24,EA,24,12.1,12.1,GBP,False,PARTIAL,6
DOC-00150,HV-572437,12,ORDER,Kōri Botanicals Camellia Barrier Cream 50 ml,464663,MS2020048,,2,CS,12,17.0,17.0,GBP,False,FULL,12
DOC-00150,HV-572437,13,ORDER,Kōri Botanicals Rice Enzyme Polish 50 ml,233533,MS2030016,,1,CS,6,11.91,11.91,GBP,False,FULL,6
DOC-00150,HV-572437,14,ORDER,Atelier Noor Vétiver Nocturne Eau de Toilette 50 ml,116405,MS3020038,,1,CS,6,47.26,47.26,GBP,False,FULL,6
DOC-00150,HV-572437,15,ORDER,Lune Rouge Precision Liquid Eyeliner Black,858705,MS7010065,,1,CS,12,7.29,7.29,GBP,False,FULL,12
DOC-00150,HV-572437,16,ORDER,Atelier Noor Rose Ambrée Eau de Parfum 100 ml,539605,MS3010240,,4,CS,24,95.87,95.87,GBP,False,FULL,24
DOC-00150,HV-572437,17,ORDER,Atelier Noor Oud Saffron Eau de Parfum 50 ml,462974,MS3000150,,6,CS,36,66.7,66.7,GBP,False,FULL,36
DOC-00150,HV-572437,18,ORDER,Kōri Botanicals Green Tea Gel Cleanser 200 ml,665497,MS2010137,,3,CS,18,19.01,19.01,GBP,False,FULL,18
DOC-00150,HV-572437,19,ORDER,Velour Cosmetics Satin Lip Colour 08 Terracotta,250219,MS4000380,,24,EA,24,11.04,11.04,GBP,False,FULL,24
DOC-00150,HV-572437,20,ORDER,Atelier Noor Iris Poudré Eau de Parfum 50 ml,403314,MS3060057,,36,EA,36,55.63,55.63,GBP,False,FULL,36
DOC-00150,HV-572437,21,CHANGE,Lune Rouge Lacquer Nail Colour 104 Cherry Gloss,117007,MS7000122,,2,CS,48,4.76,4.76,GBP,False,BACKORDER,0
DOC-00150,HV-572437,22,ORDER,Atelier Noor Rose Ambrée Eau de Parfum 50 ml,133782,MS3010166,,12,EA,12,60.13,60.13,GBP,False,FULL,12
DOC-00150,HV-572437,23,ORDER,Velour Cosmetics Brow Sculpt Pencil Blonde,969695,MS4030052,,12,EA,12,9.77,0.0,GBP,True,PARTIAL,4
DOC-00151,,1,ORDER,Atelier Noor Vétiver Nocturne Eau de Toilette 50 ml,MS3020038,MS3020038,,24,EA,24,61.43,50.37,EUR,False,FULL,24
DOC-00151,,2,ORDER,Velour Cosmetics Satin Lip Colour 15 Cerise,MS4000547,MS4000547,,3,EA,3,13.64,11.59,EUR,False,FULL,3
DOC-00152,KW37,1,ORDER,Kōri Botanicals Camellia Barrier Cream 100 ml,MS2020129,MS2020129,,6,EA,6,32.31,26.49,EUR,False,FULL,6
DOC-00152,KW37,2,ORDER,Velour Cosmetics Soft Focus Blush Apricot,MS4020362,MS4020362,,24,EA,24,15.2,13.38,EUR,False,FULL,24
DOC-00153,AB,1,ORDER,Velour Cosmetics Velvet Matte Foundation 30 ml 2W Sand,MS4010349,MS4010349,,24,EA,24,18.24,16.05,EUR,False,FULL,24
DOC-00153,AB,2,ORDER,Solenne Paris Eau Micellaire Cleansing Water 200 ml,MS1030011,MS1030011,,6,EA,6,45.72,36.58,EUR,False,FULL,6
DOC-00153,AB,3,ORDER,Velour Cosmetics Satin Lip Colour 05 Rose Thé,MS4000238,MS4000238,,3,EA,3,12.67,9.5,EUR,False,FULL,3
DOC-00153,AB,4,ORDER,Velour Cosmetics Satin Lip Colour 08 Terracotta,MS4000380,MS4000380,,6,EA,6,13.86,12.2,EUR,False,FULL,6
DOC-00154,,1,ORDER,Velour Cosmetics Brow Sculpt Pencil Brunette,MS4030218,MS4030218,,6,EA,6,9.8,7.84,EUR,False,FULL,6
DOC-00154,,2,ORDER,Velour Cosmetics Velvet Matte Foundation 30 ml 1N Porcelain,MS4010022,MS4010022,,24,EA,24,19.95,15.96,EUR,False,FULL,24
DOC-00154,,3,ORDER,Velour Cosmetics Satin Lip Colour 01 Nude Silk,MS4000051,MS4000051,,24,EA,24,12.58,11.32,EUR,False,FULL,24
DOC-00154,,4,ORDER,Solenne Paris Crème Lumière Day Cream 50 ml,MS1010278,MS1010278,,12,EA,12,55.16,48.54,EUR,False,FULL,12
DOC-00155,,1,ORDER,Thornfield Grooming Sport Deodorant Stick 75 g,MS5050057,MS5050057,,12,EA,12,11.79,10.02,EUR,False,FULL,12
DOC-00155,,2,ORDER,Atelier Noor Musc Blanc Eau de Parfum 100 ml,MS3040237,MS3040237,,24,EA,24,102.28,90.01,EUR,False,FULL,24
DOC-00155,,3,ORDER,+ 1 Tester,,MS3049867,,1,EA,1,,0.0,EUR,True,FULL,1
DOC-00155,,4,ORDER,Kōri Botanicals Camellia Barrier Cream 100 ml,MS2020129,MS2020129,,18,EA,18,32.31,26.49,EUR,False,FULL,18
DOC-00156,KW36,1,ORDER,Atelier Noor Vétiver Nocturne Eau de Toilette 50 ml,MS3020038,MS3020038,,24,EA,24,61.43,49.14,EUR,False,FULL,24
DOC-00156,KW36,2,ORDER,+ 1 Tester,,MS3029560,,1,EA,1,,0.0,EUR,True,FULL,1
DOC-00156,KW36,3,ORDER,Kōri Botanicals Rice Enzyme Polish 100 ml,MS2030164,MS2030164,,6,EA,6,21.95,18.66,EUR,False,FULL,6
DOC-00156,KW36,4,ORDER,Velour Cosmetics Velvet Matte Foundation 30 ml 3W Golden,MS4010583,MS4010583,,6,EA,6,19.96,17.96,EUR,False,FULL,6
DOC-00157,KW39,1,ORDER,Atelier Noor Vétiver Nocturne Eau de Toilette 100 ml,MS3020181,MS3020181,,6,EA,6,92.1,81.05,EUR,False,FULL,6
DOC-00157,KW39,2,ORDER,+ 1 Tester,,MS3029560,,1,EA,1,,0.0,EUR,True,FULL,1
DOC-00157,KW39,3,ORDER,Kōri Botanicals Camellia Barrier Cream 50 ml,MS2020048,MS2020048,,3,EA,3,21.5,17.63,EUR,False,FULL,3
DOC-00157,KW39,4,ORDER,Velour Cosmetics Velvet Matte Foundation 30 ml 7N Ebony,MS4011124,MS4011124,,18,EA,18,20.02,17.02,EUR,False,FULL,18
DOC-00158,AB,1,ORDER,Atelier Noor Oud Saffron Eau de Parfum 30 ml,MS3000078,MS3000078,,24,EA,24,62.21,51.01,EUR,False,PARTIAL,2
DOC-00158,AB,2,ORDER,+ 1 Tester,,MS3009416,,1,EA,1,,0.0,EUR,True,FULL,1
DOC-00158,AB,3,ORDER,Solenne Paris Sérum Absolu Regenerating Serum 15 ml,MS1000013,MS1000013,,6,EA,6,32.46,24.34,EUR,False,FULL,6
DOC-00158,AB,4,ORDER,+ 1 Tester,,MS1009199,,1,EA,1,,0.0,EUR,True,FULL,1
DOC-00159,GR-2026-25203,1,ORDER,[circled photo] Lune Rouge Lacquer Nail Colour 120 Midnight,,MS7000489,,48,EA,48,,6.77,USD,False,BACKORDER,0
DOC-00159,GR-2026-25203,2,ORDER,[circled photo] Velour Cosmetics Soft Focus Blush Mauve,,MS4020252,,1,CS,12,,15.19,USD,False,FULL,12
DOC-00160,HV-456261,1,ORDER,[circled photo] Lune Rouge Glow Highlighter Rose Gold,,MS7030219,,12,EA,12,,9.09,GBP,False,FULL,12
DOC-00160,HV-456261,2,ORDER,[circled photo] Atelier Noor Musc Blanc Eau de Parfum 100 ml,,MS3040237,,6,EA,6,,80.47,GBP,False,FULL,6
DOC-00160,HV-456261,3,ORDER,[circled photo] Atelier Noor Rose Ambrée Eau de Parfum 100 ml,,MS3010240,,2,CS,12,,95.87,GBP,False,FULL,12
DOC-00161,HV-811362,1,ORDER,[circled photo] Lune Rouge Precision Liquid Eyeliner Brown,,MS7010115,,3,CS,36,,7.87,GBP,False,FULL,36
DOC-00161,HV-811362,2,ORDER,[circled photo] Kōri Botanicals Hinoki Calming Toner 100 ml,,MS2040026,,18,EA,18,,14.75,GBP,False,FULL,18
DOC-00161,HV-811362,3,ORDER,[circled photo] Solenne Paris Baume Nuit Night Balm 50 ml,,MS1020161,,2,CS,12,,46.14,GBP,False,FULL,12
DOC-00161,HV-811362,4,ORDER,[circled photo] Velour Cosmetics Velvet Matte Foundation 30 ml 4N Honey,,MS4010684,,2,CS,24,,14.6,GBP,False,FULL,24
DOC-00162,HV-644280,1,ORDER,[circled photo] Velour Cosmetics Brow Sculpt Pencil Taupe,,MS4030143,,24,EA,24,,8.19,GBP,False,FULL,24
DOC-00162,HV-644280,2,ORDER,[circled photo] Velour Cosmetics Velvet Matte Foundation 30 ml 2N Linen,,MS4010290,,24,EA,24,,15.72,GBP,False,FULL,24
DOC-00162,HV-644280,3,ORDER,[circled photo] Kōri Botanicals Hinoki Calming Toner 200 ml,,MS2040162,,3,CS,18,,23.8,GBP,False,FULL,18
DOC-00162,HV-644280,4,ORDER,[circled photo] Solenne Paris Lotion Essentielle Toner 250 ml,,MS1070140,,12,EA,12,,56.26,GBP,False,FULL,12
DOC-00162,HV-644280,5,ORDER,[circled photo] Solenne Paris Contour des Yeux Eye Cream 15 ml,,MS1040049,,12,EA,12,,18.3,GBP,False,FULL,12
DOC-00162,HV-644280,6,ORDER,[circled photo] Atelier Noor Vétiver Nocturne Eau de Toilette 100 ml,,MS3020181,,6,EA,6,,72.85,GBP,False,FULL,6
DOC-00162,HV-644280,7,ORDER,[circled photo] Kōri Botanicals Hinoki Calming Toner 100 ml,,MS2040026,,24,EA,24,,14.75,GBP,False,FULL,24
DOC-00162,HV-644280,8,ORDER,[circled photo] Kōri Botanicals Rice Enzyme Polish 50 ml,,MS2030016,,2,CS,12,,11.91,GBP,False,FULL,12
DOC-00163,HV-630307,1,ORDER,[circled photo] Atelier Noor Vétiver Nocturne Eau de Toilette 100 ml,,MS3020181,,2,CS,12,,72.85,GBP,False,FULL,12
DOC-00163,HV-630307,2,ORDER,[circled photo] Atelier Noor Rose Ambrée Eau de Parfum 50 ml,,MS3010166,,12,EA,12,,60.13,GBP,False,FULL,12
DOC-00163,HV-630307,3,ORDER,[circled photo] Atelier Noor Cuir Fumé Extrait de Parfum 100 ml,,MS3050124,,2,CS,12,,135.9,GBP,False,FULL,12
DOC-00163,HV-630307,4,ORDER,[circled photo] Mistral Hair Curl Define Cream 150 ml,,MS6040043,,12,EA,12,,18.41,GBP,False,PARTIAL,5
DOC-00163,HV-630307,5,ORDER,[circled photo] Velour Cosmetics Velvet Matte Foundation 30 ml 1W Ivory,,MS4010167,,1,CS,12,,14.29,GBP,False,FULL,12
DOC-00163,HV-630307,6,ORDER,[circled photo] Ember & Oak Amber Woods Candle 400 g,,MS8010127,,8,EA,8,,50.21,GBP,False,FULL,8
DOC-00163,HV-630307,7,ORDER,[circled photo] Solenne Paris Sérum Absolu Regenerating Serum 30 ml,,MS1000137,,24,EA,24,,35.86,GBP,False,FULL,24
DOC-00163,HV-630307,8,ORDER,[circled photo] Solenne Paris Eau Micellaire Cleansing Water 200 ml,,MS1030011,,2,CS,12,,35.98,GBP,False,FULL,12
DOC-00163,HV-630307,9,ORDER,[circled photo] Solenne Paris Sérum Absolu Regenerating Serum 15 ml,,MS1000013,,1,CS,6,,25.66,GBP,False,FULL,6
DOC-00163,HV-630307,10,ORDER,[circled photo] Kōri Botanicals Green Tea Gel Cleanser 100 ml,,MS2010060,,18,EA,18,,12.74,GBP,False,FULL,18
DOC-00164,HV-387284,1,ORDER,[circled photo] Mistral Hair Curl Define Cream 150 ml,,MS6040043,,2,CS,24,,18.41,GBP,False,PARTIAL,5
DOC-00164,HV-387284,2,ORDER,[circled photo] Atelier Noor Musc Blanc Eau de Parfum 50 ml,,MS3040160,,4,CS,24,,53.02,GBP,False,FULL,24
DOC-00164,HV-387284,3,ORDER,[circled photo] Lune Rouge Lip Gloss Mirror Bronze,,MS7040288,,36,EA,36,,6.65,GBP,False,FULL,36
DOC-00164,HV-387284,4,ORDER,[circled photo] Velour Cosmetics Satin Lip Colour 22 Corail,,MS4000716,,48,EA,48,,10.07,GBP,False,FULL,48
DOC-00164,HV-387284,5,ORDER,[circled photo] Atelier Noor Oud Saffron Eau de Parfum 50 ml,,MS3000150,,12,EA,12,,66.7,GBP,False,FULL,12
DOC-00164,HV-387284,6,ORDER,[circled photo] Thornfield Grooming Beard Oil 30 ml,,MS5030066,,2,CS,24,,8.03,GBP,False,FULL,24
DOC-00165,,1,ORDER,[photo] Colour Guard Shampoo,,MS6050191,,6,EA,6,,29.37,GBP,False,FULL,6
DOC-00165,,2,ORDER,[photo] Hydra Repair Conditioner,,MS6010140,,6,EA,6,,27.12,GBP,False,FULL,6
DOC-00165,,3,ORDER,[handwritten list photo] 6 x Charcoal Face 75ml,,MS5010085,,6,EA,6,,13.49,GBP,False,FULL,6
DOC-00165,,4,ORDER,[handwritten list photo] 2 x Charcoal Face 150ml,,MS5010155,,2,EA,2,,19.21,GBP,False,BACKORDER,0
DOC-00166,311/26,1,ORDER,[photo] Masque Éclat Radiance Mask,,MS1060170,,6,EA,6,,50.0,EUR,False,FULL,6
DOC-00166,311/26,2,ORDER,[photo] Musc Blanc Eau de Parfum,,MS3040160,,6,EA,6,,69.96,EUR,False,FULL,6
DOC-00166,311/26,3,ORDER,[handwritten list photo] 2 x Sérum Absolu 50ml,,MS1000210,,2,EA,2,,66.63,EUR,False,FULL,2
DOC-00166,311/26,4,ORDER,[handwritten list photo] 3 x Néroli Soleil 100ml,,MS3030152,,3,EA,3,,86.38,EUR,False,BACKORDER,0
DOC-00167,,1,ORDER,[photo] Bond Rebuild Mask,,MS6020180,,3,EA,3,,40.83,GBP,False,FULL,3
DOC-00167,,2,ORDER,[photo] Cedar Shave Cream,,MS5000191,,3,EA,3,,19.17,GBP,False,FULL,3
DOC-00167,,3,ORDER,[handwritten list photo] 12 x Colour Guard 1LSalon,,MS6050191,,12,EA,12,,29.37,GBP,False,FULL,12
DOC-00167,,4,ORDER,[handwritten list photo] 3 x Charcoal Face 75ml,,MS5010085,,3,EA,3,,13.49,GBP,False,FULL,3
DOC-00167,,5,ORDER,[handwritten list photo] 12 x Cedar Shave 75ml,,MS5000033,,12,EA,12,,12.98,GBP,False,PARTIAL,1
DOC-00168,,1,ORDER,[photo] Daily Moisturiser SPF 20,,MS5020046,,3,EA,3,,18.69,GBP,False,FULL,3
DOC-00168,,2,ORDER,[photo] Hydra Repair Shampoo,,MS6000088,,9,EA,9,,23.4,GBP,False,FULL,9
DOC-00168,,3,ORDER,[handwritten list photo] 6 x Cedar Shave 75ml,,MS5000033,,6,EA,6,,12.98,GBP,False,PARTIAL,1
DOC-00168,,4,ORDER,[handwritten list photo] 2 x Curl Define 500mlSalon,,MS6040167,,2,EA,2,,32.82,GBP,False,FULL,2
DOC-00168,,5,ORDER,[handwritten list photo] 12 x Sea Salt 150ml,,MS6030079,,12,EA,12,,19.68,GBP,False,FULL,12
DOC-00169,552/26,1,ORDER,[photo] Cuir Fumé Extrait de Parfum,,MS3050124,,6,EA,6,,176.41,EUR,False,FULL,6
DOC-00169,552/26,2,ORDER,[photo] Oud Saffron Eau de Parfum,,MS3000278,,6,EA,6,,127.76,EUR,False,FULL,6
DOC-00169,552/26,3,ORDER,[handwritten list photo] 6 x Néroli Soleil 50ml,,MS3030052,,6,EA,6,,56.04,EUR,False,FULL,6
DOC-00169,552/26,4,ORDER,[handwritten list photo] 6 x Crème Lumière 50ml,,MS1010278,,6,EA,6,,56.49,EUR,False,FULL,6
DOC-00169,552/26,5,ORDER,[handwritten list photo] 3 x Cuir Fumé 50ml,,MS3050040,,3,EA,3,,115.24,EUR,False,FULL,3
DOC-00169,552/26,6,ORDER,[handwritten list photo] 6 x Rose Ambrée 50ml,,MS3010166,,6,EA,6,,79.58,EUR,False,FULL,6
DOC-00170,ANT/PO/26/0837,1,ORDER,[inline image 1],,MS4010167,,24,EA,24,,66.83,AED,False,FULL,24
DOC-00170,ANT/PO/26/0837,2,ORDER,[inline image 2],,MS1070033,,24,EA,24,,179.27,AED,False,FULL,24
DOC-00170,ANT/PO/26/0837,3,ORDER,[inline image 3],,MS3040044,,24,EA,24,,185.42,AED,False,BACKORDER,0
DOC-00171,ANT/PO/26/0962,1,ORDER,[inline image 1],,MS1050061,,12,EA,12,,142.33,AED,False,FULL,12
DOC-00171,ANT/PO/26/0962,2,ORDER,[inline image 2],,MS1000210,,12,EA,12,,235.98,AED,False,FULL,12
DOC-00171,ANT/PO/26/0962,3,ORDER,[inline image 3],,MS1020092,,12,EA,12,,157.74,AED,False,FULL,12
DOC-00171,ANT/PO/26/0962,4,ORDER,[inline image 4],,MS4000134,,12,EA,12,,47.09,AED,False,FULL,12
DOC-00172,GR-2026-19090,1,ORDER,[inline image 1],,MS3060057,,24,EA,24,,74.78,USD,False,FULL,24
DOC-00172,GR-2026-19090,2,ORDER,[inline image 2],,MS7010115,,24,EA,24,,10.37,USD,False,FULL,24
DOC-00172,GR-2026-19090,3,ORDER,[inline image 3],,MS2000084,,24,EA,24,,24.28,USD,False,FULL,24
DOC-00173,ANT/PO/26/0282,1,ORDER,[inline image 1],,MS4030315,,12,EA,12,,39.66,AED,False,FULL,12
DOC-00173,ANT/PO/26/0282,2,ORDER,[inline image 2],,MS4030218,,12,EA,12,,35.69,AED,False,FULL,12
DOC-00173,ANT/PO/26/0282,3,ORDER,[attached photo] 12 Velvet 5WToffee,,MS4010990,,12,EA,12,,73.98,AED,False,FULL,12
DOC-00173,ANT/PO/26/0282,4,ORDER,[attached photo] 12 Satin 08Terracotta,,MS4000380,,12,EA,12,,52.41,AED,False,FULL,12
DOC-00174,ANT/PO/26/0212,1,ORDER,[inline image 1],,MS4010022,,12,EA,12,,73.32,AED,False,FULL,12
DOC-00174,ANT/PO/26/0212,2,ORDER,[inline image 2],,MS3050040,,12,EA,12,,411.53,AED,False,FULL,12
DOC-00174,ANT/PO/26/0212,3,ORDER,[attached photo] 12 Satin 25Prune,,MS4000882,,12,EA,12,,48.26,AED,False,FULL,12
DOC-00174,ANT/PO/26/0212,4,ORDER,[attached photo] 12 Soft Mauve,,MS4020252,,12,EA,12,,53.71,AED,False,FULL,12
DOC-00175,4593430858,8,CANCEL,ATELIER NOOR ROSE AMBRÉE EAU DE PARFUM 30 ML,45521514,MS3010048,,0,CA,0,54.82,54.82,USD,False,N/A,
DOC-00175,4593430858,17,CHANGE,SOLENNE PARIS LOTION ESSENTIELLE TONER 150 ML,27318510,MS1070033,,12,EA,12,46.24,46.24,USD,False,FULL,12
DOC-00176,4564830696,4,CHANGE,THORNFIELD GROOMING SPORT DEODORANT STICK 75 G,79703656,MS5050057,,48,EA,48,11.43,11.43,USD,False,FULL,48
DOC-00177,4569870757,5,CANCEL,VELOUR COSMETICS SOFT FOCUS BLUSH PEACH,45496951,MS4020080,,0,EA,0,13.7,13.7,USD,False,N/A,
DOC-00177,4569870757,12,CHANGE,KŌRI BOTANICALS GREEN TEA GEL CLEANSER 100 ML,79645282,MS2010060,,42,EA,42,15.95,15.95,USD,False,FULL,42
DOC-00177,4569870757,3,CHANGE,ATELIER NOOR VÉTIVER NOCTURNE EAU DE TOILETTE 100 ML,96155337,MS3020181,,18,EA,18,91.47,91.47,USD,False,FULL,18
DOC-00178,ANT/PO/26/0627,1,ORDER,Satin Lip Colour 30 Fuchsia (EAN 2977496499091),,MS4000958,,144,EA,144,49.74,49.74,AED,False,FULL,144
DOC-00178,ANT/PO/26/0627,2,ORDER,Oud Saffron EDP 30ml (EAN 2950142940192),,MS3000078,,48,EA,48,231.64,231.64,AED,False,FULL,48
DOC-00178,ANT/PO/26/0627,3,ORDER,Iris Poudré EDP 100ml (EAN 2928498776949),,MS3060165,,48,EA,48,417.55,417.55,AED,False,PARTIAL,2
DOC-00178,ANT/PO/26/0627,4,ORDER,Velour Cosmetics Brow Sculpt Pencil Blonde (EAN 2917187026212),,MS4030052,,144,EA,144,39.22,39.22,AED,False,PARTIAL,8
DOC-00178,ANT/PO/26/0627,5,ORDER,Solenne Paris Baume Nuit Night Balm 30ml (EAN 2972423884964),,MS1020092,,72,EA,72,157.74,157.74,AED,False,FULL,72
DOC-00178,ANT/PO/26/0627,6,ORDER,Sérum Absolu Regenerating Serum 15ml (EAN 2943321819600),,MS1000013,,36,EA,36,122.42,122.42,AED,False,FULL,36
DOC-00179,ANT/PO/26/0241,1,ORDER,Atelier Noor Oud Saffron EDP 30ml,,MS3000078,,144,EA,144,231.64,231.64,AED,False,FULL,144
DOC-00179,ANT/PO/26/0241,2,ORDER,Atelier Noor Iris Poudré EDP 50ml,,MS3060057,,48,EA,48,264.83,264.83,AED,False,FULL,48
DOC-00179,ANT/PO/26/0241,3,ORDER,Néroli Soleil EDT - 100ml (EAN 2987603669095),,MS3030152,,72,EA,72,309.38,309.38,AED,False,FULL,72
DOC-00179,ANT/PO/26/0241,4,ORDER,Velour Cosmetics Satin Lip Colour 25 Prune,,MS4000882,,72,EA,72,48.26,48.26,AED,False,FULL,72
DOC-00179,ANT/PO/26/0241,5,ORDER,Velour Cosmetics Brow Sculpt Pencil Soft Black,,MS4030315,,144,EA,144,39.66,39.66,AED,False,FULL,144
DOC-00180,ANT/PO/26/0728,8,CHANGE,Contour des Yeux Eye Cream - 15ml,,MS1040049,,24,EA,24,90.66,84.73,AED,False,FULL,24
DOC-00180,ANT/PO/26/0728,10,CANCEL,Satin Lip Colour 08 Terracotta (EAN 2955744431352),,MS4000380,,0,EA,0,52.41,52.41,AED,False,N/A,
DOC-00180,ANT/PO/26/0728,14,ADD,Atelier Noor Oud Saffron EDP 30ml,,MS3000078,,24,EA,24,,231.64,AED,False,FULL,24
DOC-00181,ANT/PO/26/0301,1,CHANGE,Brow Sculpt Pencil - Brunette (EAN 2934316117245),,MS4030218,,72,EA,72,,35.69,AED,False,FULL,72
DOC-00181,ANT/PO/26/0301,3,CANCEL,Solenne Paris Lotion Essentielle Toner 250ml (EAN 2926773602600),,MS1070140,,0,EA,0,,259.95,AED,False,N/A,
DOC-00181,ANT/PO/26/0301,7,ADD,Velour Cosmetics Brow Sculpt Pencil Blonde,,MS4030052,,24,EA,24,,39.22,AED,False,PARTIAL,8
DOC-00182,GR-2026-90540,1,ORDER,ATELIER NOOR ROSE AMBRÉE EAU DE PARFUM 100 ML,2943320037913,MS3010240,,6,EA,6,125.19,125.19,USD,False,FULL,6
DOC-00182,GR-2026-90540,2,ORDER,LUNE ROUGE LIP GLOSS MIRROR CLEAR (2024 PACK),2930515220472,MS7840059,MS7040059,72,EA,72,8.72,8.72,USD,False,SUBSTITUTE,72
DOC-00182,GR-2026-90540,3,ORDER,OVERNIGHT PEEL PADS,2940500750713,UNRESOLVABLE,,12,EA,12,61.43,,USD,False,N/A,
DOC-00182,GR-2026-90540,4,ORDER,VELOUR COSMETICS SATIN LIP COLOUR 08 TERRACOTTA,2955744431352,MS4000380,,96,EA,96,14.25,14.25,USD,False,FULL,96
DOC-00182,GR-2026-90540,5,ORDER,VELOUR COSMETICS VELVET MATTE FOUNDATION 30 ML 5N AMBER,2980876038599,MS4010861,,48,EA,48,18.61,18.61,USD,False,FULL,48
DOC-00182,GR-2026-90540,6,ORDER,ATELIER NOOR OUD SAFFRON EAU DE PARFUM 100 ML PROMO - NO CHARGE,2935615951486,MS3000278,,60,EA,60,0.0,0.0,USD,True,FULL,60
DOC-00182,GR-2026-90540,7,ORDER,KŌRI BOTANICALS CAMELLIA BARRIER CREAM 100 ML,2944935348746,MS2020129,,18,EA,18,33.62,33.62,USD,False,FULL,18
DOC-00182,GR-2026-90540,8,ORDER,ATELIER NOOR MUSC BLANC EAU DE PARFUM 100 ML,2975564641700,MS3040237,,18,EA,18,103.6,103.6,USD,False,FULL,18
DOC-00182,GR-2026-90540,9,ORDER,VELOUR COSMETICS SATIN LIP COLOUR 01 NUDE SILK,2927354549482,MS4000051,,24,EA,24,12.87,12.87,USD,False,FULL,24
DOC-00182,GR-2026-90540,10,ORDER,LUNE ROUGE LACQUER NAIL COLOUR 135 LILAC,2914767976431,MS7000716,,12,EA,12,6.86,6.86,USD,False,FULL,12
DOC-00182,GR-2026-90540,11,ORDER,LUNE ROUGE LACQUER NAIL COLOUR 130 CORAL REEF,2925459910220,MS7000653,,120,EA,120,6.44,6.44,USD,False,FULL,120
DOC-00182,GR-2026-90540,12,ORDER,THORNFIELD GROOMING CHARCOAL FACE WASH 150 ML,2994406409094,MS5010155,,48,EA,48,23.69,23.69,USD,False,FULL,48
DOC-00182,GR-2026-90540,13,ORDER,THORNFIELD GROOMING BEARD OIL 30 ML,2909521456236,MS5030066,,96,EA,96,10.6,10.6,USD,False,PARTIAL,5
DOC-00183,GR-2026-13506,1,ORDER,LUNE ROUGE PRECISION LIQUID EYELINER BLACK,2922683885164,MS7010065,,120,EA,120,9.35,9.35,USD,False,FULL,120
DOC-00183,GR-2026-13506,2,ORDER,DISCOVERY COFFRET 5X10ML,2926814535679,UNRESOLVABLE,,12,EA,12,44.91,,USD,False,N/A,
DOC-00183,GR-2026-13506,3,ORDER,KŌRI BOTANICALS HINOKI CALMING TONER 100 ML,2904505331585,MS2040026,,6,EA,6,22.45,19.52,USD,False,FULL,6
DOC-00183,GR-2026-13506,4,ORDER,LUNE ROUGE GLOW HIGHLIGHTER MOONSTONE,2912779979952,MS7030029,,24,EA,24,11.81,11.81,USD,False,FULL,24
DOC-00183,GR-2026-13506,5,ORDER,THORNFIELD GROOMING POST-SHAVE BALM 75 ML,2958842474511,MS5040079,,12,EA,12,18.15,18.15,USD,False,FULL,12
DOC-00183,GR-2026-13506,6,ORDER,THORNFIELD GROOMING CHARCOAL FACE WASH 150 ML,2994406409094,MS5010155,,96,EA,96,23.69,23.69,USD,False,FULL,96
DOC-00183,GR-2026-13506,7,ORDER,VELOUR COSMETICS BROW SCULPT PENCIL SOFT BLACK,2950455623867,MS4030315,,96,EA,96,10.84,10.84,USD,False,FULL,96
DOC-00183,GR-2026-13506,8,ORDER,ATELIER NOOR MUSC BLANC EAU DE PARFUM 100 ML PROMO - NO CHARGE,2975564641700,MS3040237,,18,EA,18,0.0,0.0,USD,True,FULL,18
DOC-00183,GR-2026-13506,9,ORDER,VELOUR COSMETICS SATIN LIP COLOUR 22 CORAIL,2947116719021,MS4000716,,48,EA,48,13.23,13.23,USD,False,FULL,48
DOC-00183,GR-2026-13506,10,ORDER,THORNFIELD GROOMING CHARCOAL FACE WASH 75 ML,2946474367134,MS5010085,,72,EA,72,16.65,16.65,USD,False,FULL,72
DOC-00183,GR-2026-13506,11,ORDER,THORNFIELD GROOMING DAILY MOISTURISER SPF 20 75 ML,2939533942106,MS5020046,,24,EA,24,22.81,22.81,USD,False,FULL,24
DOC-00183,GR-2026-13506,12,ORDER,VELOUR COSMETICS SATIN LIP COLOUR 08 TERRACOTTA,2955744431352,MS4000380,,12,EA,12,14.25,14.25,USD,False,FULL,12
DOC-00184,GR-2026-58265,1,ORDER,VELOUR COSMETICS BROW SCULPT PENCIL SOFT BLACK,2950455623867,MS4030315,,36,EA,36,10.84,10.84,USD,False,FULL,36
DOC-00184,GR-2026-58265,2,ORDER,KŌRI BOTANICALS YUZU BRIGHTENING ESSENCE 200 ML (2024 PACK),2989861434101,MS2800215,MS2000215,6,EA,6,53.44,53.44,USD,False,SUBSTITUTE,6
DOC-00184,GR-2026-58265,3,ORDER,ATELIER NOOR IRIS POUDRÉ EAU DE PARFUM 50 ML,2918506716579,MS3060057,,18,EA,18,74.78,74.78,USD,False,FULL,18
DOC-00184,GR-2026-58265,4,ORDER,VELOUR COSMETICS SATIN LIP COLOUR 03 PETAL (2024 PACK),2955719285652,MS4800134,MS4000134,24,EA,24,12.82,12.82,USD,False,SUBSTITUTE,24
DOC-00184,GR-2026-58265,5,ORDER,LUNE ROUGE LIP GLOSS MIRROR CLEAR,2979807935977,MS7040059,,36,EA,36,8.72,8.72,USD,False,FULL,36
DOC-00184,GR-2026-58265,6,ORDER,ATELIER NOOR VÉTIVER NOCTURNE EAU DE TOILETTE 50 ML,2928708317276,MS3020038,,18,EA,18,62.12,62.12,USD,False,PARTIAL,2
DOC-00184,GR-2026-58265,7,ORDER,THORNFIELD GROOMING CHARCOAL FACE WASH 150 ML,2994406409094,MS5010155,,12,EA,12,23.69,23.69,USD,False,FULL,12
DOC-00184,GR-2026-58265,8,ORDER,THORNFIELD GROOMING POST-SHAVE BALM 150 ML,2923685160488,MS5040119,,120,EA,120,31.43,28.57,USD,False,FULL,120
DOC-00184,GR-2026-58265,9,ORDER,LUNE ROUGE PRECISION LIQUID EYELINER BROWN,2960715969666,MS7010115,,72,EA,72,10.37,10.37,USD,False,FULL,72
DOC-00184,GR-2026-58265,10,ORDER,KŌRI BOTANICALS HINOKI CALMING TONER 200 ML,2992322602568,MS2040162,,24,EA,24,31.27,31.27,USD,False,BACKORDER,0
DOC-00184,GR-2026-58265,11,ORDER,VELOUR COSMETICS SATIN LIP COLOUR 22 CORAIL PROMO - NO CHARGE,2947116719021,MS4000716,,12,EA,12,0.0,0.0,USD,True,FULL,12
DOC-00184,GR-2026-58265,12,ORDER,KŌRI BOTANICALS SAKURA DEW SLEEPING MASK 100 ML (2024 PACK),2951531952055,MS2850139,MS2050139,6,EA,6,27.28,27.28,USD,False,SUBSTITUTE,6
DOC-00184,GR-2026-58265,13,ORDER,THORNFIELD GROOMING CEDAR SHAVE CREAM 150 ML,2947407482177,MS5000191,,120,EA,120,23.02,23.02,USD,False,FULL,120
